Year,Month,Day,Actual Day 1,Actual Day 2,Actual Day 3,Actual Day 4,Actual Day 5,Actual Day 6,Actual Day 7,Actual Day 8,Actual Day 9,Actual Day 10,Actual Day 11,Actual Day 12,Actual Day 13,Actual Day 14,Actual Day 15,Actual Day 16,Actual Day 17,Actual Day 18,Actual Day 19,Actual Day 20
2019,1,11,43.5,43.5,43.5,43.5,43.5,43.5,43.5,43.5,43.5,43.5,43.5,43.5,43.5,43.5,43.5,43.5,43.5,43.5,43.5,43.5
2019,1,16,73.5,73.5,73.5,73.5,73.5,73.5,73.5,73.5,73.5,73.5,73.5,73.5,73.5,73.5,73.5,73.5,73.5,73.5,73.5,73.5
2019,1,21,43.3,43.3,43.3,43.3,43.3,43.3,43.3,43.3,43.3,43.3,43.3,43.3,43.3,43.3,43.3,43.3,43.3,43.3,43.3,43.3
2019,1,22,44.0,44.0,44.0,44.0,44.0,44.0,44.0,44.0,44.0,44.0,44.0,44.0,44.0,44.0,44.0,44.0,44.0,44.0,44.0,44.0
2019,1,23,43.0,43.0,43.0,43.0,43.0,43.0,43.0,43.0,43.0,43.0,43.0,43.0,43.0,43.0,43.0,43.0,43.0,43.0,43.0,43.0
2019,1,24,43.2,43.2,43.2,43.2,43.2,43.2,43.2,43.2,43.2,43.2,43.2,43.2,43.2,43.2,43.2,43.2,43.2,43.2,43.2,43.2
2019,1,28,74.5,74.5,74.5,74.5,74.5,74.5,74.5,74.5,74.5,74.5,74.5,74.5,74.5,74.5,74.5,74.5,74.5,74.5,74.5,74.5
2019,1,29,44.0,44.0,44.0,44.0,44.0,44.0,44.0,44.0,44.0,44.0,44.0,44.0,44.0,44.0,44.0,44.0,44.0,44.0,44.0,44.0
2019,1,30,44.0,44.0,44.0,44.0,44.0,44.0,44.0,44.0,44.0,44.0,44.0,44.0,44.0,44.0,44.0,44.0,44.0,44.0,44.0,44.0
2019,2,1,44.0,44.0,44.0,44.0,44.0,44.0,44.0,44.0,44.0,44.0,44.0,44.0,44.0,44.0,44.0,44.0,44.0,44.0,44.0,44.0
2019,2,8,43.1,43.1,43.1,43.1,43.1,43.1,43.1,43.1,43.1,43.1,43.1,43.1,43.1,43.1,43.1,43.1,43.1,43.1,43.1,43.1
2019,2,11,44.5,44.5,44.5,44.5,44.5,44.5,44.5,44.5,44.5,44.5,44.5,44.5,44.5,44.5,44.5,44.5,44.5,44.5,44.5,44.5
2019,2,11,71.1,71.1,71.1,71.1,71.1,71.1,71.1,71.1,71.1,71.1,71.1,71.1,71.1,71.1,71.1,71.1,71.1,71.1,71.1,71.1
2019,2,13,43.0,43.0,43.0,43.0,43.0,43.0,43.0,43.0,43.0,43.0,43.0,43.0,43.0,43.0,43.0,43.0,43.0,43.0,43.0,43.0
2019,2,14,70.7,70.7,70.7,70.7,70.7,70.7,70.7,70.7,70.7,70.7,70.7,70.7,70.7,70.7,70.7,70.7,70.7,70.7,70.7,70.7
2019,2,15,70.3,70.3,70.3,70.3,70.3,70.3,70.3,70.3,70.3,70.3,70.3,70.3,70.3,70.3,70.3,70.3,70.3,70.3,70.3,70.3
2019,2,20,69.0,69.0,69.0,69.0,69.0,69.0,69.0,69.0,69.0,69.0,69.0,69.0,69.0,69.0,69.0,69.0,69.0,69.0,69.0,69.0
2019,2,22,40.1,40.1,40.1,40.1,40.1,40.1,40.1,40.1,40.1,40.1,40.1,40.1,40.1,40.1,40.1,40.1,40.1,40.1,40.1,40.1
2019,2,26,64.5,64.5,64.5,64.5,64.5,64.5,64.5,64.5,64.5,64.5,64.5,64.5,64.5,64.5,64.5,64.5,64.5,64.5,64.5,64.5
2019,2,27,38.5,38.5,38.5,38.5,38.5,38.5,38.5,38.5,38.5,38.5,38.5,38.5,38.5,38.5,38.5,38.5,38.5,38.5,38.5,38.5
2019,2,28,39.8,39.8,39.8,39.8,39.8,39.8,39.8,39.8,39.8,39.8,39.8,39.8,39.8,39.8,39.8,39.8,39.8,39.8,39.8,39.8
2019,3,1,40.0,40.0,40.0,40.0,40.0,40.0,40.0,40.0,40.0,40.0,40.0,40.0,40.0,40.0,40.0,40.0,40.0,40.0,40.0,40.0
2019,3,5,39.9,39.9,39.9,39.9,39.9,39.9,39.9,39.9,39.9,39.9,39.9,39.9,39.9,39.9,39.9,39.9,39.9,39.9,39.9,39.9
2019,3,5,65.7,65.7,65.7,65.7,65.7,65.7,65.7,65.7,65.7,65.7,65.7,65.7,65.7,65.7,65.7,65.7,65.7,65.7,65.7,65.7
2019,3,6,39.7,39.7,39.7,39.7,39.7,39.7,39.7,39.7,39.7,39.7,39.7,39.7,39.7,39.7,39.7,39.7,39.7,39.7,39.7,39.7
2019,3,8,38.5,38.5,38.5,38.5,38.5,38.5,38.5,38.5,38.5,38.5,38.5,38.5,38.5,38.5,38.5,38.5,38.5,38.5,38.5,38.5
2019,3,11,61.9,61.9,61.9,61.9,61.9,61.9,61.9,61.9,61.9,61.9,61.9,61.9,61.9,61.9,61.9,61.9,61.9,61.9,61.9,61.9
2019,3,14,63.7,63.7,63.7,63.7,63.7,63.7,63.7,63.7,63.7,63.7,63.7,63.7,63.7,63.7,63.7,63.7,63.7,63.7,63.7,63.7
2019,3,14,39.5,39.5,39.5,39.5,39.5,39.5,39.5,39.5,39.5,39.5,39.5,39.5,39.5,39.5,39.5,39.5,39.5,39.5,39.5,39.5
2019,3,18,63.7,63.7,63.7,63.7,63.7,63.7,63.7,63.7,63.7,63.7,63.7,63.7,63.7,63.7,63.7,63.7,63.7,63.7,63.7,63.7
2019,3,21,37.0,37.0,37.0,37.0,37.0,37.0,37.0,37.0,37.0,37.0,37.0,37.0,37.0,37.0,37.0,37.0,37.0,37.0,37.0,37.0
2019,3,25,59.3,59.3,59.3,59.3,59.3,59.3,59.3,59.3,59.3,59.3,59.3,59.3,59.3,59.3,59.3,59.3,59.3,59.3,59.3,59.3
2019,3,27,57.0,57.0,57.0,57.0,57.0,57.0,57.0,57.0,57.0,57.0,57.0,57.0,57.0,57.0,57.0,57.0,57.0,57.0,57.0,57.0
2019,3,27,35.5,35.5,35.5,35.5,35.5,35.5,35.5,35.5,35.5,35.5,35.5,35.5,35.5,35.5,35.5,35.5,35.5,35.5,35.5,35.5
2019,4,1,61.3,61.3,61.3,61.3,61.3,61.3,61.3,61.3,61.3,61.3,61.3,61.3,61.3,61.3,61.3,61.3,61.3,61.3,61.3,61.3
2019,4,3,61.6,61.6,61.6,61.6,61.6,61.6,61.6,61.6,61.6,61.6,61.6,61.6,61.6,61.6,61.6,61.6,61.6,61.6,61.6,61.6
2019,4,4,64.6,64.6,64.6,64.6,64.6,64.6,64.6,64.6,64.6,64.6,64.6,64.6,64.6,64.6,64.6,64.6,64.6,64.6,64.6,64.6
2019,4,8,61.6,61.6,61.6,61.6,61.6,61.6,61.6,61.6,61.6,61.6,61.6,61.6,61.6,61.6,61.6,61.6,61.6,61.6,61.6,61.6
2019,4,9,37.7,37.7,37.7,37.7,37.7,37.7,37.7,37.7,37.7,37.7,37.7,37.7,37.7,37.7,37.7,37.7,37.7,37.7,37.7,37.7
2019,4,10,62.0,62.0,62.0,62.0,62.0,62.0,62.0,62.0,62.0,62.0,62.0,62.0,62.0,62.0,62.0,62.0,62.0,62.0,62.0,62.0
2019,4,11,38.1,38.1,38.1,38.1,38.1,38.1,38.1,38.1,38.1,38.1,38.1,38.1,38.1,38.1,38.1,38.1,38.1,38.1,38.1,38.1
2019,4,12,63.9,63.9,63.9,63.9,63.9,63.9,63.9,63.9,63.9,63.9,63.9,63.9,63.9,63.9,63.9,63.9,63.9,63.9,63.9,63.9
2019,4,16,38.0,38.0,38.0,38.0,38.0,38.0,38.0,38.0,38.0,38.0,38.0,38.0,38.0,38.0,38.0,38.0,38.0,38.0,38.0,38.0
2019,4,23,58.1,58.1,58.1,58.1,58.1,58.1,58.1,58.1,58.1,58.1,58.1,58.1,58.1,58.1,58.1,58.1,58.1,58.1,58.1,58.1
2019,4,29,57.1,57.1,57.1,57.1,57.1,57.1,57.1,57.1,57.1,57.1,57.1,57.1,57.1,57.1,57.1,57.1,57.1,57.1,57.1,57.1
2019,4,29,36.0,36.0,36.0,36.0,36.0,36.0,36.0,36.0,36.0,36.0,36.0,36.0,36.0,36.0,36.0,36.0,36.0,36.0,36.0,36.0
2019,5,9,31.7,31.7,31.7,31.7,31.7,31.7,31.7,31.7,31.7,31.7,31.7,31.7,31.7,31.7,31.7,31.7,31.7,31.7,31.7,31.7
2019,5,15,30.9,30.9,30.9,30.9,30.9,30.9,30.9,30.9,30.9,30.9,30.9,30.9,30.9,30.9,30.9,30.9,30.9,30.9,30.9,30.9
2019,5,21,53.2,53.2,53.2,53.2,53.2,53.2,53.2,53.2,53.2,53.2,53.2,53.2,53.2,53.2,53.2,53.2,53.2,53.2,53.2,53.2
2019,5,21,31.0,31.0,31.0,31.0,31.0,31.0,31.0,31.0,31.0,31.0,31.0,31.0,31.0,31.0,31.0,31.0,31.0,31.0,31.0,31.0
2019,5,24,31.0,31.0,31.0,31.0,31.0,31.0,31.0,31.0,31.0,31.0,31.0,31.0,31.0,31.0,31.0,31.0,31.0,31.0,31.0,31.0
2019,5,28,49.9,49.9,49.9,49.9,49.9,49.9,49.9,49.9,49.9,49.9,49.9,49.9,49.9,49.9,49.9,49.9,49.9,49.9,49.9,49.9
2019,5,29,50.0,50.0,50.0,50.0,50.0,50.0,50.0,50.0,50.0,50.0,50.0,50.0,50.0,50.0,50.0,50.0,50.0,50.0,50.0,50.0
2019,5,29,31.0,31.0,31.0,31.0,31.0,31.0,31.0,31.0,31.0,31.0,31.0,31.0,31.0,31.0,31.0,31.0,31.0,31.0,31.0,31.0
2019,5,30,50.0,50.0,50.0,50.0,50.0,50.0,50.0,50.0,50.0,50.0,50.0,50.0,50.0,50.0,50.0,50.0,50.0,50.0,50.0,50.0
2019,5,31,31.1,31.1,31.1,31.1,31.1,31.1,31.1,31.1,31.1,31.1,31.1,31.1,31.1,31.1,31.1,31.1,31.1,31.1,31.1,31.1
2019,5,31,49.5,49.5,49.5,49.5,49.5,49.5,49.5,49.5,49.5,49.5,49.5,49.5,49.5,49.5,49.5,49.5,49.5,49.5,49.5,49.5
2019,6,6,49.2,49.2,49.2,49.2,49.2,49.2,49.2,49.2,49.2,49.2,49.2,49.2,49.2,49.2,49.2,49.2,49.2,49.2,49.2,49.2
2019,6,6,30.2,30.2,30.2,30.2,30.2,30.2,30.2,30.2,30.2,30.2,30.2,30.2,30.2,30.2,30.2,30.2,30.2,30.2,30.2,30.2
2019,6,10,48.8,48.8,48.8,48.8,48.8,48.8,48.8,48.8,48.8,48.8,48.8,48.8,48.8,48.8,48.8,48.8,48.8,48.8,48.8,48.8
2019,6,12,50.1,50.1,50.1,50.1,50.1,50.1,50.1,50.1,50.1,50.1,50.1,50.1,50.1,50.1,50.1,50.1,50.1,50.1,50.1,50.1
2019,6,14,50.0,50.0,50.0,50.0,50.0,50.0,50.0,50.0,50.0,50.0,50.0,50.0,50.0,50.0,50.0,50.0,50.0,50.0,50.0,50.0
2019,6,17,50.0,50.0,50.0,50.0,50.0,50.0,50.0,50.0,50.0,50.0,50.0,50.0,50.0,50.0,50.0,50.0,50.0,50.0,50.0,50.0
2019,6,17,32.0,32.0,32.0,32.0,32.0,32.0,32.0,32.0,32.0,32.0,32.0,32.0,32.0,32.0,32.0,32.0,32.0,32.0,32.0,32.0
2019,6,19,32.2,32.2,32.2,32.2,32.2,32.2,32.2,32.2,32.2,32.2,32.2,32.2,32.2,32.2,32.2,32.2,32.2,32.2,32.2,32.2
2019,6,20,51.8,51.8,51.8,51.8,51.8,51.8,51.8,51.8,51.8,51.8,51.8,51.8,51.8,51.8,51.8,51.8,51.8,51.8,51.8,51.8
2019,6,21,50.0,50.0,50.0,50.0,50.0,50.0,50.0,50.0,50.0,50.0,50.0,50.0,50.0,50.0,50.0,50.0,50.0,50.0,50.0,50.0
2019,6,24,31.5,31.5,31.5,31.5,31.5,31.5,31.5,31.5,31.5,31.5,31.5,31.5,31.5,31.5,31.5,31.5,31.5,31.5,31.5,31.5
2019,6,24,51.9,51.9,51.9,51.9,51.9,51.9,51.9,51.9,51.9,51.9,51.9,51.9,51.9,51.9,51.9,51.9,51.9,51.9,51.9,51.9
2019,6,25,50.0,50.0,50.0,50.0,50.0,50.0,50.0,50.0,50.0,50.0,50.0,50.0,50.0,50.0,50.0,50.0,50.0,50.0,50.0,50.0
2019,6,25,31.5,31.5,31.5,31.5,31.5,31.5,31.5,31.5,31.5,31.5,31.5,31.5,31.5,31.5,31.5,31.5,31.5,31.5,31.5,31.5
2019,6,26,51.5,51.5,51.5,51.5,51.5,51.5,51.5,51.5,51.5,51.5,51.5,51.5,51.5,51.5,51.5,51.5,51.5,51.5,51.5,51.5
2019,7,1,30.5,30.5,30.5,30.5,30.5,30.5,30.5,30.5,30.5,30.5,30.5,30.5,30.5,30.5,30.5,30.5,30.5,30.5,30.5,30.5
2019,7,2,32.0,32.0,32.0,32.0,32.0,32.0,32.0,32.0,32.0,32.0,32.0,32.0,32.0,32.0,32.0,32.0,32.0,32.0,32.0,32.0
2019,7,2,51.2,51.2,51.2,51.2,51.2,51.2,51.2,51.2,51.2,51.2,51.2,51.2,51.2,51.2,51.2,51.2,51.2,51.2,51.2,51.2
2019,7,3,32.5,32.5,32.5,32.5,32.5,32.5,32.5,32.5,32.5,32.5,32.5,32.5,32.5,32.5,32.5,32.5,32.5,32.5,32.5,32.5
2019,7,5,53.6,53.6,53.6,53.6,53.6,53.6,53.6,53.6,53.6,53.6,53.6,53.6,53.6,53.6,53.6,53.6,53.6,53.6,53.6,53.6
2019,7,9,34.6,34.6,34.6,34.6,34.6,34.6,34.6,34.6,34.6,34.6,34.6,34.6,34.6,34.6,34.6,34.6,34.6,34.6,34.6,34.6
2019,7,9,55.1,55.1,55.1,55.1,55.1,55.1,55.1,55.1,55.1,55.1,55.1,55.1,55.1,55.1,55.1,55.1,55.1,55.1,55.1,55.1
2019,7,10,34.6,34.6,34.6,34.6,34.6,34.6,34.6,34.6,34.6,34.6,34.6,34.6,34.6,34.6,34.6,34.6,34.6,34.6,34.6,34.6
2019,7,11,34.5,34.5,34.5,34.5,34.5,34.5,34.5,34.5,34.5,34.5,34.5,34.5,34.5,34.5,34.5,34.5,34.5,34.5,34.5,34.5
2019,7,15,55.1,55.1,55.1,55.1,55.1,55.1,55.1,55.1,55.1,55.1,55.1,55.1,55.1,55.1,55.1,55.1,55.1,55.1,55.1,55.1
2019,7,17,35.0,35.0,35.0,35.0,35.0,35.0,35.0,35.0,35.0,35.0,35.0,35.0,35.0,35.0,35.0,35.0,35.0,35.0,35.0,35.0
2019,7,17,59.9,59.9,59.9,59.9,59.9,59.9,59.9,59.9,59.9,59.9,59.9,59.9,59.9,59.9,59.9,59.9,59.9,59.9,59.9,59.9
2019,7,23,63.0,63.0,63.0,63.0,63.0,63.0,63.0,63.0,63.0,63.0,63.0,63.0,63.0,63.0,63.0,63.0,63.0,63.0,63.0,63.0
2019,7,25,38.9,38.9,38.9,38.9,38.9,38.9,38.9,38.9,38.9,38.9,38.9,38.9,38.9,38.9,38.9,38.9,38.9,38.9,38.9,38.9
2019,7,25,70.3,70.3,70.3,70.3,70.3,70.3,70.3,70.3,70.3,70.3,70.3,70.3,70.3,70.3,70.3,70.3,70.3,70.3,70.3,70.3
2019,7,26,39.1,39.1,39.1,39.1,39.1,39.1,39.1,39.1,39.1,39.1,39.1,39.1,39.1,39.1,39.1,39.1,39.1,39.1,39.1,39.1
2019,7,29,74.6,74.6,74.6,74.6,74.6,74.6,74.6,74.6,74.6,74.6,74.6,74.6,74.6,74.6,74.6,74.6,74.6,74.6,74.6,74.6
2019,7,31,39.7,39.7,39.7,39.7,39.7,39.7,39.7,39.7,39.7,39.7,39.7,39.7,39.7,39.7,39.7,39.7,39.7,39.7,39.7,39.7
2019,8,1,74.7,74.7,74.7,74.7,74.7,74.7,74.7,74.7,74.7,74.7,74.7,74.7,74.7,74.7,74.7,74.7,74.7,74.7,74.7,74.7
2019,8,2,75.0,75.0,75.0,75.0,75.0,75.0,75.0,75.0,75.0,75.0,75.0,75.0,75.0,75.0,75.0,75.0,75.0,75.0,75.0,75.0
2019,8,7,70.4,70.4,70.4,70.4,70.4,70.4,70.4,70.4,70.4,70.4,70.4,70.4,70.4,70.4,70.4,70.4,70.4,70.4,70.4,70.4
2019,8,13,40.0,40.0,40.0,40.0,40.0,40.0,40.0,40.0,40.0,40.0,40.0,40.0,40.0,40.0,40.0,40.0,40.0,40.0,40.0,40.0
2019,8,15,39.0,39.0,39.0,39.0,39.0,39.0,39.0,39.0,39.0,39.0,39.0,39.0,39.0,39.0,39.0,39.0,39.0,39.0,39.0,39.0
2019,8,16,70.0,70.0,70.0,70.0,70.0,70.0,70.0,70.0,70.0,70.0,70.0,70.0,70.0,70.0,70.0,70.0,70.0,70.0,70.0,70.0
2019,8,19,67.0,67.0,67.0,67.0,67.0,67.0,67.0,67.0,67.0,67.0,67.0,67.0,67.0,67.0,67.0,67.0,67.0,67.0,67.0,67.0
2019,8,19,39.7,39.7,39.7,39.7,39.7,39.7,39.7,39.7,39.7,39.7,39.7,39.7,39.7,39.7,39.7,39.7,39.7,39.7,39.7,39.7
2019,8,20,39.7,39.7,39.7,39.7,39.7,39.7,39.7,39.7,39.7,39.7,39.7,39.7,39.7,39.7,39.7,39.7,39.7,39.7,39.7,39.7
2019,8,21,39.8,39.8,39.8,39.8,39.8,39.8,39.8,39.8,39.8,39.8,39.8,39.8,39.8,39.8,39.8,39.8,39.8,39.8,39.8,39.8
2019,8,22,40.0,40.0,40.0,40.0,40.0,40.0,40.0,40.0,40.0,40.0,40.0,40.0,40.0,40.0,40.0,40.0,40.0,40.0,40.0,40.0
2019,8,23,70.0,70.0,70.0,70.0,70.0,70.0,70.0,70.0,70.0,70.0,70.0,70.0,70.0,70.0,70.0,70.0,70.0,70.0,70.0,70.0
2019,8,23,40.0,40.0,40.0,40.0,40.0,40.0,40.0,40.0,40.0,40.0,40.0,40.0,40.0,40.0,40.0,40.0,40.0,40.0,40.0,40.0
2019,8,26,68.3,68.3,68.3,68.3,68.3,68.3,68.3,68.3,68.3,68.3,68.3,68.3,68.3,68.3,68.3,68.3,68.3,68.3,68.3,68.3
2019,8,27,70.0,70.0,70.0,70.0,70.0,70.0,70.0,70.0,70.0,70.0,70.0,70.0,70.0,70.0,70.0,70.0,70.0,70.0,70.0,70.0
2019,8,28,39.2,39.2,39.2,39.2,39.2,39.2,39.2,39.2,39.2,39.2,39.2,39.2,39.2,39.2,39.2,39.2,39.2,39.2,39.2,39.2
2019,8,29,39.1,39.1,39.1,39.1,39.1,39.1,39.1,39.1,39.1,39.1,39.1,39.1,39.1,39.1,39.1,39.1,39.1,39.1,39.1,39.1
2019,8,29,70.0,70.0,70.0,70.0,70.0,70.0,70.0,70.0,70.0,70.0,70.0,70.0,70.0,70.0,70.0,70.0,70.0,70.0,70.0,70.0
2019,8,30,70.0,70.0,70.0,70.0,70.0,70.0,70.0,70.0,70.0,70.0,70.0,70.0,70.0,70.0,70.0,70.0,70.0,70.0,70.0,70.0
2019,8,30,39.4,39.4,39.4,39.4,39.4,39.4,39.4,39.4,39.4,39.4,39.4,39.4,39.4,39.4,39.4,39.4,39.4,39.4,39.4,39.4
2019,9,3,37.7,37.7,37.7,37.7,37.7,37.7,37.7,37.7,37.7,37.7,37.7,37.7,37.7,37.7,37.7,37.7,37.7,37.7,37.7,37.7
2019,9,3,69.5,69.5,69.5,69.5,69.5,69.5,69.5,69.5,69.5,69.5,69.5,69.5,69.5,69.5,69.5,69.5,69.5,69.5,69.5,69.5
2019,9,4,36.9,36.9,36.9,36.9,36.9,36.9,36.9,36.9,36.9,36.9,36.9,36.9,36.9,36.9,36.9,36.9,36.9,36.9,36.9,36.9
2019,9,4,68.2,68.2,68.2,68.2,68.2,68.2,68.2,68.2,68.2,68.2,68.2,68.2,68.2,68.2,68.2,68.2,68.2,68.2,68.2,68.2
2019,9,5,68.5,68.5,68.5,68.5,68.5,68.5,68.5,68.5,68.5,68.5,68.5,68.5,68.5,68.5,68.5,68.5,68.5,68.5,68.5,68.5
2019,9,5,37.0,37.0,37.0,37.0,37.0,37.0,37.0,37.0,37.0,37.0,37.0,37.0,37.0,37.0,37.0,37.0,37.0,37.0,37.0,37.0
2019,9,9,52.7,52.7,52.7,52.7,52.7,52.7,52.7,52.7,52.7,52.7,52.7,52.7,52.7,52.7,52.7,52.7,52.7,52.7,52.7,52.7
2019,9,10,29.7,29.7,29.7,29.7,29.7,29.7,29.7,29.7,29.7,29.7,29.7,29.7,29.7,29.7,29.7,29.7,29.7,29.7,29.7,29.7
2019,9,11,52.0,52.0,52.0,52.0,52.0,52.0,52.0,52.0,52.0,52.0,52.0,52.0,52.0,52.0,52.0,52.0,52.0,52.0,52.0,52.0
2019,9,11,29.3,29.3,29.3,29.3,29.3,29.3,29.3,29.3,29.3,29.3,29.3,29.3,29.3,29.3,29.3,29.3,29.3,29.3,29.3,29.3
2019,9,17,51.9,51.9,51.9,51.9,51.9,51.9,51.9,51.9,51.9,51.9,51.9,51.9,51.9,51.9,51.9,51.9,51.9,51.9,51.9,51.9
2019,9,18,29.7,29.7,29.7,29.7,29.7,29.7,29.7,29.7,29.7,29.7,29.7,29.7,29.7,29.7,29.7,29.7,29.7,29.7,29.7,29.7
2019,9,24,29.6,29.6,29.6,29.6,29.6,29.6,29.6,29.6,29.6,29.6,29.6,29.6,29.6,29.6,29.6,29.6,29.6,29.6,29.6,29.6
2019,10,1,28.8,28.8,28.8,28.8,28.8,28.8,28.8,28.8,28.8,28.8,28.8,28.8,28.8,28.8,28.8,28.8,28.8,28.8,28.8,28.8
2019,10,2,28.0,28.0,28.0,28.0,28.0,28.0,28.0,28.0,28.0,28.0,28.0,28.0,28.0,28.0,28.0,28.0,28.0,28.0,28.0,28.0
2019,10,7,51.3,51.3,51.3,51.3,51.3,51.3,51.3,51.3,51.3,51.3,51.3,51.3,51.3,51.3,51.3,51.3,51.3,51.3,51.3,51.3
2019,10,8,28.9,28.9,28.9,28.9,28.9,28.9,28.9,28.9,28.9,28.9,28.9,28.9,28.9,28.9,28.9,28.9,28.9,28.9,28.9,28.9
2019,10,8,51.8,51.8,51.8,51.8,51.8,51.8,51.8,51.8,51.8,51.8,51.8,51.8,51.8,51.8,51.8,51.8,51.8,51.8,51.8,51.8
2019,10,9,29.6,29.6,29.6,29.6,29.6,29.6,29.6,29.6,29.6,29.6,29.6,29.6,29.6,29.6,29.6,29.6,29.6,29.6,29.6,29.6
2019,10,9,53.0,53.0,53.0,53.0,53.0,53.0,53.0,53.0,53.0,53.0,53.0,53.0,53.0,53.0,53.0,53.0,53.0,53.0,53.0,53.0
2019,10,14,56.7,56.7,56.7,56.7,56.7,56.7,56.7,56.7,56.7,56.7,56.7,56.7,56.7,56.7,56.7,56.7,56.7,56.7,56.7,56.7
2019,10,15,55.0,55.0,55.0,55.0,55.0,55.0,55.0,55.0,55.0,55.0,55.0,55.0,55.0,55.0,55.0,55.0,55.0,55.0,55.0,55.0
2019,10,17,55.1,55.1,55.1,55.1,55.1,55.1,55.1,55.1,55.1,55.1,55.1,55.1,55.1,55.1,55.1,55.1,55.1,55.1,55.1,55.1
2019,10,18,54.5,54.5,54.5,54.5,54.5,54.5,54.5,54.5,54.5,54.5,54.5,54.5,54.5,54.5,54.5,54.5,54.5,54.5,54.5,54.5
2019,10,18,32.3,32.3,32.3,32.3,32.3,32.3,32.3,32.3,32.3,32.3,32.3,32.3,32.3,32.3,32.3,32.3,32.3,32.3,32.3,32.3
2019,10,23,55.0,55.0,55.0,55.0,55.0,55.0,55.0,55.0,55.0,55.0,55.0,55.0,55.0,55.0,55.0,55.0,55.0,55.0,55.0,55.0
2019,10,25,55.9,55.9,55.9,55.9,55.9,55.9,55.9,55.9,55.9,55.9,55.9,55.9,55.9,55.9,55.9,55.9,55.9,55.9,55.9,55.9
2019,10,28,34.0,34.0,34.0,34.0,34.0,34.0,34.0,34.0,34.0,34.0,34.0,34.0,34.0,34.0,34.0,34.0,34.0,34.0,34.0,34.0
2019,10,29,56.7,56.7,56.7,56.7,56.7,56.7,56.7,56.7,56.7,56.7,56.7,56.7,56.7,56.7,56.7,56.7,56.7,56.7,56.7,56.7
2019,10,29,34.8,34.8,34.8,34.8,34.8,34.8,34.8,34.8,34.8,34.8,34.8,34.8,34.8,34.8,34.8,34.8,34.8,34.8,34.8,34.8
2019,10,30,35.0,35.0,35.0,35.0,35.0,35.0,35.0,35.0,35.0,35.0,35.0,35.0,35.0,35.0,35.0,35.0,35.0,35.0,35.0,35.0
2019,11,1,56.8,56.8,56.8,56.8,56.8,56.8,56.8,56.8,56.8,56.8,56.8,56.8,56.8,56.8,56.8,56.8,56.8,56.8,56.8,56.8
2019,11,6,32.0,32.0,32.0,32.0,32.0,32.0,32.0,32.0,32.0,32.0,32.0,32.0,32.0,32.0,32.0,32.0,32.0,32.0,32.0,32.0
2019,11,6,52.2,52.2,52.2,52.2,52.2,52.2,52.2,52.2,52.2,52.2,52.2,52.2,52.2,52.2,52.2,52.2,52.2,52.2,52.2,52.2
2019,11,14,32.0,32.0,32.0,32.0,32.0,32.0,32.0,32.0,32.0,32.0,32.0,32.0,32.0,32.0,32.0,32.0,32.0,32.0,32.0,32.0
2019,11,18,32.1,32.1,32.1,32.1,32.1,32.1,32.1,32.1,32.1,32.1,32.1,32.1,32.1,32.1,32.1,32.1,32.1,32.1,32.1,32.1
2019,11,19,55.1,55.1,55.1,55.1,55.1,55.1,55.1,55.1,55.1,55.1,55.1,55.1,55.1,55.1,55.1,55.1,55.1,55.1,55.1,55.1
2019,11,19,31.3,31.3,31.3,31.3,31.3,31.3,31.3,31.3,31.3,31.3,31.3,31.3,31.3,31.3,31.3,31.3,31.3,31.3,31.3,31.3
2019,11,20,51.2,51.2,51.2,51.2,51.2,51.2,51.2,51.2,51.2,51.2,51.2,51.2,51.2,51.2,51.2,51.2,51.2,51.2,51.2,51.2
2019,11,20,30.8,30.8,30.8,30.8,30.8,30.8,30.8,30.8,30.8,30.8,30.8,30.8,30.8,30.8,30.8,30.8,30.8,30.8,30.8,30.8
2019,11,21,6.0,6.0,6.0,6.0,6.0,6.0,6.0,6.0,6.0,6.0,6.0,6.0,6.0,6.0,6.0,6.0,6.0,6.0,6.0,6.0
2019,11,21,31.0,31.0,31.0,31.0,31.0,31.0,31.0,31.0,31.0,31.0,31.0,31.0,31.0,31.0,31.0,31.0,31.0,31.0,31.0,31.0
2019,11,22,31.0,31.0,31.0,31.0,31.0,31.0,31.0,31.0,31.0,31.0,31.0,31.0,31.0,31.0,31.0,31.0,31.0,31.0,31.0,31.0
2019,11,25,2.1,2.1,2.1,2.1,2.1,2.1,2.1,2.1,2.1,2.1,2.1,2.1,2.1,2.1,2.1,2.1,2.1,2.1,2.1,2.1
2019,11,25,31.0,31.0,31.0,31.0,31.0,31.0,31.0,31.0,31.0,31.0,31.0,31.0,31.0,31.0,31.0,31.0,31.0,31.0,31.0,31.0
2019,11,26,32.0,32.0,32.0,32.0,32.0,32.0,32.0,32.0,32.0,32.0,32.0,32.0,32.0,32.0,32.0,32.0,32.0,32.0,32.0,32.0
2019,11,26,3.5,3.5,3.5,3.5,3.5,3.5,3.5,3.5,3.5,3.5,3.5,3.5,3.5,3.5,3.5,3.5,3.5,3.5,3.5,3.5
2019,11,27,51.4,51.4,51.4,51.4,51.4,51.4,51.4,51.4,51.4,51.4,51.4,51.4,51.4,51.4,51.4,51.4,51.4,51.4,51.4,51.4
2019,11,27,32.5,32.5,32.5,32.5,32.5,32.5,32.5,32.5,32.5,32.5,32.5,32.5,32.5,32.5,32.5,32.5,32.5,32.5,32.5,32.5
2019,11,27,3.8,3.8,3.8,3.8,3.8,3.8,3.8,3.8,3.8,3.8,3.8,3.8,3.8,3.8,3.8,3.8,3.8,3.8,3.8,3.8
2019,11,28,53.0,53.0,53.0,53.0,53.0,53.0,53.0,53.0,53.0,53.0,53.0,53.0,53.0,53.0,53.0,53.0,53.0,53.0,53.0,53.0
2019,11,28,33.9,33.9,33.9,33.9,33.9,33.9,33.9,33.9,33.9,33.9,33.9,33.9,33.9,33.9,33.9,33.9,33.9,33.9,33.9,33.9
2019,11,29,53.4,53.4,53.4,53.4,53.4,53.4,53.4,53.4,53.4,53.4,53.4,53.4,53.4,53.4,53.4,53.4,53.4,53.4,53.4,53.4
2019,11,29,35.1,35.1,35.1,35.1,35.1,35.1,35.1,35.1,35.1,35.1,35.1,35.1,35.1,35.1,35.1,35.1,35.1,35.1,35.1,35.1
2019,12,2,52.9,52.9,52.9,52.9,52.9,52.9,52.9,52.9,52.9,52.9,52.9,52.9,52.9,52.9,52.9,52.9,52.9,52.9,52.9,52.9
2019,12,3,51.8,51.8,51.8,51.8,51.8,51.8,51.8,51.8,51.8,51.8,51.8,51.8,51.8,51.8,51.8,51.8,51.8,51.8,51.8,51.8
2019,12,5,33.1,33.1,33.1,33.1,33.1,33.1,33.1,33.1,33.1,33.1,33.1,33.1,33.1,33.1,33.1,33.1,33.1,33.1,33.1,33.1
2019,12,6,56.7,56.7,56.7,56.7,56.7,56.7,56.7,56.7,56.7,56.7,56.7,56.7,56.7,56.7,56.7,56.7,56.7,56.7,56.7,56.7
2019,12,9,53.6,53.6,53.6,53.6,53.6,53.6,53.6,53.6,53.6,53.6,53.6,53.6,53.6,53.6,53.6,53.6,53.6,53.6,53.6,53.6
2019,12,10,33.2,33.2,33.2,33.2,33.2,33.2,33.2,33.2,33.2,33.2,33.2,33.2,33.2,33.2,33.2,33.2,33.2,33.2,33.2,33.2
2019,12,13,53.9,53.9,53.9,53.9,53.9,53.9,53.9,53.9,53.9,53.9,53.9,53.9,53.9,53.9,53.9,53.9,53.9,53.9,53.9,53.9
2019,12,17,32.0,32.0,32.0,32.0,32.0,32.0,32.0,32.0,32.0,32.0,32.0,32.0,32.0,32.0,32.0,32.0,32.0,32.0,32.0,32.0
2019,12,17,54.0,54.0,54.0,54.0,54.0,54.0,54.0,54.0,54.0,54.0,54.0,54.0,54.0,54.0,54.0,54.0,54.0,54.0,54.0,54.0
2019,12,19,31.8,31.8,31.8,31.8,31.8,31.8,31.8,31.8,31.8,31.8,31.8,31.8,31.8,31.8,31.8,31.8,31.8,31.8,31.8,31.8
2019,12,20,32.1,32.1,32.1,32.1,32.1,32.1,32.1,32.1,32.1,32.1,32.1,32.1,32.1,32.1,32.1,32.1,32.1,32.1,32.1,32.1
2019,12,20,51.9,51.9,51.9,51.9,51.9,51.9,51.9,51.9,51.9,51.9,51.9,51.9,51.9,51.9,51.9,51.9,51.9,51.9,51.9,51.9
2019,12,27,53.9,53.9,53.9,53.9,53.9,53.9,53.9,53.9,53.9,53.9,53.9,53.9,53.9,53.9,53.9,53.9,53.9,53.9,53.9,53.9
2019,12,27,34.0,34.0,34.0,34.0,34.0,34.0,34.0,34.0,34.0,34.0,34.0,34.0,34.0,34.0,34.0,34.0,34.0,34.0,34.0,34.0
2020,1,6,51.0,51.0,51.0,51.0,51.0,51.0,51.0,51.0,51.0,51.0,51.0,51.0,51.0,51.0,51.0,51.0,51.0,51.0,51.0,51.0
2020,1,6,32.8,32.8,32.8,32.8,32.8,32.8,32.8,32.8,32.8,32.8,32.8,32.8,32.8,32.8,32.8,32.8,32.8,32.8,32.8,32.8
2020,1,7,32.7,32.7,32.7,32.7,32.7,32.7,32.7,32.7,32.7,32.7,32.7,32.7,32.7,32.7,32.7,32.7,32.7,32.7,32.7,32.7
2020,1,8,31.0,31.0,31.0,31.0,31.0,31.0,31.0,31.0,31.0,31.0,31.0,31.0,31.0,31.0,31.0,31.0,31.0,31.0,31.0,31.0
2020,1,8,48.3,48.3,48.3,48.3,48.3,48.3,48.3,48.3,48.3,48.3,48.3,48.3,48.3,48.3,48.3,48.3,48.3,48.3,48.3,48.3
2020,1,9,50.5,50.5,50.5,50.5,50.5,50.5,50.5,50.5,50.5,50.5,50.5,50.5,50.5,50.5,50.5,50.5,50.5,50.5,50.5,50.5
2020,1,13,32.3,32.3,32.3,32.3,32.3,32.3,32.3,32.3,32.3,32.3,32.3,32.3,32.3,32.3,32.3,32.3,32.3,32.3,32.3,32.3
2020,1,20,49.5,49.5,49.5,49.5,49.5,49.5,49.5,49.5,49.5,49.5,49.5,49.5,49.5,49.5,49.5,49.5,49.5,49.5,49.5,49.5
2020,1,20,31.2,31.2,31.2,31.2,31.2,31.2,31.2,31.2,31.2,31.2,31.2,31.2,31.2,31.2,31.2,31.2,31.2,31.2,31.2,31.2
2020,1,23,32.9,32.9,32.9,32.9,32.9,32.9,32.9,32.9,32.9,32.9,32.9,32.9,32.9,32.9,32.9,32.9,32.9,32.9,32.9,32.9
2020,1,28,31.1,31.1,31.1,31.1,31.1,31.1,31.1,31.1,31.1,31.1,31.1,31.1,31.1,31.1,31.1,31.1,31.1,31.1,31.1,31.1
2020,1,28,50.0,50.0,50.0,50.0,50.0,50.0,50.0,50.0,50.0,50.0,50.0,50.0,50.0,50.0,50.0,50.0,50.0,50.0,50.0,50.0
2020,1,29,49.7,49.7,49.7,49.7,49.7,49.7,49.7,49.7,49.7,49.7,49.7,49.7,49.7,49.7,49.7,49.7,49.7,49.7,49.7,49.7
2020,1,29,31.1,31.1,31.1,31.1,31.1,31.1,31.1,31.1,31.1,31.1,31.1,31.1,31.1,31.1,31.1,31.1,31.1,31.1,31.1,31.1
2020,1,30,31.3,31.3,31.3,31.3,31.3,31.3,31.3,31.3,31.3,31.3,31.3,31.3,31.3,31.3,31.3,31.3,31.3,31.3,31.3,31.3
2020,2,3,49.9,49.9,49.9,49.9,49.9,49.9,49.9,49.9,49.9,49.9,49.9,49.9,49.9,49.9,49.9,49.9,49.9,49.9,49.9,49.9
2020,2,6,49.2,49.2,49.2,49.2,49.2,49.2,49.2,49.2,49.2,49.2,49.2,49.2,49.2,49.2,49.2,49.2,49.2,49.2,49.2,49.2
2020,2,10,49.0,49.0,49.0,49.0,49.0,49.0,49.0,49.0,49.0,49.0,49.0,49.0,49.0,49.0,49.0,49.0,49.0,49.0,49.0,49.0
2020,2,12,48.3,48.3,48.3,48.3,48.3,48.3,48.3,48.3,48.3,48.3,48.3,48.3,48.3,48.3,48.3,48.3,48.3,48.3,48.3,48.3
2020,2,13,47.7,47.7,47.7,47.7,47.7,47.7,47.7,47.7,47.7,47.7,47.7,47.7,47.7,47.7,47.7,47.7,47.7,47.7,47.7,47.7
2020,2,13,30.5,30.5,30.5,30.5,30.5,30.5,30.5,30.5,30.5,30.5,30.5,30.5,30.5,30.5,30.5,30.5,30.5,30.5,30.5,30.5
2020,2,14,47.5,47.5,47.5,47.5,47.5,47.5,47.5,47.5,47.5,47.5,47.5,47.5,47.5,47.5,47.5,47.5,47.5,47.5,47.5,47.5
2020,2,17,47.0,47.0,47.0,47.0,47.0,47.0,47.0,47.0,47.0,47.0,47.0,47.0,47.0,47.0,47.0,47.0,47.0,47.0,47.0,47.0
2020,2,18,47.0,47.0,47.0,47.0,47.0,47.0,47.0,47.0,47.0,47.0,47.0,47.0,47.0,47.0,47.0,47.0,47.0,47.0,47.0,47.0
2020,2,18,30.6,30.6,30.6,30.6,30.6,30.6,30.6,30.6,30.6,30.6,30.6,30.6,30.6,30.6,30.6,30.6,30.6,30.6,30.6,30.6
2020,2,20,48.0,48.0,48.0,48.0,48.0,48.0,48.0,48.0,48.0,48.0,48.0,48.0,48.0,48.0,48.0,48.0,48.0,48.0,48.0,48.0
2020,2,25,30.0,30.0,30.0,30.0,30.0,30.0,30.0,30.0,30.0,30.0,30.0,30.0,30.0,30.0,30.0,30.0,30.0,30.0,30.0,30.0
2020,2,26,46.0,46.0,46.0,46.0,46.0,46.0,46.0,46.0,46.0,46.0,46.0,46.0,46.0,46.0,46.0,46.0,46.0,46.0,46.0,46.0
2020,2,28,46.0,46.0,46.0,46.0,46.0,46.0,46.0,46.0,46.0,46.0,46.0,46.0,46.0,46.0,46.0,46.0,46.0,46.0,46.0,46.0
2020,3,3,30.0,30.0,30.0,30.0,30.0,30.0,30.0,30.0,30.0,30.0,30.0,30.0,30.0,30.0,30.0,30.0,30.0,30.0,30.0,30.0
2020,3,4,45.9,45.9,45.9,45.9,45.9,45.9,45.9,45.9,45.9,45.9,45.9,45.9,45.9,45.9,45.9,45.9,45.9,45.9,45.9,45.9
2020,3,4,29.1,29.1,29.1,29.1,29.1,29.1,29.1,29.1,29.1,29.1,29.1,29.1,29.1,29.1,29.1,29.1,29.1,29.1,29.1,29.1
2020,3,5,45.0,45.0,45.0,45.0,45.0,45.0,45.0,45.0,45.0,45.0,45.0,45.0,45.0,45.0,45.0,45.0,45.0,45.0,45.0,45.0
2020,3,5,28.9,28.9,28.9,28.9,28.9,28.9,28.9,28.9,28.9,28.9,28.9,28.9,28.9,28.9,28.9,28.9,28.9,28.9,28.9,28.9
2020,3,10,41.7,41.7,41.7,41.7,41.7,41.7,41.7,41.7,41.7,41.7,41.7,41.7,41.7,41.7,41.7,41.7,41.7,41.7,41.7,41.7
2020,3,12,39.5,39.5,39.5,39.5,39.5,39.5,39.5,39.5,39.5,39.5,39.5,39.5,39.5,39.5,39.5,39.5,39.5,39.5,39.5,39.5
2020,3,12,27.0,27.0,27.0,27.0,27.0,27.0,27.0,27.0,27.0,27.0,27.0,27.0,27.0,27.0,27.0,27.0,27.0,27.0,27.0,27.0
2020,3,13,38.5,38.5,38.5,38.5,38.5,38.5,38.5,38.5,38.5,38.5,38.5,38.5,38.5,38.5,38.5,38.5,38.5,38.5,38.5,38.5
2020,5,11,25.5,25.5,25.5,25.5,25.5,25.5,25.5,25.5,25.5,25.5,25.5,25.5,25.5,25.5,25.5,25.5,25.5,25.5,25.5,25.5
2020,5,13,22.7,22.7,22.7,22.7,22.7,22.7,22.7,22.7,22.7,22.7,22.7,22.7,22.7,22.7,22.7,22.7,22.7,22.7,22.7,22.7
2020,5,18,36.7,36.7,36.7,36.7,36.7,36.7,36.7,36.7,36.7,36.7,36.7,36.7,36.7,36.7,36.7,36.7,36.7,36.7,36.7,36.7
2020,5,19,24.4,24.4,24.4,24.4,24.4,24.4,24.4,24.4,24.4,24.4,24.4,24.4,24.4,24.4,24.4,24.4,24.4,24.4,24.4,24.4
2020,5,20,24.4,24.4,24.4,24.4,24.4,24.4,24.4,24.4,24.4,24.4,24.4,24.4,24.4,24.4,24.4,24.4,24.4,24.4,24.4,24.4
2020,5,22,40.0,40.0,40.0,40.0,40.0,40.0,40.0,40.0,40.0,40.0,40.0,40.0,40.0,40.0,40.0,40.0,40.0,40.0,40.0,40.0
2020,5,26,26.0,26.0,26.0,26.0,26.0,26.0,26.0,26.0,26.0,26.0,26.0,26.0,26.0,26.0,26.0,26.0,26.0,26.0,26.0,26.0
2020,5,26,39.5,39.5,39.5,39.5,39.5,39.5,39.5,39.5,39.5,39.5,39.5,39.5,39.5,39.5,39.5,39.5,39.5,39.5,39.5,39.5
2020,5,29,42.3,42.3,42.3,42.3,42.3,42.3,42.3,42.3,42.3,42.3,42.3,42.3,42.3,42.3,42.3,42.3,42.3,42.3,42.3,42.3
2020,6,1,26.0,26.0,26.0,26.0,26.0,26.0,26.0,26.0,26.0,26.0,26.0,26.0,26.0,26.0,26.0,26.0,26.0,26.0,26.0,26.0
2020,6,1,41.2,41.2,41.2,41.2,41.2,41.2,41.2,41.2,41.2,41.2,41.2,41.2,41.2,41.2,41.2,41.2,41.2,41.2,41.2,41.2
2020,6,2,41.6,41.6,41.6,41.6,41.6,41.6,41.6,41.6,41.6,41.6,41.6,41.6,41.6,41.6,41.6,41.6,41.6,41.6,41.6,41.6
2020,6,3,42.4,42.4,42.4,42.4,42.4,42.4,42.4,42.4,42.4,42.4,42.4,42.4,42.4,42.4,42.4,42.4,42.4,42.4,42.4,42.4
2020,6,4,26.3,26.3,26.3,26.3,26.3,26.3,26.3,26.3,26.3,26.3,26.3,26.3,26.3,26.3,26.3,26.3,26.3,26.3,26.3,26.3
2020,6,10,44.6,44.6,44.6,44.6,44.6,44.6,44.6,44.6,44.6,44.6,44.6,44.6,44.6,44.6,44.6,44.6,44.6,44.6,44.6,44.6
2020,6,10,27.4,27.4,27.4,27.4,27.4,27.4,27.4,27.4,27.4,27.4,27.4,27.4,27.4,27.4,27.4,27.4,27.4,27.4,27.4,27.4
2020,6,11,27.1,27.1,27.1,27.1,27.1,27.1,27.1,27.1,27.1,27.1,27.1,27.1,27.1,27.1,27.1,27.1,27.1,27.1,27.1,27.1
2020,6,15,26.9,26.9,26.9,26.9,26.9,26.9,26.9,26.9,26.9,26.9,26.9,26.9,26.9,26.9,26.9,26.9,26.9,26.9,26.9,26.9
2020,6,16,44.5,44.5,44.5,44.5,44.5,44.5,44.5,44.5,44.5,44.5,44.5,44.5,44.5,44.5,44.5,44.5,44.5,44.5,44.5,44.5
2020,6,17,28.7,28.7,28.7,28.7,28.7,28.7,28.7,28.7,28.7,28.7,28.7,28.7,28.7,28.7,28.7,28.7,28.7,28.7,28.7,28.7
2020,6,17,46.0,46.0,46.0,46.0,46.0,46.0,46.0,46.0,46.0,46.0,46.0,46.0,46.0,46.0,46.0,46.0,46.0,46.0,46.0,46.0
2020,6,23,49.1,49.1,49.1,49.1,49.1,49.1,49.1,49.1,49.1,49.1,49.1,49.1,49.1,49.1,49.1,49.1,49.1,49.1,49.1,49.1
2020,6,24,32.0,32.0,32.0,32.0,32.0,32.0,32.0,32.0,32.0,32.0,32.0,32.0,32.0,32.0,32.0,32.0,32.0,32.0,32.0,32.0
2020,6,25,48.0,48.0,48.0,48.0,48.0,48.0,48.0,48.0,48.0,48.0,48.0,48.0,48.0,48.0,48.0,48.0,48.0,48.0,48.0,48.0
2020,6,29,30.8,30.8,30.8,30.8,30.8,30.8,30.8,30.8,30.8,30.8,30.8,30.8,30.8,30.8,30.8,30.8,30.8,30.8,30.8,30.8
2020,6,29,48.5,48.5,48.5,48.5,48.5,48.5,48.5,48.5,48.5,48.5,48.5,48.5,48.5,48.5,48.5,48.5,48.5,48.5,48.5,48.5
2020,7,2,46.3,46.3,46.3,46.3,46.3,46.3,46.3,46.3,46.3,46.3,46.3,46.3,46.3,46.3,46.3,46.3,46.3,46.3,46.3,46.3
2020,7,2,29.5,29.5,29.5,29.5,29.5,29.5,29.5,29.5,29.5,29.5,29.5,29.5,29.5,29.5,29.5,29.5,29.5,29.5,29.5,29.5
2020,7,6,47.1,47.1,47.1,47.1,47.1,47.1,47.1,47.1,47.1,47.1,47.1,47.1,47.1,47.1,47.1,47.1,47.1,47.1,47.1,47.1
2020,7,7,47.6,47.6,47.6,47.6,47.6,47.6,47.6,47.6,47.6,47.6,47.6,47.6,47.6,47.6,47.6,47.6,47.6,47.6,47.6,47.6
2020,7,8,47.2,47.2,47.2,47.2,47.2,47.2,47.2,47.2,47.2,47.2,47.2,47.2,47.2,47.2,47.2,47.2,47.2,47.2,47.2,47.2
2020,7,8,29.1,29.1,29.1,29.1,29.1,29.1,29.1,29.1,29.1,29.1,29.1,29.1,29.1,29.1,29.1,29.1,29.1,29.1,29.1,29.1
2020,7,10,29.4,29.4,29.4,29.4,29.4,29.4,29.4,29.4,29.4,29.4,29.4,29.4,29.4,29.4,29.4,29.4,29.4,29.4,29.4,29.4
2020,7,21,29.4,29.4,29.4,29.4,29.4,29.4,29.4,29.4,29.4,29.4,29.4,29.4,29.4,29.4,29.4,29.4,29.4,29.4,29.4,29.4
2020,7,22,28.8,28.8,28.8,28.8,28.8,28.8,28.8,28.8,28.8,28.8,28.8,28.8,28.8,28.8,28.8,28.8,28.8,28.8,28.8,28.8
2020,7,23,29.0,29.0,29.0,29.0,29.0,29.0,29.0,29.0,29.0,29.0,29.0,29.0,29.0,29.0,29.0,29.0,29.0,29.0,29.0,29.0
2020,7,24,44.6,44.6,44.6,44.6,44.6,44.6,44.6,44.6,44.6,44.6,44.6,44.6,44.6,44.6,44.6,44.6,44.6,44.6,44.6,44.6
2020,7,27,29.6,29.6,29.6,29.6,29.6,29.6,29.6,29.6,29.6,29.6,29.6,29.6,29.6,29.6,29.6,29.6,29.6,29.6,29.6,29.6
2020,7,28,29.0,29.0,29.0,29.0,29.0,29.0,29.0,29.0,29.0,29.0,29.0,29.0,29.0,29.0,29.0,29.0,29.0,29.0,29.0,29.0
2020,7,28,44.0,44.0,44.0,44.0,44.0,44.0,44.0,44.0,44.0,44.0,44.0,44.0,44.0,44.0,44.0,44.0,44.0,44.0,44.0,44.0
2020,7,29,44.3,44.3,44.3,44.3,44.3,44.3,44.3,44.3,44.3,44.3,44.3,44.3,44.3,44.3,44.3,44.3,44.3,44.3,44.3,44.3
2020,7,31,29.5,29.5,29.5,29.5,29.5,29.5,29.5,29.5,29.5,29.5,29.5,29.5,29.5,29.5,29.5,29.5,29.5,29.5,29.5,29.5
2020,8,4,29.5,29.5,29.5,29.5,29.5,29.5,29.5,29.5,29.5,29.5,29.5,29.5,29.5,29.5,29.5,29.5,29.5,29.5,29.5,29.5
2020,8,7,44.5,44.5,44.5,44.5,44.5,44.5,44.5,44.5,44.5,44.5,44.5,44.5,44.5,44.5,44.5,44.5,44.5,44.5,44.5,44.5
2020,8,10,44.2,44.2,44.2,44.2,44.2,44.2,44.2,44.2,44.2,44.2,44.2,44.2,44.2,44.2,44.2,44.2,44.2,44.2,44.2,44.2
2020,8,10,29.6,29.6,29.6,29.6,29.6,29.6,29.6,29.6,29.6,29.6,29.6,29.6,29.6,29.6,29.6,29.6,29.6,29.6,29.6,29.6
2020,8,13,44.8,44.8,44.8,44.8,44.8,44.8,44.8,44.8,44.8,44.8,44.8,44.8,44.8,44.8,44.8,44.8,44.8,44.8,44.8,44.8
2020,8,17,30.4,30.4,30.4,30.4,30.4,30.4,30.4,30.4,30.4,30.4,30.4,30.4,30.4,30.4,30.4,30.4,30.4,30.4,30.4,30.4
2020,8,18,30.6,30.6,30.6,30.6,30.6,30.6,30.6,30.6,30.6,30.6,30.6,30.6,30.6,30.6,30.6,30.6,30.6,30.6,30.6,30.6
2020,8,24,32.0,32.0,32.0,32.0,32.0,32.0,32.0,32.0,32.0,32.0,32.0,32.0,32.0,32.0,32.0,32.0,32.0,32.0,32.0,32.0
2020,8,26,31.3,31.3,31.3,31.3,31.3,31.3,31.3,31.3,31.3,31.3,31.3,31.3,31.3,31.3,31.3,31.3,31.3,31.3,31.3,31.3
2020,9,2,45.1,45.1,45.1,45.1,45.1,45.1,45.1,45.1,45.1,45.1,45.1,45.1,45.1,45.1,45.1,45.1,45.1,45.1,45.1,45.1
2020,9,3,45.7,45.7,45.7,45.7,45.7,45.7,45.7,45.7,45.7,45.7,45.7,45.7,45.7,45.7,45.7,45.7,45.7,45.7,45.7,45.7
2020,9,7,44.7,44.7,44.7,44.7,44.7,44.7,44.7,44.7,44.7,44.7,44.7,44.7,44.7,44.7,44.7,44.7,44.7,44.7,44.7,44.7
2020,9,9,31.0,31.0,31.0,31.0,31.0,31.0,31.0,31.0,31.0,31.0,31.0,31.0,31.0,31.0,31.0,31.0,31.0,31.0,31.0,31.0
2020,9,11,32.6,32.6,32.6,32.6,32.6,32.6,32.6,32.6,32.6,32.6,32.6,32.6,32.6,32.6,32.6,32.6,32.6,32.6,32.6,32.6
2020,9,14,32.3,32.3,32.3,32.3,32.3,32.3,32.3,32.3,32.3,32.3,32.3,32.3,32.3,32.3,32.3,32.3,32.3,32.3,32.3,32.3
2020,9,15,32.1,32.1,32.1,32.1,32.1,32.1,32.1,32.1,32.1,32.1,32.1,32.1,32.1,32.1,32.1,32.1,32.1,32.1,32.1,32.1
2020,9,16,32.5,32.5,32.5,32.5,32.5,32.5,32.5,32.5,32.5,32.5,32.5,32.5,32.5,32.5,32.5,32.5,32.5,32.5,32.5,32.5
2020,9,17,48.4,48.4,48.4,48.4,48.4,48.4,48.4,48.4,48.4,48.4,48.4,48.4,48.4,48.4,48.4,48.4,48.4,48.4,48.4,48.4
2020,9,22,33.6,33.6,33.6,33.6,33.6,33.6,33.6,33.6,33.6,33.6,33.6,33.6,33.6,33.6,33.6,33.6,33.6,33.6,33.6,33.6
2020,9,23,46.9,46.9,46.9,46.9,46.9,46.9,46.9,46.9,46.9,46.9,46.9,46.9,46.9,46.9,46.9,46.9,46.9,46.9,46.9,46.9
2020,9,24,47.8,47.8,47.8,47.8,47.8,47.8,47.8,47.8,47.8,47.8,47.8,47.8,47.8,47.8,47.8,47.8,47.8,47.8,47.8,47.8
2020,9,29,33.0,33.0,33.0,33.0,33.0,33.0,33.0,33.0,33.0,33.0,33.0,33.0,33.0,33.0,33.0,33.0,33.0,33.0,33.0,33.0
2020,9,29,47.6,47.6,47.6,47.6,47.6,47.6,47.6,47.6,47.6,47.6,47.6,47.6,47.6,47.6,47.6,47.6,47.6,47.6,47.6,47.6
2020,9,30,46.7,46.7,46.7,46.7,46.7,46.7,46.7,46.7,46.7,46.7,46.7,46.7,46.7,46.7,46.7,46.7,46.7,46.7,46.7,46.7
2020,10,13,45.0,45.0,45.0,45.0,45.0,45.0,45.0,45.0,45.0,45.0,45.0,45.0,45.0,45.0,45.0,45.0,45.0,45.0,45.0,45.0
2020,10,14,45.0,45.0,45.0,45.0,45.0,45.0,45.0,45.0,45.0,45.0,45.0,45.0,45.0,45.0,45.0,45.0,45.0,45.0,45.0,45.0
2020,10,15,31.8,31.8,31.8,31.8,31.8,31.8,31.8,31.8,31.8,31.8,31.8,31.8,31.8,31.8,31.8,31.8,31.8,31.8,31.8,31.8
2020,10,15,44.4,44.4,44.4,44.4,44.4,44.4,44.4,44.4,44.4,44.4,44.4,44.4,44.4,44.4,44.4,44.4,44.4,44.4,44.4,44.4
2020,10,16,31.1,31.1,31.1,31.1,31.1,31.1,31.1,31.1,31.1,31.1,31.1,31.1,31.1,31.1,31.1,31.1,31.1,31.1,31.1,31.1
2020,10,19,31.3,31.3,31.3,31.3,31.3,31.3,31.3,31.3,31.3,31.3,31.3,31.3,31.3,31.3,31.3,31.3,31.3,31.3,31.3,31.3
2020,10,20,32.5,32.5,32.5,32.5,32.5,32.5,32.5,32.5,32.5,32.5,32.5,32.5,32.5,32.5,32.5,32.5,32.5,32.5,32.5,32.5
2020,10,23,30.5,30.5,30.5,30.5,30.5,30.5,30.5,30.5,30.5,30.5,30.5,30.5,30.5,30.5,30.5,30.5,30.5,30.5,30.5,30.5
2020,10,26,30.0,30.0,30.0,30.0,30.0,30.0,30.0,30.0,30.0,30.0,30.0,30.0,30.0,30.0,30.0,30.0,30.0,30.0,30.0,30.0
2020,10,27,29.6,29.6,29.6,29.6,29.6,29.6,29.6,29.6,29.6,29.6,29.6,29.6,29.6,29.6,29.6,29.6,29.6,29.6,29.6,29.6
2020,10,29,42.4,42.4,42.4,42.4,42.4,42.4,42.4,42.4,42.4,42.4,42.4,42.4,42.4,42.4,42.4,42.4,42.4,42.4,42.4,42.4
2020,11,2,42.8,42.8,42.8,42.8,42.8,42.8,42.8,42.8,42.8,42.8,42.8,42.8,42.8,42.8,42.8,42.8,42.8,42.8,42.8,42.8
2020,11,2,29.1,29.1,29.1,29.1,29.1,29.1,29.1,29.1,29.1,29.1,29.1,29.1,29.1,29.1,29.1,29.1,29.1,29.1,29.1,29.1
2020,11,3,42.7,42.7,42.7,42.7,42.7,42.7,42.7,42.7,42.7,42.7,42.7,42.7,42.7,42.7,42.7,42.7,42.7,42.7,42.7,42.7
2020,11,6,31.4,31.4,31.4,31.4,31.4,31.4,31.4,31.4,31.4,31.4,31.4,31.4,31.4,31.4,31.4,31.4,31.4,31.4,31.4,31.4
2020,11,9,31.0,31.0,31.0,31.0,31.0,31.0,31.0,31.0,31.0,31.0,31.0,31.0,31.0,31.0,31.0,31.0,31.0,31.0,31.0,31.0
2020,11,10,44.2,44.2,44.2,44.2,44.2,44.2,44.2,44.2,44.2,44.2,44.2,44.2,44.2,44.2,44.2,44.2,44.2,44.2,44.2,44.2
2020,11,16,44.0,44.0,44.0,44.0,44.0,44.0,44.0,44.0,44.0,44.0,44.0,44.0,44.0,44.0,44.0,44.0,44.0,44.0,44.0,44.0
2020,11,17,43.1,43.1,43.1,43.1,43.1,43.1,43.1,43.1,43.1,43.1,43.1,43.1,43.1,43.1,43.1,43.1,43.1,43.1,43.1,43.1
2020,11,19,29.7,29.7,29.7,29.7,29.7,29.7,29.7,29.7,29.7,29.7,29.7,29.7,29.7,29.7,29.7,29.7,29.7,29.7,29.7,29.7
2020,11,20,29.9,29.9,29.9,29.9,29.9,29.9,29.9,29.9,29.9,29.9,29.9,29.9,29.9,29.9,29.9,29.9,29.9,29.9,29.9,29.9
2020,11,23,30.1,30.1,30.1,30.1,30.1,30.1,30.1,30.1,30.1,30.1,30.1,30.1,30.1,30.1,30.1,30.1,30.1,30.1,30.1,30.1
2020,11,24,30.1,30.1,30.1,30.1,30.1,30.1,30.1,30.1,30.1,30.1,30.1,30.1,30.1,30.1,30.1,30.1,30.1,30.1,30.1,30.1
2020,11,25,30.1,30.1,30.1,30.1,30.1,30.1,30.1,30.1,30.1,30.1,30.1,30.1,30.1,30.1,30.1,30.1,30.1,30.1,30.1,30.1
2020,11,27,30.0,30.0,30.0,30.0,30.0,30.0,30.0,30.0,30.0,30.0,30.0,30.0,30.0,30.0,30.0,30.0,30.0,30.0,30.0,30.0
2020,12,4,45.3,45.3,45.3,45.3,45.3,45.3,45.3,45.3,45.3,45.3,45.3,45.3,45.3,45.3,45.3,45.3,45.3,45.3,45.3,45.3
2020,12,4,32.0,32.0,32.0,32.0,32.0,32.0,32.0,32.0,32.0,32.0,32.0,32.0,32.0,32.0,32.0,32.0,32.0,32.0,32.0,32.0
2020,12,7,46.6,46.6,46.6,46.6,46.6,46.6,46.6,46.6,46.6,46.6,46.6,46.6,46.6,46.6,46.6,46.6,46.6,46.6,46.6,46.6
2020,12,8,34.0,34.0,34.0,34.0,34.0,34.0,34.0,34.0,34.0,34.0,34.0,34.0,34.0,34.0,34.0,34.0,34.0,34.0,34.0,34.0
2020,12,9,47.6,47.6,47.6,47.6,47.6,47.6,47.6,47.6,47.6,47.6,47.6,47.6,47.6,47.6,47.6,47.6,47.6,47.6,47.6,47.6
2020,12,9,33.0,33.0,33.0,33.0,33.0,33.0,33.0,33.0,33.0,33.0,33.0,33.0,33.0,33.0,33.0,33.0,33.0,33.0,33.0,33.0
2020,12,14,45.2,45.2,45.2,45.2,45.2,45.2,45.2,45.2,45.2,45.2,45.2,45.2,45.2,45.2,45.2,45.2,45.2,45.2,45.2,45.2
2020,12,15,44.6,44.6,44.6,44.6,44.6,44.6,44.6,44.6,44.6,44.6,44.6,44.6,44.6,44.6,44.6,44.6,44.6,44.6,44.6,44.6
2020,12,17,45.0,45.0,45.0,45.0,45.0,45.0,45.0,45.0,45.0,45.0,45.0,45.0,45.0,45.0,45.0,45.0,45.0,45.0,45.0,45.0
2020,12,17,33.8,33.8,33.8,33.8,33.8,33.8,33.8,33.8,33.8,33.8,33.8,33.8,33.8,33.8,33.8,33.8,33.8,33.8,33.8,33.8
2020,12,22,32.7,32.7,32.7,32.7,32.7,32.7,32.7,32.7,32.7,32.7,32.7,32.7,32.7,32.7,32.7,32.7,32.7,32.7,32.7,32.7
2020,12,23,45.0,45.0,45.0,45.0,45.0,45.0,45.0,45.0,45.0,45.0,45.0,45.0,45.0,45.0,45.0,45.0,45.0,45.0,45.0,45.0
2020,12,24,32.5,32.5,32.5,32.5,32.5,32.5,32.5,32.5,32.5,32.5,32.5,32.5,32.5,32.5,32.5,32.5,32.5,32.5,32.5,32.5
2020,12,28,33.1,33.1,33.1,33.1,33.1,33.1,33.1,33.1,33.1,33.1,33.1,33.1,33.1,33.1,33.1,33.1,33.1,33.1,33.1,33.1
2020,12,31,46.0,46.0,46.0,46.0,46.0,46.0,46.0,46.0,46.0,46.0,46.0,46.0,46.0,46.0,46.0,46.0,46.0,46.0,46.0,46.0
2021,1,5,34.9,34.9,34.9,34.9,34.9,34.9,34.9,34.9,34.9,34.9,34.9,34.9,34.9,34.9,34.9,34.9,34.9,34.9,34.9,34.9
2021,1,6,46.7,46.7,46.7,46.7,46.7,46.7,46.7,46.7,46.7,46.7,46.7,46.7,46.7,46.7,46.7,46.7,46.7,46.7,46.7,46.7
2021,1,12,46.0,46.0,46.0,46.0,46.0,46.0,46.0,46.0,46.0,46.0,46.0,46.0,46.0,46.0,46.0,46.0,46.0,46.0,46.0,46.0
2021,1,13,46.8,46.8,46.8,46.8,46.8,46.8,46.8,46.8,46.8,46.8,46.8,46.8,46.8,46.8,46.8,46.8,46.8,46.8,46.8,46.8
2021,1,18,56.7,56.7,56.7,56.7,56.7,56.7,56.7,56.7,56.7,56.7,56.7,56.7,56.7,56.7,56.7,56.7,56.7,56.7,56.7,56.7
2021,1,18,44.3,44.3,44.3,44.3,44.3,44.3,44.3,44.3,44.3,44.3,44.3,44.3,44.3,44.3,44.3,44.3,44.3,44.3,44.3,44.3
2021,1,21,57.5,57.5,57.5,57.5,57.5,57.5,57.5,57.5,57.5,57.5,57.5,57.5,57.5,57.5,57.5,57.5,57.5,57.5,57.5,57.5
2021,1,22,63.5,63.5,63.5,63.5,63.5,63.5,63.5,63.5,63.5,63.5,63.5,63.5,63.5,63.5,63.5,63.5,63.5,63.5,63.5,63.5
2021,1,25,54.3,54.3,54.3,54.3,54.3,54.3,54.3,54.3,54.3,54.3,54.3,54.3,54.3,54.3,54.3,54.3,54.3,54.3,54.3,54.3
2021,1,29,57.7,57.7,57.7,57.7,57.7,57.7,57.7,57.7,57.7,57.7,57.7,57.7,57.7,57.7,57.7,57.7,57.7,57.7,57.7,57.7
2021,2,2,46.0,46.0,46.0,46.0,46.0,46.0,46.0,46.0,46.0,46.0,46.0,46.0,46.0,46.0,46.0,46.0,46.0,46.0,46.0,46.0
2021,2,2,52.9,52.9,52.9,52.9,52.9,52.9,52.9,52.9,52.9,52.9,52.9,52.9,52.9,52.9,52.9,52.9,52.9,52.9,52.9,52.9
2021,2,3,49.5,49.5,49.5,49.5,49.5,49.5,49.5,49.5,49.5,49.5,49.5,49.5,49.5,49.5,49.5,49.5,49.5,49.5,49.5,49.5
2021,2,5,50.0,50.0,50.0,50.0,50.0,50.0,50.0,50.0,50.0,50.0,50.0,50.0,50.0,50.0,50.0,50.0,50.0,50.0,50.0,50.0
2021,2,5,57.0,57.0,57.0,57.0,57.0,57.0,57.0,57.0,57.0,57.0,57.0,57.0,57.0,57.0,57.0,57.0,57.0,57.0,57.0,57.0
2021,2,10,52.8,52.8,52.8,52.8,52.8,52.8,52.8,52.8,52.8,52.8,52.8,52.8,52.8,52.8,52.8,52.8,52.8,52.8,52.8,52.8
2021,2,12,52.1,52.1,52.1,52.1,52.1,52.1,52.1,52.1,52.1,52.1,52.1,52.1,52.1,52.1,52.1,52.1,52.1,52.1,52.1,52.1
2021,2,12,47.6,47.6,47.6,47.6,47.6,47.6,47.6,47.6,47.6,47.6,47.6,47.6,47.6,47.6,47.6,47.6,47.6,47.6,47.6,47.6
2021,2,15,45.7,45.7,45.7,45.7,45.7,45.7,45.7,45.7,45.7,45.7,45.7,45.7,45.7,45.7,45.7,45.7,45.7,45.7,45.7,45.7
2021,2,18,51.7,51.7,51.7,51.7,51.7,51.7,51.7,51.7,51.7,51.7,51.7,51.7,51.7,51.7,51.7,51.7,51.7,51.7,51.7,51.7
2021,2,18,41.6,41.6,41.6,41.6,41.6,41.6,41.6,41.6,41.6,41.6,41.6,41.6,41.6,41.6,41.6,41.6,41.6,41.6,41.6,41.6
2021,2,22,50.4,50.4,50.4,50.4,50.4,50.4,50.4,50.4,50.4,50.4,50.4,50.4,50.4,50.4,50.4,50.4,50.4,50.4,50.4,50.4
2021,3,1,42.0,42.0,42.0,42.0,42.0,42.0,42.0,42.0,42.0,42.0,42.0,42.0,42.0,42.0,42.0,42.0,42.0,42.0,42.0,42.0
2021,3,2,51.1,51.1,51.1,51.1,51.1,51.1,51.1,51.1,51.1,51.1,51.1,51.1,51.1,51.1,51.1,51.1,51.1,51.1,51.1,51.1
2021,3,2,42.5,42.5,42.5,42.5,42.5,42.5,42.5,42.5,42.5,42.5,42.5,42.5,42.5,42.5,42.5,42.5,42.5,42.5,42.5,42.5
2021,3,3,41.9,41.9,41.9,41.9,41.9,41.9,41.9,41.9,41.9,41.9,41.9,41.9,41.9,41.9,41.9,41.9,41.9,41.9,41.9,41.9
2021,3,9,52.7,52.7,52.7,52.7,52.7,52.7,52.7,52.7,52.7,52.7,52.7,52.7,52.7,52.7,52.7,52.7,52.7,52.7,52.7,52.7
2021,3,10,44.6,44.6,44.6,44.6,44.6,44.6,44.6,44.6,44.6,44.6,44.6,44.6,44.6,44.6,44.6,44.6,44.6,44.6,44.6,44.6
2021,3,12,51.1,51.1,51.1,51.1,51.1,51.1,51.1,51.1,51.1,51.1,51.1,51.1,51.1,51.1,51.1,51.1,51.1,51.1,51.1,51.1
2021,3,15,51.9,51.9,51.9,51.9,51.9,51.9,51.9,51.9,51.9,51.9,51.9,51.9,51.9,51.9,51.9,51.9,51.9,51.9,51.9,51.9
2021,3,15,44.5,44.5,44.5,44.5,44.5,44.5,44.5,44.5,44.5,44.5,44.5,44.5,44.5,44.5,44.5,44.5,44.5,44.5,44.5,44.5
2021,3,16,51.2,51.2,51.2,51.2,51.2,51.2,51.2,51.2,51.2,51.2,51.2,51.2,51.2,51.2,51.2,51.2,51.2,51.2,51.2,51.2
2021,3,19,43.0,43.0,43.0,43.0,43.0,43.0,43.0,43.0,43.0,43.0,43.0,43.0,43.0,43.0,43.0,43.0,43.0,43.0,43.0,43.0
2021,3,22,43.0,43.0,43.0,43.0,43.0,43.0,43.0,43.0,43.0,43.0,43.0,43.0,43.0,43.0,43.0,43.0,43.0,43.0,43.0,43.0
2021,3,24,45.0,45.0,45.0,45.0,45.0,45.0,45.0,45.0,45.0,45.0,45.0,45.0,45.0,45.0,45.0,45.0,45.0,45.0,45.0,45.0
2021,3,29,50.0,50.0,50.0,50.0,50.0,50.0,50.0,50.0,50.0,50.0,50.0,50.0,50.0,50.0,50.0,50.0,50.0,50.0,50.0,50.0
2021,3,29,43.6,43.6,43.6,43.6,43.6,43.6,43.6,43.6,43.6,43.6,43.6,43.6,43.6,43.6,43.6,43.6,43.6,43.6,43.6,43.6
2021,3,30,50.0,50.0,50.0,50.0,50.0,50.0,50.0,50.0,50.0,50.0,50.0,50.0,50.0,50.0,50.0,50.0,50.0,50.0,50.0,50.0
2021,3,30,44.0,44.0,44.0,44.0,44.0,44.0,44.0,44.0,44.0,44.0,44.0,44.0,44.0,44.0,44.0,44.0,44.0,44.0,44.0,44.0
2021,4,5,43.0,43.0,43.0,43.0,43.0,43.0,43.0,43.0,43.0,43.0,43.0,43.0,43.0,43.0,43.0,43.0,43.0,43.0,43.0,43.0
2021,4,8,43.1,43.1,43.1,43.1,43.1,43.1,43.1,43.1,43.1,43.1,43.1,43.1,43.1,43.1,43.1,43.1,43.1,43.1,43.1,43.1
2021,4,12,43.0,43.0,43.0,43.0,43.0,43.0,43.0,43.0,43.0,43.0,43.0,43.0,43.0,43.0,43.0,43.0,43.0,43.0,43.0,43.0
2021,4,16,50.0,50.0,50.0,50.0,50.0,50.0,50.0,50.0,50.0,50.0,50.0,50.0,50.0,50.0,50.0,50.0,50.0,50.0,50.0,50.0
2021,4,21,50.0,50.0,50.0,50.0,50.0,50.0,50.0,50.0,50.0,50.0,50.0,50.0,50.0,50.0,50.0,50.0,50.0,50.0,50.0,50.0
2021,4,22,49.9,49.9,49.9,49.9,49.9,49.9,49.9,49.9,49.9,49.9,49.9,49.9,49.9,49.9,49.9,49.9,49.9,49.9,49.9,49.9
2021,4,29,39.4,39.4,39.4,39.4,39.4,39.4,39.4,39.4,39.4,39.4,39.4,39.4,39.4,39.4,39.4,39.4,39.4,39.4,39.4,39.4
2021,4,29,48.0,48.0,48.0,48.0,48.0,48.0,48.0,48.0,48.0,48.0,48.0,48.0,48.0,48.0,48.0,48.0,48.0,48.0,48.0,48.0
2021,4,30,40.0,40.0,40.0,40.0,40.0,40.0,40.0,40.0,40.0,40.0,40.0,40.0,40.0,40.0,40.0,40.0,40.0,40.0,40.0,40.0
2021,5,5,38.1,38.1,38.1,38.1,38.1,38.1,38.1,38.1,38.1,38.1,38.1,38.1,38.1,38.1,38.1,38.1,38.1,38.1,38.1,38.1
2021,5,6,50.0,50.0,50.0,50.0,50.0,50.0,50.0,50.0,50.0,50.0,50.0,50.0,50.0,50.0,50.0,50.0,50.0,50.0,50.0,50.0
2021,5,6,38.3,38.3,38.3,38.3,38.3,38.3,38.3,38.3,38.3,38.3,38.3,38.3,38.3,38.3,38.3,38.3,38.3,38.3,38.3,38.3
2021,5,10,50.0,50.0,50.0,50.0,50.0,50.0,50.0,50.0,50.0,50.0,50.0,50.0,50.0,50.0,50.0,50.0,50.0,50.0,50.0,50.0
2021,5,11,49.6,49.6,49.6,49.6,49.6,49.6,49.6,49.6,49.6,49.6,49.6,49.6,49.6,49.6,49.6,49.6,49.6,49.6,49.6,49.6
2021,5,17,39.5,39.5,39.5,39.5,39.5,39.5,39.5,39.5,39.5,39.5,39.5,39.5,39.5,39.5,39.5,39.5,39.5,39.5,39.5,39.5
2021,5,17,50.3,50.3,50.3,50.3,50.3,50.3,50.3,50.3,50.3,50.3,50.3,50.3,50.3,50.3,50.3,50.3,50.3,50.3,50.3,50.3
2021,5,18,49.5,49.5,49.5,49.5,49.5,49.5,49.5,49.5,49.5,49.5,49.5,49.5,49.5,49.5,49.5,49.5,49.5,49.5,49.5,49.5
2021,5,18,39.5,39.5,39.5,39.5,39.5,39.5,39.5,39.5,39.5,39.5,39.5,39.5,39.5,39.5,39.5,39.5,39.5,39.5,39.5,39.5
2021,5,20,39.4,39.4,39.4,39.4,39.4,39.4,39.4,39.4,39.4,39.4,39.4,39.4,39.4,39.4,39.4,39.4,39.4,39.4,39.4,39.4
2021,5,21,39.4,39.4,39.4,39.4,39.4,39.4,39.4,39.4,39.4,39.4,39.4,39.4,39.4,39.4,39.4,39.4,39.4,39.4,39.4,39.4
2021,5,25,40.0,40.0,40.0,40.0,40.0,40.0,40.0,40.0,40.0,40.0,40.0,40.0,40.0,40.0,40.0,40.0,40.0,40.0,40.0,40.0
2021,5,25,48.4,48.4,48.4,48.4,48.4,48.4,48.4,48.4,48.4,48.4,48.4,48.4,48.4,48.4,48.4,48.4,48.4,48.4,48.4,48.4
2021,5,31,48.3,48.3,48.3,48.3,48.3,48.3,48.3,48.3,48.3,48.3,48.3,48.3,48.3,48.3,48.3,48.3,48.3,48.3,48.3,48.3
2021,6,3,48.5,48.5,48.5,48.5,48.5,48.5,48.5,48.5,48.5,48.5,48.5,48.5,48.5,48.5,48.5,48.5,48.5,48.5,48.5,48.5
2021,6,4,40.3,40.3,40.3,40.3,40.3,40.3,40.3,40.3,40.3,40.3,40.3,40.3,40.3,40.3,40.3,40.3,40.3,40.3,40.3,40.3
2021,6,8,50.0,50.0,50.0,50.0,50.0,50.0,50.0,50.0,50.0,50.0,50.0,50.0,50.0,50.0,50.0,50.0,50.0,50.0,50.0,50.0
2021,6,8,40.2,40.2,40.2,40.2,40.2,40.2,40.2,40.2,40.2,40.2,40.2,40.2,40.2,40.2,40.2,40.2,40.2,40.2,40.2,40.2
2021,6,10,50.4,50.4,50.4,50.4,50.4,50.4,50.4,50.4,50.4,50.4,50.4,50.4,50.4,50.4,50.4,50.4,50.4,50.4,50.4,50.4
2021,6,11,51.0,51.0,51.0,51.0,51.0,51.0,51.0,51.0,51.0,51.0,51.0,51.0,51.0,51.0,51.0,51.0,51.0,51.0,51.0,51.0
2021,6,11,40.4,40.4,40.4,40.4,40.4,40.4,40.4,40.4,40.4,40.4,40.4,40.4,40.4,40.4,40.4,40.4,40.4,40.4,40.4,40.4
2021,6,15,50.7,50.7,50.7,50.7,50.7,50.7,50.7,50.7,50.7,50.7,50.7,50.7,50.7,50.7,50.7,50.7,50.7,50.7,50.7,50.7
2021,6,18,50.0,50.0,50.0,50.0,50.0,50.0,50.0,50.0,50.0,50.0,50.0,50.0,50.0,50.0,50.0,50.0,50.0,50.0,50.0,50.0
2021,6,21,50.5,50.5,50.5,50.5,50.5,50.5,50.5,50.5,50.5,50.5,50.5,50.5,50.5,50.5,50.5,50.5,50.5,50.5,50.5,50.5
2021,6,22,40.0,40.0,40.0,40.0,40.0,40.0,40.0,40.0,40.0,40.0,40.0,40.0,40.0,40.0,40.0,40.0,40.0,40.0,40.0,40.0
2021,6,23,40.0,40.0,40.0,40.0,40.0,40.0,40.0,40.0,40.0,40.0,40.0,40.0,40.0,40.0,40.0,40.0,40.0,40.0,40.0,40.0
2021,6,23,50.4,50.4,50.4,50.4,50.4,50.4,50.4,50.4,50.4,50.4,50.4,50.4,50.4,50.4,50.4,50.4,50.4,50.4,50.4,50.4
2021,6,28,50.4,50.4,50.4,50.4,50.4,50.4,50.4,50.4,50.4,50.4,50.4,50.4,50.4,50.4,50.4,50.4,50.4,50.4,50.4,50.4
2021,6,29,50.0,50.0,50.0,50.0,50.0,50.0,50.0,50.0,50.0,50.0,50.0,50.0,50.0,50.0,50.0,50.0,50.0,50.0,50.0,50.0
2021,6,30,49.2,49.2,49.2,49.2,49.2,49.2,49.2,49.2,49.2,49.2,49.2,49.2,49.2,49.2,49.2,49.2,49.2,49.2,49.2,49.2
2021,6,30,38.5,38.5,38.5,38.5,38.5,38.5,38.5,38.5,38.5,38.5,38.5,38.5,38.5,38.5,38.5,38.5,38.5,38.5,38.5,38.5
2021,7,7,38.4,38.4,38.4,38.4,38.4,38.4,38.4,38.4,38.4,38.4,38.4,38.4,38.4,38.4,38.4,38.4,38.4,38.4,38.4,38.4
2021,7,9,38.5,38.5,38.5,38.5,38.5,38.5,38.5,38.5,38.5,38.5,38.5,38.5,38.5,38.5,38.5,38.5,38.5,38.5,38.5,38.5
2021,7,9,48.5,48.5,48.5,48.5,48.5,48.5,48.5,48.5,48.5,48.5,48.5,48.5,48.5,48.5,48.5,48.5,48.5,48.5,48.5,48.5
2021,7,12,48.5,48.5,48.5,48.5,48.5,48.5,48.5,48.5,48.5,48.5,48.5,48.5,48.5,48.5,48.5,48.5,48.5,48.5,48.5,48.5
2021,7,14,48.5,48.5,48.5,48.5,48.5,48.5,48.5,48.5,48.5,48.5,48.5,48.5,48.5,48.5,48.5,48.5,48.5,48.5,48.5,48.5
2021,7,15,48.6,48.6,48.6,48.6,48.6,48.6,48.6,48.6,48.6,48.6,48.6,48.6,48.6,48.6,48.6,48.6,48.6,48.6,48.6,48.6
2021,7,15,38.3,38.3,38.3,38.3,38.3,38.3,38.3,38.3,38.3,38.3,38.3,38.3,38.3,38.3,38.3,38.3,38.3,38.3,38.3,38.3
2021,7,16,38.1,38.1,38.1,38.1,38.1,38.1,38.1,38.1,38.1,38.1,38.1,38.1,38.1,38.1,38.1,38.1,38.1,38.1,38.1,38.1
2021,7,16,48.4,48.4,48.4,48.4,48.4,48.4,48.4,48.4,48.4,48.4,48.4,48.4,48.4,48.4,48.4,48.4,48.4,48.4,48.4,48.4
2021,7,19,38.1,38.1,38.1,38.1,38.1,38.1,38.1,38.1,38.1,38.1,38.1,38.1,38.1,38.1,38.1,38.1,38.1,38.1,38.1,38.1
2021,7,20,38.0,38.0,38.0,38.0,38.0,38.0,38.0,38.0,38.0,38.0,38.0,38.0,38.0,38.0,38.0,38.0,38.0,38.0,38.0,38.0
2021,7,28,36.8,36.8,36.8,36.8,36.8,36.8,36.8,36.8,36.8,36.8,36.8,36.8,36.8,36.8,36.8,36.8,36.8,36.8,36.8,36.8
2021,7,30,36.9,36.9,36.9,36.9,36.9,36.9,36.9,36.9,36.9,36.9,36.9,36.9,36.9,36.9,36.9,36.9,36.9,36.9,36.9,36.9
2021,8,5,35.9,35.9,35.9,35.9,35.9,35.9,35.9,35.9,35.9,35.9,35.9,35.9,35.9,35.9,35.9,35.9,35.9,35.9,35.9,35.9
2021,8,6,45.6,45.6,45.6,45.6,45.6,45.6,45.6,45.6,45.6,45.6,45.6,45.6,45.6,45.6,45.6,45.6,45.6,45.6,45.6,45.6
2021,8,9,44.7,44.7,44.7,44.7,44.7,44.7,44.7,44.7,44.7,44.7,44.7,44.7,44.7,44.7,44.7,44.7,44.7,44.7,44.7,44.7
2021,8,10,45.0,45.0,45.0,45.0,45.0,45.0,45.0,45.0,45.0,45.0,45.0,45.0,45.0,45.0,45.0,45.0,45.0,45.0,45.0,45.0
2021,8,13,45.0,45.0,45.0,45.0,45.0,45.0,45.0,45.0,45.0,45.0,45.0,45.0,45.0,45.0,45.0,45.0,45.0,45.0,45.0,45.0
2021,8,16,45.0,45.0,45.0,45.0,45.0,45.0,45.0,45.0,45.0,45.0,45.0,45.0,45.0,45.0,45.0,45.0,45.0,45.0,45.0,45.0
2021,8,17,46.0,46.0,46.0,46.0,46.0,46.0,46.0,46.0,46.0,46.0,46.0,46.0,46.0,46.0,46.0,46.0,46.0,46.0,46.0,46.0
2021,8,18,37.0,37.0,37.0,37.0,37.0,37.0,37.0,37.0,37.0,37.0,37.0,37.0,37.0,37.0,37.0,37.0,37.0,37.0,37.0,37.0
2021,8,19,46.6,46.6,46.6,46.6,46.6,46.6,46.6,46.6,46.6,46.6,46.6,46.6,46.6,46.6,46.6,46.6,46.6,46.6,46.6,46.6
2021,8,20,37.0,37.0,37.0,37.0,37.0,37.0,37.0,37.0,37.0,37.0,37.0,37.0,37.0,37.0,37.0,37.0,37.0,37.0,37.0,37.0
2021,8,24,47.0,47.0,47.0,47.0,47.0,47.0,47.0,47.0,47.0,47.0,47.0,47.0,47.0,47.0,47.0,47.0,47.0,47.0,47.0,47.0
2021,8,25,37.5,37.5,37.5,37.5,37.5,37.5,37.5,37.5,37.5,37.5,37.5,37.5,37.5,37.5,37.5,37.5,37.5,37.5,37.5,37.5
2021,8,26,50.7,50.7,50.7,50.7,50.7,50.7,50.7,50.7,50.7,50.7,50.7,50.7,50.7,50.7,50.7,50.7,50.7,50.7,50.7,50.7
2021,8,27,47.1,47.1,47.1,47.1,47.1,47.1,47.1,47.1,47.1,47.1,47.1,47.1,47.1,47.1,47.1,47.1,47.1,47.1,47.1,47.1
2021,8,31,48.0,48.0,48.0,48.0,48.0,48.0,48.0,48.0,48.0,48.0,48.0,48.0,48.0,48.0,48.0,48.0,48.0,48.0,48.0,48.0
2021,9,1,36.8,36.8,36.8,36.8,36.8,36.8,36.8,36.8,36.8,36.8,36.8,36.8,36.8,36.8,36.8,36.8,36.8,36.8,36.8,36.8
2021,9,2,37.0,37.0,37.0,37.0,37.0,37.0,37.0,37.0,37.0,37.0,37.0,37.0,37.0,37.0,37.0,37.0,37.0,37.0,37.0,37.0
2021,9,2,47.2,47.2,47.2,47.2,47.2,47.2,47.2,47.2,47.2,47.2,47.2,47.2,47.2,47.2,47.2,47.2,47.2,47.2,47.2,47.2
2021,9,3,36.6,36.6,36.6,36.6,36.6,36.6,36.6,36.6,36.6,36.6,36.6,36.6,36.6,36.6,36.6,36.6,36.6,36.6,36.6,36.6
2021,9,7,36.1,36.1,36.1,36.1,36.1,36.1,36.1,36.1,36.1,36.1,36.1,36.1,36.1,36.1,36.1,36.1,36.1,36.1,36.1,36.1
2021,9,8,46.1,46.1,46.1,46.1,46.1,46.1,46.1,46.1,46.1,46.1,46.1,46.1,46.1,46.1,46.1,46.1,46.1,46.1,46.1,46.1
2021,9,9,37.0,37.0,37.0,37.0,37.0,37.0,37.0,37.0,37.0,37.0,37.0,37.0,37.0,37.0,37.0,37.0,37.0,37.0,37.0,37.0
2021,9,10,46.0,46.0,46.0,46.0,46.0,46.0,46.0,46.0,46.0,46.0,46.0,46.0,46.0,46.0,46.0,46.0,46.0,46.0,46.0,46.0
2021,9,15,36.8,36.8,36.8,36.8,36.8,36.8,36.8,36.8,36.8,36.8,36.8,36.8,36.8,36.8,36.8,36.8,36.8,36.8,36.8,36.8
2021,9,17,36.9,36.9,36.9,36.9,36.9,36.9,36.9,36.9,36.9,36.9,36.9,36.9,36.9,36.9,36.9,36.9,36.9,36.9,36.9,36.9
2021,9,21,36.0,36.0,36.0,36.0,36.0,36.0,36.0,36.0,36.0,36.0,36.0,36.0,36.0,36.0,36.0,36.0,36.0,36.0,36.0,36.0
2021,9,21,46.0,46.0,46.0,46.0,46.0,46.0,46.0,46.0,46.0,46.0,46.0,46.0,46.0,46.0,46.0,46.0,46.0,46.0,46.0,46.0
2021,9,24,37.4,37.4,37.4,37.4,37.4,37.4,37.4,37.4,37.4,37.4,37.4,37.4,37.4,37.4,37.4,37.4,37.4,37.4,37.4,37.4
2021,9,24,46.8,46.8,46.8,46.8,46.8,46.8,46.8,46.8,46.8,46.8,46.8,46.8,46.8,46.8,46.8,46.8,46.8,46.8,46.8,46.8
2021,9,27,45.5,45.5,45.5,45.5,45.5,45.5,45.5,45.5,45.5,45.5,45.5,45.5,45.5,45.5,45.5,45.5,45.5,45.5,45.5,45.5
2021,9,28,36.4,36.4,36.4,36.4,36.4,36.4,36.4,36.4,36.4,36.4,36.4,36.4,36.4,36.4,36.4,36.4,36.4,36.4,36.4,36.4
2021,9,29,36.1,36.1,36.1,36.1,36.1,36.1,36.1,36.1,36.1,36.1,36.1,36.1,36.1,36.1,36.1,36.1,36.1,36.1,36.1,36.1
2021,9,30,37.0,37.0,37.0,37.0,37.0,37.0,37.0,37.0,37.0,37.0,37.0,37.0,37.0,37.0,37.0,37.0,37.0,37.0,37.0,37.0
2021,10,6,39.0,39.0,39.0,39.0,39.0,39.0,39.0,39.0,39.0,39.0,39.0,39.0,39.0,39.0,39.0,39.0,39.0,39.0,39.0,39.0
2021,10,7,38.8,38.8,38.8,38.8,38.8,38.8,38.8,38.8,38.8,38.8,38.8,38.8,38.8,38.8,38.8,38.8,38.8,38.8,38.8,38.8
2021,10,8,48.0,48.0,48.0,48.0,48.0,48.0,48.0,48.0,48.0,48.0,48.0,48.0,48.0,48.0,48.0,48.0,48.0,48.0,48.0,48.0
2021,10,11,48.1,48.1,48.1,48.1,48.1,48.1,48.1,48.1,48.1,48.1,48.1,48.1,48.1,48.1,48.1,48.1,48.1,48.1,48.1,48.1
2021,10,12,37.8,37.8,37.8,37.8,37.8,37.8,37.8,37.8,37.8,37.8,37.8,37.8,37.8,37.8,37.8,37.8,37.8,37.8,37.8,37.8
2021,10,18,38.0,38.0,38.0,38.0,38.0,38.0,38.0,38.0,38.0,38.0,38.0,38.0,38.0,38.0,38.0,38.0,38.0,38.0,38.0,38.0
2021,10,22,46.7,46.7,46.7,46.7,46.7,46.7,46.7,46.7,46.7,46.7,46.7,46.7,46.7,46.7,46.7,46.7,46.7,46.7,46.7,46.7
2021,10,25,37.0,37.0,37.0,37.0,37.0,37.0,37.0,37.0,37.0,37.0,37.0,37.0,37.0,37.0,37.0,37.0,37.0,37.0,37.0,37.0
2021,10,25,46.7,46.7,46.7,46.7,46.7,46.7,46.7,46.7,46.7,46.7,46.7,46.7,46.7,46.7,46.7,46.7,46.7,46.7,46.7,46.7
2021,10,28,47.4,47.4,47.4,47.4,47.4,47.4,47.4,47.4,47.4,47.4,47.4,47.4,47.4,47.4,47.4,47.4,47.4,47.4,47.4,47.4
2021,10,28,37.9,37.9,37.9,37.9,37.9,37.9,37.9,37.9,37.9,37.9,37.9,37.9,37.9,37.9,37.9,37.9,37.9,37.9,37.9,37.9
2021,10,29,48.0,48.0,48.0,48.0,48.0,48.0,48.0,48.0,48.0,48.0,48.0,48.0,48.0,48.0,48.0,48.0,48.0,48.0,48.0,48.0
2021,10,29,37.8,37.8,37.8,37.8,37.8,37.8,37.8,37.8,37.8,37.8,37.8,37.8,37.8,37.8,37.8,37.8,37.8,37.8,37.8,37.8
2021,11,1,47.7,47.7,47.7,47.7,47.7,47.7,47.7,47.7,47.7,47.7,47.7,47.7,47.7,47.7,47.7,47.7,47.7,47.7,47.7,47.7
2021,11,10,46.1,46.1,46.1,46.1,46.1,46.1,46.1,46.1,46.1,46.1,46.1,46.1,46.1,46.1,46.1,46.1,46.1,46.1,46.1,46.1
2021,11,11,37.0,37.0,37.0,37.0,37.0,37.0,37.0,37.0,37.0,37.0,37.0,37.0,37.0,37.0,37.0,37.0,37.0,37.0,37.0,37.0
2021,11,11,46.1,46.1,46.1,46.1,46.1,46.1,46.1,46.1,46.1,46.1,46.1,46.1,46.1,46.1,46.1,46.1,46.1,46.1,46.1,46.1
2021,11,12,47.0,47.0,47.0,47.0,47.0,47.0,47.0,47.0,47.0,47.0,47.0,47.0,47.0,47.0,47.0,47.0,47.0,47.0,47.0,47.0
2021,11,12,36.6,36.6,36.6,36.6,36.6,36.6,36.6,36.6,36.6,36.6,36.6,36.6,36.6,36.6,36.6,36.6,36.6,36.6,36.6,36.6
2021,11,22,45.4,45.4,45.4,45.4,45.4,45.4,45.4,45.4,45.4,45.4,45.4,45.4,45.4,45.4,45.4,45.4,45.4,45.4,45.4,45.4
2021,11,23,34.9,34.9,34.9,34.9,34.9,34.9,34.9,34.9,34.9,34.9,34.9,34.9,34.9,34.9,34.9,34.9,34.9,34.9,34.9,34.9
2021,11,24,46.0,46.0,46.0,46.0,46.0,46.0,46.0,46.0,46.0,46.0,46.0,46.0,46.0,46.0,46.0,46.0,46.0,46.0,46.0,46.0
2021,11,29,45.0,45.0,45.0,45.0,45.0,45.0,45.0,45.0,45.0,45.0,45.0,45.0,45.0,45.0,45.0,45.0,45.0,45.0,45.0,45.0
2021,11,30,45.0,45.0,45.0,45.0,45.0,45.0,45.0,45.0,45.0,45.0,45.0,45.0,45.0,45.0,45.0,45.0,45.0,45.0,45.0,45.0
2021,12,1,33.9,33.9,33.9,33.9,33.9,33.9,33.9,33.9,33.9,33.9,33.9,33.9,33.9,33.9,33.9,33.9,33.9,33.9,33.9,33.9
2021,12,2,45.0,45.0,45.0,45.0,45.0,45.0,45.0,45.0,45.0,45.0,45.0,45.0,45.0,45.0,45.0,45.0,45.0,45.0,45.0,45.0
2021,12,2,34.0,34.0,34.0,34.0,34.0,34.0,34.0,34.0,34.0,34.0,34.0,34.0,34.0,34.0,34.0,34.0,34.0,34.0,34.0,34.0
2021,12,6,44.5,44.5,44.5,44.5,44.5,44.5,44.5,44.5,44.5,44.5,44.5,44.5,44.5,44.5,44.5,44.5,44.5,44.5,44.5,44.5
2021,12,7,34.5,34.5,34.5,34.5,34.5,34.5,34.5,34.5,34.5,34.5,34.5,34.5,34.5,34.5,34.5,34.5,34.5,34.5,34.5,34.5
2021,12,13,44.0,44.0,44.0,44.0,44.0,44.0,44.0,44.0,44.0,44.0,44.0,44.0,44.0,44.0,44.0,44.0,44.0,44.0,44.0,44.0
2021,12,16,43.6,43.6,43.6,43.6,43.6,43.6,43.6,43.6,43.6,43.6,43.6,43.6,43.6,43.6,43.6,43.6,43.6,43.6,43.6,43.6
2021,12,17,34.1,34.1,34.1,34.1,34.1,34.1,34.1,34.1,34.1,34.1,34.1,34.1,34.1,34.1,34.1,34.1,34.1,34.1,34.1,34.1
2021,12,24,43.0,43.0,43.0,43.0,43.0,43.0,43.0,43.0,43.0,43.0,43.0,43.0,43.0,43.0,43.0,43.0,43.0,43.0,43.0,43.0
2021,12,28,33.0,33.0,33.0,33.0,33.0,33.0,33.0,33.0,33.0,33.0,33.0,33.0,33.0,33.0,33.0,33.0,33.0,33.0,33.0,33.0
2021,12,30,33.2,33.2,33.2,33.2,33.2,33.2,33.2,33.2,33.2,33.2,33.2,33.2,33.2,33.2,33.2,33.2,33.2,33.2,33.2,33.2
2021,12,30,44.2,44.2,44.2,44.2,44.2,44.2,44.2,44.2,44.2,44.2,44.2,44.2,44.2,44.2,44.2,44.2,44.2,44.2,44.2,44.2
2021,12,31,44.0,44.0,44.0,44.0,44.0,44.0,44.0,44.0,44.0,44.0,44.0,44.0,44.0,44.0,44.0,44.0,44.0,44.0,44.0,44.0
2022,1,4,34.1,34.1,34.1,34.1,34.1,34.1,34.1,34.1,34.1,34.1,34.1,34.1,34.1,34.1,34.1,34.1,34.1,34.1,34.1,34.1
2022,1,5,44.0,44.0,44.0,44.0,44.0,44.0,44.0,44.0,44.0,44.0,44.0,44.0,44.0,44.0,44.0,44.0,44.0,44.0,44.0,44.0
2022,1,5,34.2,34.2,34.2,34.2,34.2,34.2,34.2,34.2,34.2,34.2,34.2,34.2,34.2,34.2,34.2,34.2,34.2,34.2,34.2,34.2
2022,1,6,44.0,44.0,44.0,44.0,44.0,44.0,44.0,44.0,44.0,44.0,44.0,44.0,44.0,44.0,44.0,44.0,44.0,44.0,44.0,44.0
2022,1,10,45.8,45.8,45.8,45.8,45.8,45.8,45.8,45.8,45.8,45.8,45.8,45.8,45.8,45.8,45.8,45.8,45.8,45.8,45.8,45.8
2022,1,13,35.2,35.2,35.2,35.2,35.2,35.2,35.2,35.2,35.2,35.2,35.2,35.2,35.2,35.2,35.2,35.2,35.2,35.2,35.2,35.2
2022,1,19,35.6,35.6,35.6,35.6,35.6,35.6,35.6,35.6,35.6,35.6,35.6,35.6,35.6,35.6,35.6,35.6,35.6,35.6,35.6,35.6
2022,1,19,46.3,46.3,46.3,46.3,46.3,46.3,46.3,46.3,46.3,46.3,46.3,46.3,46.3,46.3,46.3,46.3,46.3,46.3,46.3,46.3
2022,1,20,34.6,34.6,34.6,34.6,34.6,34.6,34.6,34.6,34.6,34.6,34.6,34.6,34.6,34.6,34.6,34.6,34.6,34.6,34.6,34.6
2022,1,21,35.0,35.0,35.0,35.0,35.0,35.0,35.0,35.0,35.0,35.0,35.0,35.0,35.0,35.0,35.0,35.0,35.0,35.0,35.0,35.0
2022,1,21,46.2,46.2,46.2,46.2,46.2,46.2,46.2,46.2,46.2,46.2,46.2,46.2,46.2,46.2,46.2,46.2,46.2,46.2,46.2,46.2
2022,1,24,35.1,35.1,35.1,35.1,35.1,35.1,35.1,35.1,35.1,35.1,35.1,35.1,35.1,35.1,35.1,35.1,35.1,35.1,35.1,35.1
2022,1,25,45.9,45.9,45.9,45.9,45.9,45.9,45.9,45.9,45.9,45.9,45.9,45.9,45.9,45.9,45.9,45.9,45.9,45.9,45.9,45.9
2022,1,26,45.6,45.6,45.6,45.6,45.6,45.6,45.6,45.6,45.6,45.6,45.6,45.6,45.6,45.6,45.6,45.6,45.6,45.6,45.6,45.6
2022,1,26,33.8,33.8,33.8,33.8,33.8,33.8,33.8,33.8,33.8,33.8,33.8,33.8,33.8,33.8,33.8,33.8,33.8,33.8,33.8,33.8
2022,1,28,44.5,44.5,44.5,44.5,44.5,44.5,44.5,44.5,44.5,44.5,44.5,44.5,44.5,44.5,44.5,44.5,44.5,44.5,44.5,44.5
2022,1,31,33.6,33.6,33.6,33.6,33.6,33.6,33.6,33.6,33.6,33.6,33.6,33.6,33.6,33.6,33.6,33.6,33.6,33.6,33.6,33.6
2022,2,3,43.8,43.8,43.8,43.8,43.8,43.8,43.8,43.8,43.8,43.8,43.8,43.8,43.8,43.8,43.8,43.8,43.8,43.8,43.8,43.8
2022,2,7,33.0,33.0,33.0,33.0,33.0,33.0,33.0,33.0,33.0,33.0,33.0,33.0,33.0,33.0,33.0,33.0,33.0,33.0,33.0,33.0
2022,2,8,32.1,32.1,32.1,32.1,32.1,32.1,32.1,32.1,32.1,32.1,32.1,32.1,32.1,32.1,32.1,32.1,32.1,32.1,32.1,32.1
2022,2,9,32.0,32.0,32.0,32.0,32.0,32.0,32.0,32.0,32.0,32.0,32.0,32.0,32.0,32.0,32.0,32.0,32.0,32.0,32.0,32.0
2022,2,9,42.6,42.6,42.6,42.6,42.6,42.6,42.6,42.6,42.6,42.6,42.6,42.6,42.6,42.6,42.6,42.6,42.6,42.6,42.6,42.6
2022,2,10,33.4,33.4,33.4,33.4,33.4,33.4,33.4,33.4,33.4,33.4,33.4,33.4,33.4,33.4,33.4,33.4,33.4,33.4,33.4,33.4
2022,2,14,43.8,43.8,43.8,43.8,43.8,43.8,43.8,43.8,43.8,43.8,43.8,43.8,43.8,43.8,43.8,43.8,43.8,43.8,43.8,43.8
2022,2,15,33.0,33.0,33.0,33.0,33.0,33.0,33.0,33.0,33.0,33.0,33.0,33.0,33.0,33.0,33.0,33.0,33.0,33.0,33.0,33.0
2022,2,17,34.5,34.5,34.5,34.5,34.5,34.5,34.5,34.5,34.5,34.5,34.5,34.5,34.5,34.5,34.5,34.5,34.5,34.5,34.5,34.5
2022,2,21,43.0,43.0,43.0,43.0,43.0,43.0,43.0,43.0,43.0,43.0,43.0,43.0,43.0,43.0,43.0,43.0,43.0,43.0,43.0,43.0
2022,2,21,32.2,32.2,32.2,32.2,32.2,32.2,32.2,32.2,32.2,32.2,32.2,32.2,32.2,32.2,32.2,32.2,32.2,32.2,32.2,32.2
2022,2,22,43.0,43.0,43.0,43.0,43.0,43.0,43.0,43.0,43.0,43.0,43.0,43.0,43.0,43.0,43.0,43.0,43.0,43.0,43.0,43.0
2022,2,28,32.6,32.6,32.6,32.6,32.6,32.6,32.6,32.6,32.6,32.6,32.6,32.6,32.6,32.6,32.6,32.6,32.6,32.6,32.6,32.6
2022,3,2,32.1,32.1,32.1,32.1,32.1,32.1,32.1,32.1,32.1,32.1,32.1,32.1,32.1,32.1,32.1,32.1,32.1,32.1,32.1,32.1
2022,3,10,31.8,31.8,31.8,31.8,31.8,31.8,31.8,31.8,31.8,31.8,31.8,31.8,31.8,31.8,31.8,31.8,31.8,31.8,31.8,31.8
2022,3,14,37.7,37.7,37.7,37.7,37.7,37.7,37.7,37.7,37.7,37.7,37.7,37.7,37.7,37.7,37.7,37.7,37.7,37.7,37.7,37.7
2022,3,14,31.8,31.8,31.8,31.8,31.8,31.8,31.8,31.8,31.8,31.8,31.8,31.8,31.8,31.8,31.8,31.8,31.8,31.8,31.8,31.8
2022,3,15,30.5,30.5,30.5,30.5,30.5,30.5,30.5,30.5,30.5,30.5,30.5,30.5,30.5,30.5,30.5,30.5,30.5,30.5,30.5,30.5
2022,3,16,36.2,36.2,36.2,36.2,36.2,36.2,36.2,36.2,36.2,36.2,36.2,36.2,36.2,36.2,36.2,36.2,36.2,36.2,36.2,36.2
2022,3,18,29.1,29.1,29.1,29.1,29.1,29.1,29.1,29.1,29.1,29.1,29.1,29.1,29.1,29.1,29.1,29.1,29.1,29.1,29.1,29.1
2022,3,18,36.3,36.3,36.3,36.3,36.3,36.3,36.3,36.3,36.3,36.3,36.3,36.3,36.3,36.3,36.3,36.3,36.3,36.3,36.3,36.3
2022,3,21,31.5,31.5,31.5,31.5,31.5,31.5,31.5,31.5,31.5,31.5,31.5,31.5,31.5,31.5,31.5,31.5,31.5,31.5,31.5,31.5
2022,3,23,38.0,38.0,38.0,38.0,38.0,38.0,38.0,38.0,38.0,38.0,38.0,38.0,38.0,38.0,38.0,38.0,38.0,38.0,38.0,38.0
2022,3,25,35.3,35.3,35.3,35.3,35.3,35.3,35.3,35.3,35.3,35.3,35.3,35.3,35.3,35.3,35.3,35.3,35.3,35.3,35.3,35.3
2022,3,28,35.1,35.1,35.1,35.1,35.1,35.1,35.1,35.1,35.1,35.1,35.1,35.1,35.1,35.1,35.1,35.1,35.1,35.1,35.1,35.1
2022,3,30,27.4,27.4,27.4,27.4,27.4,27.4,27.4,27.4,27.4,27.4,27.4,27.4,27.4,27.4,27.4,27.4,27.4,27.4,27.4,27.4
2022,3,31,24.8,24.8,24.8,24.8,24.8,24.8,24.8,24.8,24.8,24.8,24.8,24.8,24.8,24.8,24.8,24.8,24.8,24.8,24.8,24.8
2022,4,5,27.2,27.2,27.2,27.2,27.2,27.2,27.2,27.2,27.2,27.2,27.2,27.2,27.2,27.2,27.2,27.2,27.2,27.2,27.2,27.2
2022,4,6,32.3,32.3,32.3,32.3,32.3,32.3,32.3,32.3,32.3,32.3,32.3,32.3,32.3,32.3,32.3,32.3,32.3,32.3,32.3,32.3
2022,4,28,29.5,29.5,29.5,29.5,29.5,29.5,29.5,29.5,29.5,29.5,29.5,29.5,29.5,29.5,29.5,29.5,29.5,29.5,29.5,29.5
2022,4,28,20.0,20.0,20.0,20.0,20.0,20.0,20.0,20.0,20.0,20.0,20.0,20.0,20.0,20.0,20.0,20.0,20.0,20.0,20.0,20.0
2022,4,29,19.2,19.2,19.2,19.2,19.2,19.2,19.2,19.2,19.2,19.2,19.2,19.2,19.2,19.2,19.2,19.2,19.2,19.2,19.2,19.2
2022,5,4,29.4,29.4,29.4,29.4,29.4,29.4,29.4,29.4,29.4,29.4,29.4,29.4,29.4,29.4,29.4,29.4,29.4,29.4,29.4,29.4
2022,5,9,28.2,28.2,28.2,28.2,28.2,28.2,28.2,28.2,28.2,28.2,28.2,28.2,28.2,28.2,28.2,28.2,28.2,28.2,28.2,28.2
2022,5,17,31.5,31.5,31.5,31.5,31.5,31.5,31.5,31.5,31.5,31.5,31.5,31.5,31.5,31.5,31.5,31.5,31.5,31.5,31.5,31.5
2022,5,17,20.2,20.2,20.2,20.2,20.2,20.2,20.2,20.2,20.2,20.2,20.2,20.2,20.2,20.2,20.2,20.2,20.2,20.2,20.2,20.2
2022,5,18,31.7,31.7,31.7,31.7,31.7,31.7,31.7,31.7,31.7,31.7,31.7,31.7,31.7,31.7,31.7,31.7,31.7,31.7,31.7,31.7
2022,5,19,20.0,20.0,20.0,20.0,20.0,20.0,20.0,20.0,20.0,20.0,20.0,20.0,20.0,20.0,20.0,20.0,20.0,20.0,20.0,20.0
2022,5,20,20.1,20.1,20.1,20.1,20.1,20.1,20.1,20.1,20.1,20.1,20.1,20.1,20.1,20.1,20.1,20.1,20.1,20.1,20.1,20.1
2022,5,20,30.0,30.0,30.0,30.0,30.0,30.0,30.0,30.0,30.0,30.0,30.0,30.0,30.0,30.0,30.0,30.0,30.0,30.0,30.0,30.0
2022,5,23,19.9,19.9,19.9,19.9,19.9,19.9,19.9,19.9,19.9,19.9,19.9,19.9,19.9,19.9,19.9,19.9,19.9,19.9,19.9,19.9
2022,5,24,28.0,28.0,28.0,28.0,28.0,28.0,28.0,28.0,28.0,28.0,28.0,28.0,28.0,28.0,28.0,28.0,28.0,28.0,28.0,28.0
2022,5,25,19.0,19.0,19.0,19.0,19.0,19.0,19.0,19.0,19.0,19.0,19.0,19.0,19.0,19.0,19.0,19.0,19.0,19.0,19.0,19.0
2022,5,27,28.1,28.1,28.1,28.1,28.1,28.1,28.1,28.1,28.1,28.1,28.1,28.1,28.1,28.1,28.1,28.1,28.1,28.1,28.1,28.1
2022,5,31,17.5,17.5,17.5,17.5,17.5,17.5,17.5,17.5,17.5,17.5,17.5,17.5,17.5,17.5,17.5,17.5,17.5,17.5,17.5,17.5
2022,6,1,17.3,17.3,17.3,17.3,17.3,17.3,17.3,17.3,17.3,17.3,17.3,17.3,17.3,17.3,17.3,17.3,17.3,17.3,17.3,17.3
2022,6,7,17.0,17.0,17.0,17.0,17.0,17.0,17.0,17.0,17.0,17.0,17.0,17.0,17.0,17.0,17.0,17.0,17.0,17.0,17.0,17.0
2022,6,9,28.1,28.1,28.1,28.1,28.1,28.1,28.1,28.1,28.1,28.1,28.1,28.1,28.1,28.1,28.1,28.1,28.1,28.1,28.1,28.1
2022,6,10,29.1,29.1,29.1,29.1,29.1,29.1,29.1,29.1,29.1,29.1,29.1,29.1,29.1,29.1,29.1,29.1,29.1,29.1,29.1,29.1
2022,6,13,16.8,16.8,16.8,16.8,16.8,16.8,16.8,16.8,16.8,16.8,16.8,16.8,16.8,16.8,16.8,16.8,16.8,16.8,16.8,16.8
2022,6,16,17.0,17.0,17.0,17.0,17.0,17.0,17.0,17.0,17.0,17.0,17.0,17.0,17.0,17.0,17.0,17.0,17.0,17.0,17.0,17.0
2022,6,17,16.9,16.9,16.9,16.9,16.9,16.9,16.9,16.9,16.9,16.9,16.9,16.9,16.9,16.9,16.9,16.9,16.9,16.9,16.9,16.9
2022,6,17,28.0,28.0,28.0,28.0,28.0,28.0,28.0,28.0,28.0,28.0,28.0,28.0,28.0,28.0,28.0,28.0,28.0,28.0,28.0,28.0
2022,6,20,28.0,28.0,28.0,28.0,28.0,28.0,28.0,28.0,28.0,28.0,28.0,28.0,28.0,28.0,28.0,28.0,28.0,28.0,28.0,28.0
2022,6,21,28.0,28.0,28.0,28.0,28.0,28.0,28.0,28.0,28.0,28.0,28.0,28.0,28.0,28.0,28.0,28.0,28.0,28.0,28.0,28.0
2022,6,22,16.0,16.0,16.0,16.0,16.0,16.0,16.0,16.0,16.0,16.0,16.0,16.0,16.0,16.0,16.0,16.0,16.0,16.0,16.0,16.0
2022,6,24,16.7,16.7,16.7,16.7,16.7,16.7,16.7,16.7,16.7,16.7,16.7,16.7,16.7,16.7,16.7,16.7,16.7,16.7,16.7,16.7
2022,6,27,28.0,28.0,28.0,28.0,28.0,28.0,28.0,28.0,28.0,28.0,28.0,28.0,28.0,28.0,28.0,28.0,28.0,28.0,28.0,28.0
2022,6,28,28.0,28.0,28.0,28.0,28.0,28.0,28.0,28.0,28.0,28.0,28.0,28.0,28.0,28.0,28.0,28.0,28.0,28.0,28.0,28.0
2022,6,29,16.0,16.0,16.0,16.0,16.0,16.0,16.0,16.0,16.0,16.0,16.0,16.0,16.0,16.0,16.0,16.0,16.0,16.0,16.0,16.0
2022,6,30,15.2,15.2,15.2,15.2,15.2,15.2,15.2,15.2,15.2,15.2,15.2,15.2,15.2,15.2,15.2,15.2,15.2,15.2,15.2,15.2
2022,6,30,28.0,28.0,28.0,28.0,28.0,28.0,28.0,28.0,28.0,28.0,28.0,28.0,28.0,28.0,28.0,28.0,28.0,28.0,28.0,28.0
2022,7,8,28.0,28.0,28.0,28.0,28.0,28.0,28.0,28.0,28.0,28.0,28.0,28.0,28.0,28.0,28.0,28.0,28.0,28.0,28.0,28.0
2022,7,8,14.0,14.0,14.0,14.0,14.0,14.0,14.0,14.0,14.0,14.0,14.0,14.0,14.0,14.0,14.0,14.0,14.0,14.0,14.0,14.0
2022,7,11,29.0,29.0,29.0,29.0,29.0,29.0,29.0,29.0,29.0,29.0,29.0,29.0,29.0,29.0,29.0,29.0,29.0,29.0,29.0,29.0
2022,7,12,28.4,28.4,28.4,28.4,28.4,28.4,28.4,28.4,28.4,28.4,28.4,28.4,28.4,28.4,28.4,28.4,28.4,28.4,28.4,28.4
2022,7,12,14.5,14.5,14.5,14.5,14.5,14.5,14.5,14.5,14.5,14.5,14.5,14.5,14.5,14.5,14.5,14.5,14.5,14.5,14.5,14.5
2022,7,15,15.2,15.2,15.2,15.2,15.2,15.2,15.2,15.2,15.2,15.2,15.2,15.2,15.2,15.2,15.2,15.2,15.2,15.2,15.2,15.2
2022,7,18,15.7,15.7,15.7,15.7,15.7,15.7,15.7,15.7,15.7,15.7,15.7,15.7,15.7,15.7,15.7,15.7,15.7,15.7,15.7,15.7
2022,7,19,15.9,15.9,15.9,15.9,15.9,15.9,15.9,15.9,15.9,15.9,15.9,15.9,15.9,15.9,15.9,15.9,15.9,15.9,15.9,15.9
2022,7,22,29.5,29.5,29.5,29.5,29.5,29.5,29.5,29.5,29.5,29.5,29.5,29.5,29.5,29.5,29.5,29.5,29.5,29.5,29.5,29.5
2022,7,27,29.7,29.7,29.7,29.7,29.7,29.7,29.7,29.7,29.7,29.7,29.7,29.7,29.7,29.7,29.7,29.7,29.7,29.7,29.7,29.7
2022,8,1,15.9,15.9,15.9,15.9,15.9,15.9,15.9,15.9,15.9,15.9,15.9,15.9,15.9,15.9,15.9,15.9,15.9,15.9,15.9,15.9
2022,8,2,15.7,15.7,15.7,15.7,15.7,15.7,15.7,15.7,15.7,15.7,15.7,15.7,15.7,15.7,15.7,15.7,15.7,15.7,15.7,15.7
2022,8,4,28.5,28.5,28.5,28.5,28.5,28.5,28.5,28.5,28.5,28.5,28.5,28.5,28.5,28.5,28.5,28.5,28.5,28.5,28.5,28.5
2022,8,5,15.7,15.7,15.7,15.7,15.7,15.7,15.7,15.7,15.7,15.7,15.7,15.7,15.7,15.7,15.7,15.7,15.7,15.7,15.7,15.7
2022,8,8,15.0,15.0,15.0,15.0,15.0,15.0,15.0,15.0,15.0,15.0,15.0,15.0,15.0,15.0,15.0,15.0,15.0,15.0,15.0,15.0
2022,8,16,29.1,29.1,29.1,29.1,29.1,29.1,29.1,29.1,29.1,29.1,29.1,29.1,29.1,29.1,29.1,29.1,29.1,29.1,29.1,29.1
2022,8,17,15.2,15.2,15.2,15.2,15.2,15.2,15.2,15.2,15.2,15.2,15.2,15.2,15.2,15.2,15.2,15.2,15.2,15.2,15.2,15.2
2022,8,17,28.4,28.4,28.4,28.4,28.4,28.4,28.4,28.4,28.4,28.4,28.4,28.4,28.4,28.4,28.4,28.4,28.4,28.4,28.4,28.4
2022,8,22,28.6,28.6,28.6,28.6,28.6,28.6,28.6,28.6,28.6,28.6,28.6,28.6,28.6,28.6,28.6,28.6,28.6,28.6,28.6,28.6
2022,8,23,16.0,16.0,16.0,16.0,16.0,16.0,16.0,16.0,16.0,16.0,16.0,16.0,16.0,16.0,16.0,16.0,16.0,16.0,16.0,16.0
2022,8,29,28.6,28.6,28.6,28.6,28.6,28.6,28.6,28.6,28.6,28.6,28.6,28.6,28.6,28.6,28.6,28.6,28.6,28.6,28.6,28.6
2022,8,31,16.0,16.0,16.0,16.0,16.0,16.0,16.0,16.0,16.0,16.0,16.0,16.0,16.0,16.0,16.0,16.0,16.0,16.0,16.0,16.0
2022,8,31,28.8,28.8,28.8,28.8,28.8,28.8,28.8,28.8,28.8,28.8,28.8,28.8,28.8,28.8,28.8,28.8,28.8,28.8,28.8,28.8
2022,9,2,28.0,28.0,28.0,28.0,28.0,28.0,28.0,28.0,28.0,28.0,28.0,28.0,28.0,28.0,28.0,28.0,28.0,28.0,28.0,28.0
2022,9,2,16.0,16.0,16.0,16.0,16.0,16.0,16.0,16.0,16.0,16.0,16.0,16.0,16.0,16.0,16.0,16.0,16.0,16.0,16.0,16.0
2022,9,8,15.9,15.9,15.9,15.9,15.9,15.9,15.9,15.9,15.9,15.9,15.9,15.9,15.9,15.9,15.9,15.9,15.9,15.9,15.9,15.9
2022,9,9,28.2,28.2,28.2,28.2,28.2,28.2,28.2,28.2,28.2,28.2,28.2,28.2,28.2,28.2,28.2,28.2,28.2,28.2,28.2,28.2
2022,9,9,15.8,15.8,15.8,15.8,15.8,15.8,15.8,15.8,15.8,15.8,15.8,15.8,15.8,15.8,15.8,15.8,15.8,15.8,15.8,15.8
2022,9,12,30.0,30.0,30.0,30.0,30.0,30.0,30.0,30.0,30.0,30.0,30.0,30.0,30.0,30.0,30.0,30.0,30.0,30.0,30.0,30.0
2022,9,12,16.6,16.6,16.6,16.6,16.6,16.6,16.6,16.6,16.6,16.6,16.6,16.6,16.6,16.6,16.6,16.6,16.6,16.6,16.6,16.6
2022,9,13,16.8,16.8,16.8,16.8,16.8,16.8,16.8,16.8,16.8,16.8,16.8,16.8,16.8,16.8,16.8,16.8,16.8,16.8,16.8,16.8
2022,9,13,29.3,29.3,29.3,29.3,29.3,29.3,29.3,29.3,29.3,29.3,29.3,29.3,29.3,29.3,29.3,29.3,29.3,29.3,29.3,29.3
2022,9,14,30.5,30.5,30.5,30.5,30.5,30.5,30.5,30.5,30.5,30.5,30.5,30.5,30.5,30.5,30.5,30.5,30.5,30.5,30.5,30.5
2022,9,15,22.3,22.3,22.3,22.3,22.3,22.3,22.3,22.3,22.3,22.3,22.3,22.3,22.3,22.3,22.3,22.3,22.3,22.3,22.3,22.3
2022,9,20,31.8,31.8,31.8,31.8,31.8,31.8,31.8,31.8,31.8,31.8,31.8,31.8,31.8,31.8,31.8,31.8,31.8,31.8,31.8,31.8
2022,9,21,18.9,18.9,18.9,18.9,18.9,18.9,18.9,18.9,18.9,18.9,18.9,18.9,18.9,18.9,18.9,18.9,18.9,18.9,18.9,18.9
2022,9,22,30.8,30.8,30.8,30.8,30.8,30.8,30.8,30.8,30.8,30.8,30.8,30.8,30.8,30.8,30.8,30.8,30.8,30.8,30.8,30.8
2022,9,23,20.5,20.5,20.5,20.5,20.5,20.5,20.5,20.5,20.5,20.5,20.5,20.5,20.5,20.5,20.5,20.5,20.5,20.5,20.5,20.5
2022,9,23,31.8,31.8,31.8,31.8,31.8,31.8,31.8,31.8,31.8,31.8,31.8,31.8,31.8,31.8,31.8,31.8,31.8,31.8,31.8,31.8
2022,9,28,19.5,19.5,19.5,19.5,19.5,19.5,19.5,19.5,19.5,19.5,19.5,19.5,19.5,19.5,19.5,19.5,19.5,19.5,19.5,19.5
2022,10,5,28.6,28.6,28.6,28.6,28.6,28.6,28.6,28.6,28.6,28.6,28.6,28.6,28.6,28.6,28.6,28.6,28.6,28.6,28.6,28.6
2022,10,7,29.9,29.9,29.9,29.9,29.9,29.9,29.9,29.9,29.9,29.9,29.9,29.9,29.9,29.9,29.9,29.9,29.9,29.9,29.9,29.9
2022,10,11,30.9,30.9,30.9,30.9,30.9,30.9,30.9,30.9,30.9,30.9,30.9,30.9,30.9,30.9,30.9,30.9,30.9,30.9,30.9,30.9
2022,10,13,16.7,16.7,16.7,16.7,16.7,16.7,16.7,16.7,16.7,16.7,16.7,16.7,16.7,16.7,16.7,16.7,16.7,16.7,16.7,16.7
2022,10,14,30.9,30.9,30.9,30.9,30.9,30.9,30.9,30.9,30.9,30.9,30.9,30.9,30.9,30.9,30.9,30.9,30.9,30.9,30.9,30.9
2022,10,17,28.1,28.1,28.1,28.1,28.1,28.1,28.1,28.1,28.1,28.1,28.1,28.1,28.1,28.1,28.1,28.1,28.1,28.1,28.1,28.1
2022,10,19,28.3,28.3,28.3,28.3,28.3,28.3,28.3,28.3,28.3,28.3,28.3,28.3,28.3,28.3,28.3,28.3,28.3,28.3,28.3,28.3
2022,10,20,17.6,17.6,17.6,17.6,17.6,17.6,17.6,17.6,17.6,17.6,17.6,17.6,17.6,17.6,17.6,17.6,17.6,17.6,17.6,17.6
2022,10,21,28.3,28.3,28.3,28.3,28.3,28.3,28.3,28.3,28.3,28.3,28.3,28.3,28.3,28.3,28.3,28.3,28.3,28.3,28.3,28.3
2022,10,26,28.2,28.2,28.2,28.2,28.2,28.2,28.2,28.2,28.2,28.2,28.2,28.2,28.2,28.2,28.2,28.2,28.2,28.2,28.2,28.2
2022,10,28,17.0,17.0,17.0,17.0,17.0,17.0,17.0,17.0,17.0,17.0,17.0,17.0,17.0,17.0,17.0,17.0,17.0,17.0,17.0,17.0
2022,10,31,28.5,28.5,28.5,28.5,28.5,28.5,28.5,28.5,28.5,28.5,28.5,28.5,28.5,28.5,28.5,28.5,28.5,28.5,28.5,28.5
2022,10,31,16.9,16.9,16.9,16.9,16.9,16.9,16.9,16.9,16.9,16.9,16.9,16.9,16.9,16.9,16.9,16.9,16.9,16.9,16.9,16.9
2022,11,1,17.0,17.0,17.0,17.0,17.0,17.0,17.0,17.0,17.0,17.0,17.0,17.0,17.0,17.0,17.0,17.0,17.0,17.0,17.0,17.0
2022,11,3,16.5,16.5,16.5,16.5,16.5,16.5,16.5,16.5,16.5,16.5,16.5,16.5,16.5,16.5,16.5,16.5,16.5,16.5,16.5,16.5
2022,11,4,28.1,28.1,28.1,28.1,28.1,28.1,28.1,28.1,28.1,28.1,28.1,28.1,28.1,28.1,28.1,28.1,28.1,28.1,28.1,28.1
2022,11,8,16.5,16.5,16.5,16.5,16.5,16.5,16.5,16.5,16.5,16.5,16.5,16.5,16.5,16.5,16.5,16.5,16.5,16.5,16.5,16.5
2022,11,8,28.1,28.1,28.1,28.1,28.1,28.1,28.1,28.1,28.1,28.1,28.1,28.1,28.1,28.1,28.1,28.1,28.1,28.1,28.1,28.1
2022,11,9,28.1,28.1,28.1,28.1,28.1,28.1,28.1,28.1,28.1,28.1,28.1,28.1,28.1,28.1,28.1,28.1,28.1,28.1,28.1,28.1
2022,11,10,28.3,28.3,28.3,28.3,28.3,28.3,28.3,28.3,28.3,28.3,28.3,28.3,28.3,28.3,28.3,28.3,28.3,28.3,28.3,28.3
2022,11,11,16.0,16.0,16.0,16.0,16.0,16.0,16.0,16.0,16.0,16.0,16.0,16.0,16.0,16.0,16.0,16.0,16.0,16.0,16.0,16.0
2022,11,14,28.5,28.5,28.5,28.5,28.5,28.5,28.5,28.5,28.5,28.5,28.5,28.5,28.5,28.5,28.5,28.5,28.5,28.5,28.5,28.5
2022,11,15,16.0,16.0,16.0,16.0,16.0,16.0,16.0,16.0,16.0,16.0,16.0,16.0,16.0,16.0,16.0,16.0,16.0,16.0,16.0,16.0
2022,11,16,16.0,16.0,16.0,16.0,16.0,16.0,16.0,16.0,16.0,16.0,16.0,16.0,16.0,16.0,16.0,16.0,16.0,16.0,16.0,16.0
2022,11,21,27.5,27.5,27.5,27.5,27.5,27.5,27.5,27.5,27.5,27.5,27.5,27.5,27.5,27.5,27.5,27.5,27.5,27.5,27.5,27.5
2022,11,22,16.1,16.1,16.1,16.1,16.1,16.1,16.1,16.1,16.1,16.1,16.1,16.1,16.1,16.1,16.1,16.1,16.1,16.1,16.1,16.1
2022,11,22,27.5,27.5,27.5,27.5,27.5,27.5,27.5,27.5,27.5,27.5,27.5,27.5,27.5,27.5,27.5,27.5,27.5,27.5,27.5,27.5
2022,11,23,16.0,16.0,16.0,16.0,16.0,16.0,16.0,16.0,16.0,16.0,16.0,16.0,16.0,16.0,16.0,16.0,16.0,16.0,16.0,16.0
2022,12,2,16.7,16.7,16.7,16.7,16.7,16.7,16.7,16.7,16.7,16.7,16.7,16.7,16.7,16.7,16.7,16.7,16.7,16.7,16.7,16.7
2022,12,6,16.5,16.5,16.5,16.5,16.5,16.5,16.5,16.5,16.5,16.5,16.5,16.5,16.5,16.5,16.5,16.5,16.5,16.5,16.5,16.5
2022,12,8,30.3,30.3,30.3,30.3,30.3,30.3,30.3,30.3,30.3,30.3,30.3,30.3,30.3,30.3,30.3,30.3,30.3,30.3,30.3,30.3
2022,12,9,30.0,30.0,30.0,30.0,30.0,30.0,30.0,30.0,30.0,30.0,30.0,30.0,30.0,30.0,30.0,30.0,30.0,30.0,30.0,30.0
2022,12,13,16.3,16.3,16.3,16.3,16.3,16.3,16.3,16.3,16.3,16.3,16.3,16.3,16.3,16.3,16.3,16.3,16.3,16.3,16.3,16.3
2022,12,15,31.7,31.7,31.7,31.7,31.7,31.7,31.7,31.7,31.7,31.7,31.7,31.7,31.7,31.7,31.7,31.7,31.7,31.7,31.7,31.7
2022,12,23,16.5,16.5,16.5,16.5,16.5,16.5,16.5,16.5,16.5,16.5,16.5,16.5,16.5,16.5,16.5,16.5,16.5,16.5,16.5,16.5
2022,12,27,16.0,16.0,16.0,16.0,16.0,16.0,16.0,16.0,16.0,16.0,16.0,16.0,16.0,16.0,16.0,16.0,16.0,16.0,16.0,16.0
2022,12,28,16.0,16.0,16.0,16.0,16.0,16.0,16.0,16.0,16.0,16.0,16.0,16.0,16.0,16.0,16.0,16.0,16.0,16.0,16.0,16.0
2022,12,29,16.0,16.0,16.0,16.0,16.0,16.0,16.0,16.0,16.0,16.0,16.0,16.0,16.0,16.0,16.0,16.0,16.0,16.0,16.0,16.0
2022,12,30,16.2,16.2,16.2,16.2,16.2,16.2,16.2,16.2,16.2,16.2,16.2,16.2,16.2,16.2,16.2,16.2,16.2,16.2,16.2,16.2
2023,1,3,15.8,15.8,15.8,15.8,15.8,15.8,15.8,15.8,15.8,15.8,15.8,15.8,15.8,15.8,15.8,15.8,15.8,15.8,15.8,15.8
2023,1,4,15.9,15.9,15.9,15.9,15.9,15.9,15.9,15.9,15.9,15.9,15.9,15.9,15.9,15.9,15.9,15.9,15.9,15.9,15.9,15.9
2023,1,9,15.6,15.6,15.6,15.6,15.6,15.6,15.6,15.6,15.6,15.6,15.6,15.6,15.6,15.6,15.6,15.6,15.6,15.6,15.6,15.6
2023,1,10,27.0,27.0,27.0,27.0,27.0,27.0,27.0,27.0,27.0,27.0,27.0,27.0,27.0,27.0,27.0,27.0,27.0,27.0,27.0,27.0
2023,1,13,28.3,28.3,28.3,28.3,28.3,28.3,28.3,28.3,28.3,28.3,28.3,28.3,28.3,28.3,28.3,28.3,28.3,28.3,28.3,28.3
2023,1,25,18.1,18.1,18.1,18.1,18.1,18.1,18.1,18.1,18.1,18.1,18.1,18.1,18.1,18.1,18.1,18.1,18.1,18.1,18.1,18.1
2023,1,25,29.2,29.2,29.2,29.2,29.2,29.2,29.2,29.2,29.2,29.2,29.2,29.2,29.2,29.2,29.2,29.2,29.2,29.2,29.2,29.2
2023,1,26,17.8,17.8,17.8,17.8,17.8,17.8,17.8,17.8,17.8,17.8,17.8,17.8,17.8,17.8,17.8,17.8,17.8,17.8,17.8,17.8
2023,1,27,18.7,18.7,18.7,18.7,18.7,18.7,18.7,18.7,18.7,18.7,18.7,18.7,18.7,18.7,18.7,18.7,18.7,18.7,18.7,18.7
2023,1,31,30.0,30.0,30.0,30.0,30.0,30.0,30.0,30.0,30.0,30.0,30.0,30.0,30.0,30.0,30.0,30.0,30.0,30.0,30.0,30.0
2023,1,31,18.8,18.8,18.8,18.8,18.8,18.8,18.8,18.8,18.8,18.8,18.8,18.8,18.8,18.8,18.8,18.8,18.8,18.8,18.8,18.8
2023,2,1,30.3,30.3,30.3,30.3,30.3,30.3,30.3,30.3,30.3,30.3,30.3,30.3,30.3,30.3,30.3,30.3,30.3,30.3,30.3,30.3
2023,2,2,20.5,20.5,20.5,20.5,20.5,20.5,20.5,20.5,20.5,20.5,20.5,20.5,20.5,20.5,20.5,20.5,20.5,20.5,20.5,20.5
2023,2,6,20.0,20.0,20.0,20.0,20.0,20.0,20.0,20.0,20.0,20.0,20.0,20.0,20.0,20.0,20.0,20.0,20.0,20.0,20.0,20.0
2023,2,8,32.4,32.4,32.4,32.4,32.4,32.4,32.4,32.4,32.4,32.4,32.4,32.4,32.4,32.4,32.4,32.4,32.4,32.4,32.4,32.4
2023,2,9,20.0,20.0,20.0,20.0,20.0,20.0,20.0,20.0,20.0,20.0,20.0,20.0,20.0,20.0,20.0,20.0,20.0,20.0,20.0,20.0
2023,2,13,18.6,18.6,18.6,18.6,18.6,18.6,18.6,18.6,18.6,18.6,18.6,18.6,18.6,18.6,18.6,18.6,18.6,18.6,18.6,18.6
2023,2,14,30.3,30.3,30.3,30.3,30.3,30.3,30.3,30.3,30.3,30.3,30.3,30.3,30.3,30.3,30.3,30.3,30.3,30.3,30.3,30.3
2023,2,22,34.1,34.1,34.1,34.1,34.1,34.1,34.1,34.1,34.1,34.1,34.1,34.1,34.1,34.1,34.1,34.1,34.1,34.1,34.1,34.1
2023,2,23,32.7,32.7,32.7,32.7,32.7,32.7,32.7,32.7,32.7,32.7,32.7,32.7,32.7,32.7,32.7,32.7,32.7,32.7,32.7,32.7
2023,2,27,33.0,33.0,33.0,33.0,33.0,33.0,33.0,33.0,33.0,33.0,33.0,33.0,33.0,33.0,33.0,33.0,33.0,33.0,33.0,33.0
2023,2,27,22.4,22.4,22.4,22.4,22.4,22.4,22.4,22.4,22.4,22.4,22.4,22.4,22.4,22.4,22.4,22.4,22.4,22.4,22.4,22.4
2023,3,8,26.2,26.2,26.2,26.2,26.2,26.2,26.2,26.2,26.2,26.2,26.2,26.2,26.2,26.2,26.2,26.2,26.2,26.2,26.2,26.2
2023,3,10,37.3,37.3,37.3,37.3,37.3,37.3,37.3,37.3,37.3,37.3,37.3,37.3,37.3,37.3,37.3,37.3,37.3,37.3,37.3,37.3
2023,3,13,24.9,24.9,24.9,24.9,24.9,24.9,24.9,24.9,24.9,24.9,24.9,24.9,24.9,24.9,24.9,24.9,24.9,24.9,24.9,24.9
2023,3,14,36.3,36.3,36.3,36.3,36.3,36.3,36.3,36.3,36.3,36.3,36.3,36.3,36.3,36.3,36.3,36.3,36.3,36.3,36.3,36.3
2023,3,15,37.0,37.0,37.0,37.0,37.0,37.0,37.0,37.0,37.0,37.0,37.0,37.0,37.0,37.0,37.0,37.0,37.0,37.0,37.0,37.0
2023,3,16,37.3,37.3,37.3,37.3,37.3,37.3,37.3,37.3,37.3,37.3,37.3,37.3,37.3,37.3,37.3,37.3,37.3,37.3,37.3,37.3
2023,3,17,25.4,25.4,25.4,25.4,25.4,25.4,25.4,25.4,25.4,25.4,25.4,25.4,25.4,25.4,25.4,25.4,25.4,25.4,25.4,25.4
2023,3,17,37.0,37.0,37.0,37.0,37.0,37.0,37.0,37.0,37.0,37.0,37.0,37.0,37.0,37.0,37.0,37.0,37.0,37.0,37.0,37.0
2023,3,22,24.0,24.0,24.0,24.0,24.0,24.0,24.0,24.0,24.0,24.0,24.0,24.0,24.0,24.0,24.0,24.0,24.0,24.0,24.0,24.0
2023,3,31,33.3,33.3,33.3,33.3,33.3,33.3,33.3,33.3,33.3,33.3,33.3,33.3,33.3,33.3,33.3,33.3,33.3,33.3,33.3,33.3
2023,3,31,22.5,22.5,22.5,22.5,22.5,22.5,22.5,22.5,22.5,22.5,22.5,22.5,22.5,22.5,22.5,22.5,22.5,22.5,22.5,22.5
2023,4,3,32.9,32.9,32.9,32.9,32.9,32.9,32.9,32.9,32.9,32.9,32.9,32.9,32.9,32.9,32.9,32.9,32.9,32.9,32.9,32.9
2023,4,11,33.1,33.1,33.1,33.1,33.1,33.1,33.1,33.1,33.1,33.1,33.1,33.1,33.1,33.1,33.1,33.1,33.1,33.1,33.1,33.1
2023,4,12,22.6,22.6,22.6,22.6,22.6,22.6,22.6,22.6,22.6,22.6,22.6,22.6,22.6,22.6,22.6,22.6,22.6,22.6,22.6,22.6
2023,4,18,22.0,22.0,22.0,22.0,22.0,22.0,22.0,22.0,22.0,22.0,22.0,22.0,22.0,22.0,22.0,22.0,22.0,22.0,22.0,22.0
2023,4,20,32.5,32.5,32.5,32.5,32.5,32.5,32.5,32.5,32.5,32.5,32.5,32.5,32.5,32.5,32.5,32.5,32.5,32.5,32.5,32.5
2023,4,21,21.2,21.2,21.2,21.2,21.2,21.2,21.2,21.2,21.2,21.2,21.2,21.2,21.2,21.2,21.2,21.2,21.2,21.2,21.2,21.2
2023,4,28,19.7,19.7,19.7,19.7,19.7,19.7,19.7,19.7,19.7,19.7,19.7,19.7,19.7,19.7,19.7,19.7,19.7,19.7,19.7,19.7
2023,4,28,30.0,30.0,30.0,30.0,30.0,30.0,30.0,30.0,30.0,30.0,30.0,30.0,30.0,30.0,30.0,30.0,30.0,30.0,30.0,30.0
2023,5,8,29.1,29.1,29.1,29.1,29.1,29.1,29.1,29.1,29.1,29.1,29.1,29.1,29.1,29.1,29.1,29.1,29.1,29.1,29.1,29.1
2023,5,9,20.5,20.5,20.5,20.5,20.5,20.5,20.5,20.5,20.5,20.5,20.5,20.5,20.5,20.5,20.5,20.5,20.5,20.5,20.5,20.5
2023,5,12,20.0,20.0,20.0,20.0,20.0,20.0,20.0,20.0,20.0,20.0,20.0,20.0,20.0,20.0,20.0,20.0,20.0,20.0,20.0,20.0
2023,5,15,30.0,30.0,30.0,30.0,30.0,30.0,30.0,30.0,30.0,30.0,30.0,30.0,30.0,30.0,30.0,30.0,30.0,30.0,30.0,30.0
2023,5,16,29.5,29.5,29.5,29.5,29.5,29.5,29.5,29.5,29.5,29.5,29.5,29.5,29.5,29.5,29.5,29.5,29.5,29.5,29.5,29.5
2023,5,17,20.4,20.4,20.4,20.4,20.4,20.4,20.4,20.4,20.4,20.4,20.4,20.4,20.4,20.4,20.4,20.4,20.4,20.4,20.4,20.4
2023,5,18,29.0,29.0,29.0,29.0,29.0,29.0,29.0,29.0,29.0,29.0,29.0,29.0,29.0,29.0,29.0,29.0,29.0,29.0,29.0,29.0
2023,5,18,19.9,19.9,19.9,19.9,19.9,19.9,19.9,19.9,19.9,19.9,19.9,19.9,19.9,19.9,19.9,19.9,19.9,19.9,19.9,19.9
2023,5,19,19.8,19.8,19.8,19.8,19.8,19.8,19.8,19.8,19.8,19.8,19.8,19.8,19.8,19.8,19.8,19.8,19.8,19.8,19.8,19.8
2023,5,22,19.5,19.5,19.5,19.5,19.5,19.5,19.5,19.5,19.5,19.5,19.5,19.5,19.5,19.5,19.5,19.5,19.5,19.5,19.5,19.5
2023,5,24,19.3,19.3,19.3,19.3,19.3,19.3,19.3,19.3,19.3,19.3,19.3,19.3,19.3,19.3,19.3,19.3,19.3,19.3,19.3,19.3
2023,5,26,27.1,27.1,27.1,27.1,27.1,27.1,27.1,27.1,27.1,27.1,27.1,27.1,27.1,27.1,27.1,27.1,27.1,27.1,27.1,27.1
2023,5,30,27.9,27.9,27.9,27.9,27.9,27.9,27.9,27.9,27.9,27.9,27.9,27.9,27.9,27.9,27.9,27.9,27.9,27.9,27.9,27.9
2023,5,30,19.5,19.5,19.5,19.5,19.5,19.5,19.5,19.5,19.5,19.5,19.5,19.5,19.5,19.5,19.5,19.5,19.5,19.5,19.5,19.5
2023,5,31,19.7,19.7,19.7,19.7,19.7,19.7,19.7,19.7,19.7,19.7,19.7,19.7,19.7,19.7,19.7,19.7,19.7,19.7,19.7,19.7
2023,5,31,27.0,27.0,27.0,27.0,27.0,27.0,27.0,27.0,27.0,27.0,27.0,27.0,27.0,27.0,27.0,27.0,27.0,27.0,27.0,27.0
2023,6,1,20.1,20.1,20.1,20.1,20.1,20.1,20.1,20.1,20.1,20.1,20.1,20.1,20.1,20.1,20.1,20.1,20.1,20.1,20.1,20.1
2023,6,2,28.1,28.1,28.1,28.1,28.1,28.1,28.1,28.1,28.1,28.1,28.1,28.1,28.1,28.1,28.1,28.1,28.1,28.1,28.1,28.1
2023,6,7,28.2,28.2,28.2,28.2,28.2,28.2,28.2,28.2,28.2,28.2,28.2,28.2,28.2,28.2,28.2,28.2,28.2,28.2,28.2,28.2
2023,6,9,21.7,21.7,21.7,21.7,21.7,21.7,21.7,21.7,21.7,21.7,21.7,21.7,21.7,21.7,21.7,21.7,21.7,21.7,21.7,21.7
2023,6,12,31.4,31.4,31.4,31.4,31.4,31.4,31.4,31.4,31.4,31.4,31.4,31.4,31.4,31.4,31.4,31.4,31.4,31.4,31.4,31.4
2023,6,13,31.0,31.0,31.0,31.0,31.0,31.0,31.0,31.0,31.0,31.0,31.0,31.0,31.0,31.0,31.0,31.0,31.0,31.0,31.0,31.0
2023,6,14,23.9,23.9,23.9,23.9,23.9,23.9,23.9,23.9,23.9,23.9,23.9,23.9,23.9,23.9,23.9,23.9,23.9,23.9,23.9,23.9
2023,6,19,31.7,31.7,31.7,31.7,31.7,31.7,31.7,31.7,31.7,31.7,31.7,31.7,31.7,31.7,31.7,31.7,31.7,31.7,31.7,31.7
2023,6,21,32.9,32.9,32.9,32.9,32.9,32.9,32.9,32.9,32.9,32.9,32.9,32.9,32.9,32.9,32.9,32.9,32.9,32.9,32.9,32.9
2023,6,23,32.5,32.5,32.5,32.5,32.5,32.5,32.5,32.5,32.5,32.5,32.5,32.5,32.5,32.5,32.5,32.5,32.5,32.5,32.5,32.5
2023,6,23,23.0,23.0,23.0,23.0,23.0,23.0,23.0,23.0,23.0,23.0,23.0,23.0,23.0,23.0,23.0,23.0,23.0,23.0,23.0,23.0
2023,6,26,23.9,23.9,23.9,23.9,23.9,23.9,23.9,23.9,23.9,23.9,23.9,23.9,23.9,23.9,23.9,23.9,23.9,23.9,23.9,23.9
2023,6,28,34.9,34.9,34.9,34.9,34.9,34.9,34.9,34.9,34.9,34.9,34.9,34.9,34.9,34.9,34.9,34.9,34.9,34.9,34.9,34.9
2023,7,4,39.0,39.0,39.0,39.0,39.0,39.0,39.0,39.0,39.0,39.0,39.0,39.0,39.0,39.0,39.0,39.0,39.0,39.0,39.0,39.0
2023,7,5,28.6,28.6,28.6,28.6,28.6,28.6,28.6,28.6,28.6,28.6,28.6,28.6,28.6,28.6,28.6,28.6,28.6,28.6,28.6,28.6
2023,7,6,28.7,28.7,28.7,28.7,28.7,28.7,28.7,28.7,28.7,28.7,28.7,28.7,28.7,28.7,28.7,28.7,28.7,28.7,28.7,28.7
2023,7,12,39.0,39.0,39.0,39.0,39.0,39.0,39.0,39.0,39.0,39.0,39.0,39.0,39.0,39.0,39.0,39.0,39.0,39.0,39.0,39.0
2023,7,17,42.0,42.0,42.0,42.0,42.0,42.0,42.0,42.0,42.0,42.0,42.0,42.0,42.0,42.0,42.0,42.0,42.0,42.0,42.0,42.0
2023,7,19,45.5,45.5,45.5,45.5,45.5,45.5,45.5,45.5,45.5,45.5,45.5,45.5,45.5,45.5,45.5,45.5,45.5,45.5,45.5,45.5
2023,7,24,34.4,34.4,34.4,34.4,34.4,34.4,34.4,34.4,34.4,34.4,34.4,34.4,34.4,34.4,34.4,34.4,34.4,34.4,34.4,34.4
2023,7,26,35.0,35.0,35.0,35.0,35.0,35.0,35.0,35.0,35.0,35.0,35.0,35.0,35.0,35.0,35.0,35.0,35.0,35.0,35.0,35.0
2023,7,27,46.8,46.8,46.8,46.8,46.8,46.8,46.8,46.8,46.8,46.8,46.8,46.8,46.8,46.8,46.8,46.8,46.8,46.8,46.8,46.8
2023,8,2,37.0,37.0,37.0,37.0,37.0,37.0,37.0,37.0,37.0,37.0,37.0,37.0,37.0,37.0,37.0,37.0,37.0,37.0,37.0,37.0
2023,8,8,45.9,45.9,45.9,45.9,45.9,45.9,45.9,45.9,45.9,45.9,45.9,45.9,45.9,45.9,45.9,45.9,45.9,45.9,45.9,45.9
2023,8,10,57.5,57.5,57.5,57.5,57.5,57.5,57.5,57.5,57.5,57.5,57.5,57.5,57.5,57.5,57.5,57.5,57.5,57.5,57.5,57.5
2023,8,10,46.8,46.8,46.8,46.8,46.8,46.8,46.8,46.8,46.8,46.8,46.8,46.8,46.8,46.8,46.8,46.8,46.8,46.8,46.8,46.8
2023,8,11,45.0,45.0,45.0,45.0,45.0,45.0,45.0,45.0,45.0,45.0,45.0,45.0,45.0,45.0,45.0,45.0,45.0,45.0,45.0,45.0
2023,8,15,41.9,41.9,41.9,41.9,41.9,41.9,41.9,41.9,41.9,41.9,41.9,41.9,41.9,41.9,41.9,41.9,41.9,41.9,41.9,41.9
2023,8,17,44.0,44.0,44.0,44.0,44.0,44.0,44.0,44.0,44.0,44.0,44.0,44.0,44.0,44.0,44.0,44.0,44.0,44.0,44.0,44.0
2023,8,18,57.1,57.1,57.1,57.1,57.1,57.1,57.1,57.1,57.1,57.1,57.1,57.1,57.1,57.1,57.1,57.1,57.1,57.1,57.1,57.1
2023,8,22,52.7,52.7,52.7,52.7,52.7,52.7,52.7,52.7,52.7,52.7,52.7,52.7,52.7,52.7,52.7,52.7,52.7,52.7,52.7,52.7
2023,8,23,41.9,41.9,41.9,41.9,41.9,41.9,41.9,41.9,41.9,41.9,41.9,41.9,41.9,41.9,41.9,41.9,41.9,41.9,41.9,41.9
2023,8,25,52.0,52.0,52.0,52.0,52.0,52.0,52.0,52.0,52.0,52.0,52.0,52.0,52.0,52.0,52.0,52.0,52.0,52.0,52.0,52.0
2023,8,28,40.6,40.6,40.6,40.6,40.6,40.6,40.6,40.6,40.6,40.6,40.6,40.6,40.6,40.6,40.6,40.6,40.6,40.6,40.6,40.6
2023,8,28,52.0,52.0,52.0,52.0,52.0,52.0,52.0,52.0,52.0,52.0,52.0,52.0,52.0,52.0,52.0,52.0,52.0,52.0,52.0,52.0
2023,8,29,38.9,38.9,38.9,38.9,38.9,38.9,38.9,38.9,38.9,38.9,38.9,38.9,38.9,38.9,38.9,38.9,38.9,38.9,38.9,38.9
2023,8,31,48.8,48.8,48.8,48.8,48.8,48.8,48.8,48.8,48.8,48.8,48.8,48.8,48.8,48.8,48.8,48.8,48.8,48.8,48.8,48.8
2023,8,31,38.5,38.5,38.5,38.5,38.5,38.5,38.5,38.5,38.5,38.5,38.5,38.5,38.5,38.5,38.5,38.5,38.5,38.5,38.5,38.5
2023,9,1,38.9,38.9,38.9,38.9,38.9,38.9,38.9,38.9,38.9,38.9,38.9,38.9,38.9,38.9,38.9,38.9,38.9,38.9,38.9,38.9
2023,9,5,42.1,42.1,42.1,42.1,42.1,42.1,42.1,42.1,42.1,42.1,42.1,42.1,42.1,42.1,42.1,42.1,42.1,42.1,42.1,42.1
2023,9,6,52.9,52.9,52.9,52.9,52.9,52.9,52.9,52.9,52.9,52.9,52.9,52.9,52.9,52.9,52.9,52.9,52.9,52.9,52.9,52.9
2023,9,7,40.3,40.3,40.3,40.3,40.3,40.3,40.3,40.3,40.3,40.3,40.3,40.3,40.3,40.3,40.3,40.3,40.3,40.3,40.3,40.3
2023,9,8,53.0,53.0,53.0,53.0,53.0,53.0,53.0,53.0,53.0,53.0,53.0,53.0,53.0,53.0,53.0,53.0,53.0,53.0,53.0,53.0
2023,9,11,50.9,50.9,50.9,50.9,50.9,50.9,50.9,50.9,50.9,50.9,50.9,50.9,50.9,50.9,50.9,50.9,50.9,50.9,50.9,50.9
2023,9,11,40.5,40.5,40.5,40.5,40.5,40.5,40.5,40.5,40.5,40.5,40.5,40.5,40.5,40.5,40.5,40.5,40.5,40.5,40.5,40.5
2023,9,13,41.9,41.9,41.9,41.9,41.9,41.9,41.9,41.9,41.9,41.9,41.9,41.9,41.9,41.9,41.9,41.9,41.9,41.9,41.9,41.9
2023,9,14,52.3,52.3,52.3,52.3,52.3,52.3,52.3,52.3,52.3,52.3,52.3,52.3,52.3,52.3,52.3,52.3,52.3,52.3,52.3,52.3
2023,9,14,41.9,41.9,41.9,41.9,41.9,41.9,41.9,41.9,41.9,41.9,41.9,41.9,41.9,41.9,41.9,41.9,41.9,41.9,41.9,41.9
2023,9,15,52.3,52.3,52.3,52.3,52.3,52.3,52.3,52.3,52.3,52.3,52.3,52.3,52.3,52.3,52.3,52.3,52.3,52.3,52.3,52.3
2023,9,18,40.2,40.2,40.2,40.2,40.2,40.2,40.2,40.2,40.2,40.2,40.2,40.2,40.2,40.2,40.2,40.2,40.2,40.2,40.2,40.2
2023,9,20,50.2,50.2,50.2,50.2,50.2,50.2,50.2,50.2,50.2,50.2,50.2,50.2,50.2,50.2,50.2,50.2,50.2,50.2,50.2,50.2
2023,9,21,49.4,49.4,49.4,49.4,49.4,49.4,49.4,49.4,49.4,49.4,49.4,49.4,49.4,49.4,49.4,49.4,49.4,49.4,49.4,49.4
2023,9,21,39.3,39.3,39.3,39.3,39.3,39.3,39.3,39.3,39.3,39.3,39.3,39.3,39.3,39.3,39.3,39.3,39.3,39.3,39.3,39.3
2023,9,22,48.7,48.7,48.7,48.7,48.7,48.7,48.7,48.7,48.7,48.7,48.7,48.7,48.7,48.7,48.7,48.7,48.7,48.7,48.7,48.7
2023,9,25,49.4,49.4,49.4,49.4,49.4,49.4,49.4,49.4,49.4,49.4,49.4,49.4,49.4,49.4,49.4,49.4,49.4,49.4,49.4,49.4
2023,9,26,40.0,40.0,40.0,40.0,40.0,40.0,40.0,40.0,40.0,40.0,40.0,40.0,40.0,40.0,40.0,40.0,40.0,40.0,40.0,40.0
2023,10,3,48.9,48.9,48.9,48.9,48.9,48.9,48.9,48.9,48.9,48.9,48.9,48.9,48.9,48.9,48.9,48.9,48.9,48.9,48.9,48.9
2023,10,5,37.5,37.5,37.5,37.5,37.5,37.5,37.5,37.5,37.5,37.5,37.5,37.5,37.5,37.5,37.5,37.5,37.5,37.5,37.5,37.5
2023,10,9,47.9,47.9,47.9,47.9,47.9,47.9,47.9,47.9,47.9,47.9,47.9,47.9,47.9,47.9,47.9,47.9,47.9,47.9,47.9,47.9
2023,10,10,46.6,46.6,46.6,46.6,46.6,46.6,46.6,46.6,46.6,46.6,46.6,46.6,46.6,46.6,46.6,46.6,46.6,46.6,46.6,46.6
2023,10,12,36.8,36.8,36.8,36.8,36.8,36.8,36.8,36.8,36.8,36.8,36.8,36.8,36.8,36.8,36.8,36.8,36.8,36.8,36.8,36.8
2023,10,12,46.9,46.9,46.9,46.9,46.9,46.9,46.9,46.9,46.9,46.9,46.9,46.9,46.9,46.9,46.9,46.9,46.9,46.9,46.9,46.9
2023,10,17,35.0,35.0,35.0,35.0,35.0,35.0,35.0,35.0,35.0,35.0,35.0,35.0,35.0,35.0,35.0,35.0,35.0,35.0,35.0,35.0
2023,10,17,44.9,44.9,44.9,44.9,44.9,44.9,44.9,44.9,44.9,44.9,44.9,44.9,44.9,44.9,44.9,44.9,44.9,44.9,44.9,44.9
2023,10,18,35.0,35.0,35.0,35.0,35.0,35.0,35.0,35.0,35.0,35.0,35.0,35.0,35.0,35.0,35.0,35.0,35.0,35.0,35.0,35.0
2023,10,18,43.8,43.8,43.8,43.8,43.8,43.8,43.8,43.8,43.8,43.8,43.8,43.8,43.8,43.8,43.8,43.8,43.8,43.8,43.8,43.8
2023,10,19,45.1,45.1,45.1,45.1,45.1,45.1,45.1,45.1,45.1,45.1,45.1,45.1,45.1,45.1,45.1,45.1,45.1,45.1,45.1,45.1
2023,10,19,34.5,34.5,34.5,34.5,34.5,34.5,34.5,34.5,34.5,34.5,34.5,34.5,34.5,34.5,34.5,34.5,34.5,34.5,34.5,34.5
2023,10,23,37.0,37.0,37.0,37.0,37.0,37.0,37.0,37.0,37.0,37.0,37.0,37.0,37.0,37.0,37.0,37.0,37.0,37.0,37.0,37.0
2023,10,24,46.0,46.0,46.0,46.0,46.0,46.0,46.0,46.0,46.0,46.0,46.0,46.0,46.0,46.0,46.0,46.0,46.0,46.0,46.0,46.0
2023,10,25,35.3,35.3,35.3,35.3,35.3,35.3,35.3,35.3,35.3,35.3,35.3,35.3,35.3,35.3,35.3,35.3,35.3,35.3,35.3,35.3
2023,10,26,35.0,35.0,35.0,35.0,35.0,35.0,35.0,35.0,35.0,35.0,35.0,35.0,35.0,35.0,35.0,35.0,35.0,35.0,35.0,35.0
2023,10,27,46.5,46.5,46.5,46.5,46.5,46.5,46.5,46.5,46.5,46.5,46.5,46.5,46.5,46.5,46.5,46.5,46.5,46.5,46.5,46.5
2023,10,27,35.0,35.0,35.0,35.0,35.0,35.0,35.0,35.0,35.0,35.0,35.0,35.0,35.0,35.0,35.0,35.0,35.0,35.0,35.0,35.0
2023,10,31,45.9,45.9,45.9,45.9,45.9,45.9,45.9,45.9,45.9,45.9,45.9,45.9,45.9,45.9,45.9,45.9,45.9,45.9,45.9,45.9
2023,11,3,35.4,35.4,35.4,35.4,35.4,35.4,35.4,35.4,35.4,35.4,35.4,35.4,35.4,35.4,35.4,35.4,35.4,35.4,35.4,35.4
2023,11,6,48.2,48.2,48.2,48.2,48.2,48.2,48.2,48.2,48.2,48.2,48.2,48.2,48.2,48.2,48.2,48.2,48.2,48.2,48.2,48.2
2023,11,7,36.6,36.6,36.6,36.6,36.6,36.6,36.6,36.6,36.6,36.6,36.6,36.6,36.6,36.6,36.6,36.6,36.6,36.6,36.6,36.6
2023,11,10,47.9,47.9,47.9,47.9,47.9,47.9,47.9,47.9,47.9,47.9,47.9,47.9,47.9,47.9,47.9,47.9,47.9,47.9,47.9,47.9
2023,11,13,36.0,36.0,36.0,36.0,36.0,36.0,36.0,36.0,36.0,36.0,36.0,36.0,36.0,36.0,36.0,36.0,36.0,36.0,36.0,36.0
2023,11,14,35.5,35.5,35.5,35.5,35.5,35.5,35.5,35.5,35.5,35.5,35.5,35.5,35.5,35.5,35.5,35.5,35.5,35.5,35.5,35.5
2023,11,15,47.0,47.0,47.0,47.0,47.0,47.0,47.0,47.0,47.0,47.0,47.0,47.0,47.0,47.0,47.0,47.0,47.0,47.0,47.0,47.0
2023,11,17,33.7,33.7,33.7,33.7,33.7,33.7,33.7,33.7,33.7,33.7,33.7,33.7,33.7,33.7,33.7,33.7,33.7,33.7,33.7,33.7
2023,11,17,45.2,45.2,45.2,45.2,45.2,45.2,45.2,45.2,45.2,45.2,45.2,45.2,45.2,45.2,45.2,45.2,45.2,45.2,45.2,45.2
2023,11,20,33.5,33.5,33.5,33.5,33.5,33.5,33.5,33.5,33.5,33.5,33.5,33.5,33.5,33.5,33.5,33.5,33.5,33.5,33.5,33.5
2023,11,20,44.5,44.5,44.5,44.5,44.5,44.5,44.5,44.5,44.5,44.5,44.5,44.5,44.5,44.5,44.5,44.5,44.5,44.5,44.5,44.5
2023,11,21,42.9,42.9,42.9,42.9,42.9,42.9,42.9,42.9,42.9,42.9,42.9,42.9,42.9,42.9,42.9,42.9,42.9,42.9,42.9,42.9
2023,11,23,33.5,33.5,33.5,33.5,33.5,33.5,33.5,33.5,33.5,33.5,33.5,33.5,33.5,33.5,33.5,33.5,33.5,33.5,33.5,33.5
2023,11,24,43.5,43.5,43.5,43.5,43.5,43.5,43.5,43.5,43.5,43.5,43.5,43.5,43.5,43.5,43.5,43.5,43.5,43.5,43.5,43.5
2023,11,24,33.0,33.0,33.0,33.0,33.0,33.0,33.0,33.0,33.0,33.0,33.0,33.0,33.0,33.0,33.0,33.0,33.0,33.0,33.0,33.0
2023,11,27,31.9,31.9,31.9,31.9,31.9,31.9,31.9,31.9,31.9,31.9,31.9,31.9,31.9,31.9,31.9,31.9,31.9,31.9,31.9,31.9
2023,11,29,43.0,43.0,43.0,43.0,43.0,43.0,43.0,43.0,43.0,43.0,43.0,43.0,43.0,43.0,43.0,43.0,43.0,43.0,43.0,43.0
2023,12,4,45.2,45.2,45.2,45.2,45.2,45.2,45.2,45.2,45.2,45.2,45.2,45.2,45.2,45.2,45.2,45.2,45.2,45.2,45.2,45.2
2023,12,5,36.7,36.7,36.7,36.7,36.7,36.7,36.7,36.7,36.7,36.7,36.7,36.7,36.7,36.7,36.7,36.7,36.7,36.7,36.7,36.7
2023,12,7,44.8,44.8,44.8,44.8,44.8,44.8,44.8,44.8,44.8,44.8,44.8,44.8,44.8,44.8,44.8,44.8,44.8,44.8,44.8,44.8
2023,12,7,36.4,36.4,36.4,36.4,36.4,36.4,36.4,36.4,36.4,36.4,36.4,36.4,36.4,36.4,36.4,36.4,36.4,36.4,36.4,36.4
2023,12,14,46.1,46.1,46.1,46.1,46.1,46.1,46.1,46.1,46.1,46.1,46.1,46.1,46.1,46.1,46.1,46.1,46.1,46.1,46.1,46.1
2023,12,19,35.6,35.6,35.6,35.6,35.6,35.6,35.6,35.6,35.6,35.6,35.6,35.6,35.6,35.6,35.6,35.6,35.6,35.6,35.6,35.6
2023,12,20,43.0,43.0,43.0,43.0,43.0,43.0,43.0,43.0,43.0,43.0,43.0,43.0,43.0,43.0,43.0,43.0,43.0,43.0,43.0,43.0
2023,12,20,35.6,35.6,35.6,35.6,35.6,35.6,35.6,35.6,35.6,35.6,35.6,35.6,35.6,35.6,35.6,35.6,35.6,35.6,35.6,35.6
2023,12,21,35.7,35.7,35.7,35.7,35.7,35.7,35.7,35.7,35.7,35.7,35.7,35.7,35.7,35.7,35.7,35.7,35.7,35.7,35.7,35.7
2023,12,22,35.7,35.7,35.7,35.7,35.7,35.7,35.7,35.7,35.7,35.7,35.7,35.7,35.7,35.7,35.7,35.7,35.7,35.7,35.7,35.7
2023,12,27,35.8,35.8,35.8,35.8,35.8,35.8,35.8,35.8,35.8,35.8,35.8,35.8,35.8,35.8,35.8,35.8,35.8,35.8,35.8,35.8
2023,12,28,35.3,35.3,35.3,35.3,35.3,35.3,35.3,35.3,35.3,35.3,35.3,35.3,35.3,35.3,35.3,35.3,35.3,35.3,35.3,35.3
2023,12,29,43.9,43.9,43.9,43.9,43.9,43.9,43.9,43.9,43.9,43.9,43.9,43.9,43.9,43.9,43.9,43.9,43.9,43.9,43.9,43.9
2024,1,4,35.2,35.2,35.2,35.2,35.2,35.2,35.2,35.2,35.2,35.2,35.2,35.2,35.2,35.2,35.2,35.2,35.2,35.2,35.2,35.2
2024,1,5,35.0,35.0,35.0,35.0,35.0,35.0,35.0,35.0,35.0,35.0,35.0,35.0,35.0,35.0,35.0,35.0,35.0,35.0,35.0,35.0
2024,1,8,34.7,34.7,34.7,34.7,34.7,34.7,34.7,34.7,34.7,34.7,34.7,34.7,34.7,34.7,34.7,34.7,34.7,34.7,34.7,34.7
2024,1,9,45.1,45.1,45.1,45.1,45.1,45.1,45.1,45.1,45.1,45.1,45.1,45.1,45.1,45.1,45.1,45.1,45.1,45.1,45.1,45.1
2024,1,9,34.6,34.6,34.6,34.6,34.6,34.6,34.6,34.6,34.6,34.6,34.6,34.6,34.6,34.6,34.6,34.6,34.6,34.6,34.6,34.6
2024,1,17,43.6,43.6,43.6,43.6,43.6,43.6,43.6,43.6,43.6,43.6,43.6,43.6,43.6,43.6,43.6,43.6,43.6,43.6,43.6,43.6
2024,1,18,34.0,34.0,34.0,34.0,34.0,34.0,34.0,34.0,34.0,34.0,34.0,34.0,34.0,34.0,34.0,34.0,34.0,34.0,34.0,34.0
2024,1,22,42.4,42.4,42.4,42.4,42.4,42.4,42.4,42.4,42.4,42.4,42.4,42.4,42.4,42.4,42.4,42.4,42.4,42.4,42.4,42.4
2024,1,23,41.8,41.8,41.8,41.8,41.8,41.8,41.8,41.8,41.8,41.8,41.8,41.8,41.8,41.8,41.8,41.8,41.8,41.8,41.8,41.8
2024,1,24,42.4,42.4,42.4,42.4,42.4,42.4,42.4,42.4,42.4,42.4,42.4,42.4,42.4,42.4,42.4,42.4,42.4,42.4,42.4,42.4
2024,1,26,33.2,33.2,33.2,33.2,33.2,33.2,33.2,33.2,33.2,33.2,33.2,33.2,33.2,33.2,33.2,33.2,33.2,33.2,33.2,33.2
2024,1,29,41.8,41.8,41.8,41.8,41.8,41.8,41.8,41.8,41.8,41.8,41.8,41.8,41.8,41.8,41.8,41.8,41.8,41.8,41.8,41.8
2024,1,30,33.2,33.2,33.2,33.2,33.2,33.2,33.2,33.2,33.2,33.2,33.2,33.2,33.2,33.2,33.2,33.2,33.2,33.2,33.2,33.2
2024,1,31,41.9,41.9,41.9,41.9,41.9,41.9,41.9,41.9,41.9,41.9,41.9,41.9,41.9,41.9,41.9,41.9,41.9,41.9,41.9,41.9
2024,1,31,32.0,32.0,32.0,32.0,32.0,32.0,32.0,32.0,32.0,32.0,32.0,32.0,32.0,32.0,32.0,32.0,32.0,32.0,32.0,32.0
2024,2,1,41.5,41.5,41.5,41.5,41.5,41.5,41.5,41.5,41.5,41.5,41.5,41.5,41.5,41.5,41.5,41.5,41.5,41.5,41.5,41.5
2024,2,14,33.8,33.8,33.8,33.8,33.8,33.8,33.8,33.8,33.8,33.8,33.8,33.8,33.8,33.8,33.8,33.8,33.8,33.8,33.8,33.8
2024,2,19,34.8,34.8,34.8,34.8,34.8,34.8,34.8,34.8,34.8,34.8,34.8,34.8,34.8,34.8,34.8,34.8,34.8,34.8,34.8,34.8
2024,2,21,34.0,34.0,34.0,34.0,34.0,34.0,34.0,34.0,34.0,34.0,34.0,34.0,34.0,34.0,34.0,34.0,34.0,34.0,34.0,34.0
2024,2,26,33.9,33.9,33.9,33.9,33.9,33.9,33.9,33.9,33.9,33.9,33.9,33.9,33.9,33.9,33.9,33.9,33.9,33.9,33.9,33.9
2024,2,28,43.2,43.2,43.2,43.2,43.2,43.2,43.2,43.2,43.2,43.2,43.2,43.2,43.2,43.2,43.2,43.2,43.2,43.2,43.2,43.2
2024,2,29,33.0,33.0,33.0,33.0,33.0,33.0,33.0,33.0,33.0,33.0,33.0,33.0,33.0,33.0,33.0,33.0,33.0,33.0,33.0,33.0
2024,3,4,34.0,34.0,34.0,34.0,34.0,34.0,34.0,34.0,34.0,34.0,34.0,34.0,34.0,34.0,34.0,34.0,34.0,34.0,34.0,34.0
2024,3,5,44.0,44.0,44.0,44.0,44.0,44.0,44.0,44.0,44.0,44.0,44.0,44.0,44.0,44.0,44.0,44.0,44.0,44.0,44.0,44.0
2024,3,5,33.5,33.5,33.5,33.5,33.5,33.5,33.5,33.5,33.5,33.5,33.5,33.5,33.5,33.5,33.5,33.5,33.5,33.5,33.5,33.5
2024,3,6,34.0,34.0,34.0,34.0,34.0,34.0,34.0,34.0,34.0,34.0,34.0,34.0,34.0,34.0,34.0,34.0,34.0,34.0,34.0,34.0
2024,3,12,44.7,44.7,44.7,44.7,44.7,44.7,44.7,44.7,44.7,44.7,44.7,44.7,44.7,44.7,44.7,44.7,44.7,44.7,44.7,44.7
2024,3,14,44.9,44.9,44.9,44.9,44.9,44.9,44.9,44.9,44.9,44.9,44.9,44.9,44.9,44.9,44.9,44.9,44.9,44.9,44.9,44.9
2024,3,18,35.6,35.6,35.6,35.6,35.6,35.6,35.6,35.6,35.6,35.6,35.6,35.6,35.6,35.6,35.6,35.6,35.6,35.6,35.6,35.6
2024,3,20,44.9,44.9,44.9,44.9,44.9,44.9,44.9,44.9,44.9,44.9,44.9,44.9,44.9,44.9,44.9,44.9,44.9,44.9,44.9,44.9
2024,3,20,35.0,35.0,35.0,35.0,35.0,35.0,35.0,35.0,35.0,35.0,35.0,35.0,35.0,35.0,35.0,35.0,35.0,35.0,35.0,35.0
2024,3,22,44.4,44.4,44.4,44.4,44.4,44.4,44.4,44.4,44.4,44.4,44.4,44.4,44.4,44.4,44.4,44.4,44.4,44.4,44.4,44.4
2024,3,25,45.7,45.7,45.7,45.7,45.7,45.7,45.7,45.7,45.7,45.7,45.7,45.7,45.7,45.7,45.7,45.7,45.7,45.7,45.7,45.7
