COMPANY ID,MAIN TYPE,SUB TYPE,SHORT NAME,TRADING DATE,OPEN PRICE (Rs.),Date,Month,Year,RSI_14,MACD_Line,MACD_Signal,MACD_Hist,BB_Mid,BB_Upper,BB_Lower,Volume_Change,ATR,ATR_14,CLOSE PRICE (Lag 1),CLOSE PRICE (Lag 2),CLOSE PRICE (Lag 3),CLOSE PRICE (Lag 4),CLOSE PRICE (Lag 5),CLOSE PRICE (Lag 6),CLOSE PRICE (Lag 7),CLOSE PRICE (Lag 8),CLOSE PRICE (Lag 9),CLOSE PRICE (Lag 10),CLOSE PRICE (Lag 11),CLOSE PRICE (Lag 12),CLOSE PRICE (Lag 13),CLOSE PRICE (Lag 14),CLOSE PRICE (Lag 15),CLOSE PRICE (Lag 16),CLOSE PRICE (Lag 17),CLOSE PRICE (Lag 18),CLOSE PRICE (Lag 19),CLOSE PRICE (Lag 20),CLOSE PRICE (Lag 21),CLOSE PRICE (Lag 22),CLOSE PRICE (Lag 23),CLOSE PRICE (Lag 24),CLOSE PRICE (Lag 25),CLOSE PRICE (Lag 26),CLOSE PRICE (Lag 27),CLOSE PRICE (Lag 28),CLOSE PRICE (Lag 29),CLOSE PRICE (Lag 30),MA_7,MA_14,MA_30, MAIN TYPE , MAIN TYPE
HUNA,N,0,HUNAS FALLS,2019-02-18,178.5,18,2,2019,26.6666666666668,9.603474690129644,12.701811480514497,-3.0983367903848524,179.595,183.14344665793476,176.04655334206524,2.0,1.4000000000000017,1.4000000000000017,178.6,179.2,178.7,178.7,178.7,178.7,178.7,180.0,180.0,180.0,180.3,180.0,180.0,180.0,180.0,178.5,178.5,178.2,186.5,186.5,178.9,178.0,160.1,158.4,156.4,148.0,155.4,131.8,110.4,91.8,178.7571428571429,179.39999999999995,168.96666666666664,,
HUNA,N,0,HUNAS FALLS,2019-02-21,179.0,21,2,2019,23.52941176470597,8.90256112421116,11.94196140925383,-3.039400285042669,179.18,180.67610019366072,177.6838998063393,-1.0,1.3142857142857167,1.3142857142857167,178.6,178.6,179.2,178.7,178.7,178.7,178.7,178.7,180.0,180.0,180.0,180.3,180.0,180.0,180.0,180.0,178.5,178.5,178.2,186.5,186.5,178.9,178.0,160.1,158.4,156.4,148.0,155.4,131.8,110.4,178.74285714285716,179.29999999999998,171.85999999999999,,
HUNA,N,0,HUNAS FALLS,2019-02-22,178.2,22,2,2019,20.000000000000142,8.204095383115941,11.194388204026252,-2.9902928209103106,179.15,180.7493419699489,177.55065803005112,2.0,1.5071428571428587,1.5071428571428587,178.2,178.6,178.6,179.2,178.7,178.7,178.7,178.7,178.7,180.0,180.0,180.0,180.3,180.0,180.0,180.0,180.0,178.5,178.5,178.2,186.5,186.5,178.9,178.0,160.1,158.4,156.4,148.0,155.4,131.8,178.67142857142858,179.17142857142858,174.11999999999998,,
HUNA,N,0,HUNAS FALLS,2019-02-25,177.8,25,2,2019,47.54098360655729,7.754823416353361,10.506475246491675,-2.7516518301383144,179.225,180.8366353250815,177.6133646749185,1.0,1.3928571428571448,1.3928571428571448,177.6,178.2,178.6,178.6,179.2,178.7,178.7,178.7,178.7,178.7,180.0,180.0,180.0,180.3,180.0,180.0,180.0,180.0,178.5,178.5,178.2,186.5,186.5,178.9,178.0,160.1,158.4,156.4,148.0,155.4,178.51428571428573,179.0,175.64666666666665,,
HUNA,N,0,HUNAS FALLS,2019-02-26,180.0,26,2,2019,51.66666666666658,7.330410070127954,9.871262211218932,-2.540852141090978,179.31,180.93985307700706,177.68014692299295,-3.0,1.4000000000000017,1.4000000000000017,180.0,177.6,178.2,178.6,178.6,179.2,178.7,178.7,178.7,178.7,178.7,180.0,180.0,180.0,180.3,180.0,180.0,180.0,180.0,178.5,178.5,178.2,186.5,186.5,178.9,178.0,160.1,158.4,156.4,148.0,178.70000000000002,178.97857142857143,176.46666666666664,,
HUNA,N,0,HUNAS FALLS,2019-02-27,180.3,27,2,2019,52.45901639344271,6.922332262457019,9.28147622146655,-2.359143959009531,179.325,180.98679991195277,177.6632000880472,0.0,1.528571428571431,1.528571428571431,180.2,180.0,177.6,178.2,178.6,178.6,179.2,178.7,178.7,178.7,178.7,178.7,180.0,180.0,180.0,180.3,180.0,180.0,180.0,180.0,178.5,178.5,178.2,186.5,186.5,178.9,178.0,160.1,158.4,156.4,178.91428571428574,178.99285714285716,177.53999999999996,,
HUNA,N,0,HUNAS FALLS,2019-02-28,182.0,28,2,2019,53.96825396825396,6.539680620977435,8.733117101368727,-2.1934364803912914,179.35,181.06862858422758,177.6313714157724,2.0,1.6500000000000017,1.6500000000000017,180.3,180.2,180.0,177.6,178.2,178.6,178.6,179.2,178.7,178.7,178.7,178.7,178.7,180.0,180.0,180.0,180.3,180.0,180.0,180.0,180.0,178.5,178.5,178.2,186.5,186.5,178.9,178.0,160.1,158.4,179.07142857142853,179.0142857142857,178.33666666666664,,
HUNA,N,0,HUNAS FALLS,2019-03-01,180.5,1,3,2019,68.00000000000011,6.165356051487976,8.219564891392576,-2.0542088399046,179.375,181.1471530170353,177.6028469829647,4.0,1.807142857142858,1.807142857142858,180.5,180.3,180.2,180.0,177.6,178.2,178.6,178.6,179.2,178.7,178.7,178.7,178.7,178.7,180.0,180.0,180.0,180.3,180.0,180.0,180.0,180.0,178.5,178.5,178.2,186.5,186.5,178.9,178.0,160.1,179.34285714285713,179.04999999999998,179.07333333333332,,
HUNA,N,0,HUNAS FALLS,2019-03-05,180.5,5,3,2019,68.00000000000011,5.8018213483097725,7.736016182776016,-1.9341948344662434,179.4,181.22266433090564,177.57733566909437,-6.0,1.807142857142858,1.807142857142858,180.5,180.5,180.3,180.2,180.0,177.6,178.2,178.6,178.6,179.2,178.7,178.7,178.7,178.7,178.7,180.0,180.0,180.0,180.3,180.0,180.0,180.0,180.0,178.5,178.5,178.2,186.5,186.5,178.9,178.0,179.6142857142857,179.1785714285714,179.7533333333333,,
HUNA,N,0,HUNAS FALLS,2019-03-06,181.5,6,3,2019,68.62745098039224,5.458860297690848,7.280585005758983,-1.8217247080681354,179.41500000000002,181.27343737416197,177.55656262583807,0.0,2.0857142857142867,2.0857142857142867,180.5,180.5,180.5,180.3,180.2,180.0,177.6,178.2,178.6,178.6,179.2,178.7,178.7,178.7,178.7,178.7,180.0,180.0,180.0,180.3,180.0,180.0,180.0,180.0,178.5,178.5,178.2,186.5,186.5,178.9,179.94285714285712,179.3071428571428,179.83666666666664,,
HUNA,N,0,HUNAS FALLS,2019-03-07,180.6,7,3,2019,68.62745098039224,5.127949385693796,6.850057881745946,-1.72210849605215,179.445,181.36165827610614,177.52834172389385,2.0,2.092857142857144,2.092857142857144,180.6,180.5,180.5,180.5,180.3,180.2,180.0,177.6,178.2,178.6,178.6,179.2,178.7,178.7,178.7,178.7,178.7,180.0,180.0,180.0,180.3,180.0,180.0,180.0,180.0,178.5,178.5,178.2,186.5,186.5,180.3714285714286,179.4428571428571,179.89333333333335,,
HUNA,N,0,HUNAS FALLS,2019-03-11,180.1,11,3,2019,68.62745098039224,4.810250530018692,6.442096411400496,-1.6318458813818042,179.475,181.44624059254113,177.50375940745886,-4.0,2.1285714285714294,2.1285714285714294,180.6,180.6,180.5,180.5,180.5,180.3,180.2,180.0,177.6,178.2,178.6,178.6,179.2,178.7,178.7,178.7,178.7,178.7,180.0,180.0,180.0,180.3,180.0,180.0,180.0,180.0,178.5,178.5,178.2,186.5,180.45714285714286,179.5785714285714,179.6966666666667,,
HUNA,N,0,HUNAS FALLS,2019-03-12,207.8,12,3,2019,65.2173913043479,4.506523500301512,6.0549818291807,-1.548458328879188,179.505,181.52747893749952,177.48252106250047,0.0,3.971428571428573,3.971428571428573,180.6,180.6,180.6,180.5,180.5,180.5,180.3,180.2,180.0,177.6,178.2,178.6,178.6,179.2,178.7,178.7,178.7,178.7,178.7,180.0,180.0,180.0,180.3,180.0,180.0,180.0,180.0,178.5,178.5,178.2,180.5142857142857,179.7142857142857,179.49999999999997,,
HUNA,N,0,HUNAS FALLS,2019-03-25,180.0,25,3,2019,65.2173913043479,4.169341086701991,5.677853680684958,-1.5085125939829673,179.57,181.566945035218,177.573054964782,12.0,3.971428571428573,3.971428571428573,180.6,180.6,180.6,180.6,180.5,180.5,180.5,180.3,180.2,180.0,177.6,178.2,178.6,178.6,179.2,178.7,178.7,178.7,178.7,178.7,180.0,180.0,180.0,180.3,180.0,180.0,180.0,180.0,178.5,178.5,180.55714285714288,179.8142857142857,179.57999999999998,,
HUNA,N,0,HUNAS FALLS,2019-03-26,180.0,26,3,2019,65.2173913043479,3.8576529724949467,5.313813539046956,-1.4561605665520094,179.635,181.59703438995498,177.672965610045,-11.0,3.4071428571428584,3.4071428571428584,180.0,180.6,180.6,180.6,180.6,180.5,180.5,180.5,180.3,180.2,180.0,177.6,178.2,178.6,178.6,179.2,178.7,178.7,178.7,178.7,178.7,180.0,180.0,180.0,180.3,180.0,180.0,180.0,180.0,178.5,180.4857142857143,179.91428571428568,179.63000000000002,,
HUNA,N,0,HUNAS FALLS,2019-03-27,180.0,27,3,2019,71.42857142857162,3.569491025780053,4.964949036393576,-1.395458010613523,179.7,181.61723485094595,177.78276514905403,-1.0,3.3500000000000005,3.3500000000000005,180.0,180.0,180.6,180.6,180.6,180.6,180.5,180.5,180.5,180.3,180.2,180.0,177.6,178.2,178.6,178.6,179.2,178.7,178.7,178.7,178.7,178.7,180.0,180.0,180.0,180.3,180.0,180.0,180.0,180.0,180.41428571428574,180.0142857142857,179.68,,
HUNA,N,0,HUNAS FALLS,2019-03-28,180.0,28,3,2019,83.78378378378389,3.311022366379177,4.634163702390696,-1.3231413360115187,179.77,181.63502434018199,177.90497565981804,2.0,3.800000000000001,3.800000000000001,180.0,180.0,180.0,180.6,180.6,180.6,180.6,180.5,180.5,180.5,180.3,180.2,180.0,177.6,178.2,178.6,178.6,179.2,178.7,178.7,178.7,178.7,178.7,180.0,180.0,180.0,180.3,180.0,180.0,180.0,180.34285714285713,180.14285714285714,179.68,,
HUNA,N,0,HUNAS FALLS,2019-03-29,180.0,29,3,2019,50.0,3.062808774354238,4.3198927167834045,-1.2570839424291664,179.835,181.6323957769353,178.0376042230647,-1.0,3.635714285714286,3.635714285714286,180.1,180.0,180.0,180.0,180.6,180.6,180.6,180.6,180.5,180.5,180.5,180.3,180.2,180.0,177.6,178.2,178.6,178.6,179.2,178.7,178.7,178.7,178.7,178.7,180.0,180.0,180.0,180.3,180.0,180.0,180.27142857142854,180.32142857142858,179.68333333333334,,
HUNA,N,0,HUNAS FALLS,2019-04-03,183.0,3,4,2019,98.0874316939891,5.657367256108415,4.587387624648406,1.0699796314600087,181.64499999999998,197.633742750349,165.65625724965096,56.0,6.821428571428571,6.821428571428571,180.0,180.1,180.0,180.0,180.0,180.6,180.6,180.6,180.6,180.5,180.5,180.5,180.3,180.2,180.0,177.6,178.2,178.6,178.6,179.2,178.7,178.7,178.7,178.7,178.7,180.0,180.0,180.0,180.3,180.0,180.18571428571428,180.32142857142858,179.68333333333334,,
HUNA,N,0,HUNAS FALLS,2019-04-04,220.0,4,4,2019,98.28850855745723,7.976666724649618,5.265243444648649,2.711423280000969,183.70499999999998,206.99244635838653,160.41755364161344,-46.0,6.878571428571427,6.878571428571427,215.4,180.0,180.1,180.0,180.0,180.0,180.6,180.6,180.6,180.6,180.5,180.5,180.5,180.3,180.2,180.0,177.6,178.2,178.6,178.6,179.2,178.7,178.7,178.7,178.7,178.7,180.0,180.0,180.0,180.3,185.15714285714284,182.83571428571426,180.86333333333334,,
HUNA,N,0,HUNAS FALLS,2019-04-09,190.1,9,4,2019,53.54752342704151,6.990628795732903,5.6103205148655,1.3803082808674025,184.065,207.2425095160894,160.8874904839106,-8.0,9.457142857142857,9.457142857142857,219.8,215.4,180.0,180.1,180.0,180.0,180.0,180.6,180.6,180.6,180.6,180.5,180.5,180.5,180.3,180.2,180.0,177.6,178.2,178.6,178.6,179.2,178.7,178.7,178.7,178.7,178.7,180.0,180.0,180.0,190.7571428571429,185.65714285714284,182.17999999999998,,
HUNA,N,0,HUNAS FALLS,2019-04-10,185.8,10,4,2019,53.54752342704151,6.138426671416596,5.715941746175719,0.42248492524087666,184.445,207.46631506600818,161.4236849339918,-3.0,9.200000000000001,9.200000000000001,185.8,219.8,215.4,180.0,180.1,180.0,180.0,180.0,180.6,180.6,180.6,180.6,180.5,180.5,180.5,180.3,180.2,180.0,177.6,178.2,178.6,178.6,179.2,178.7,178.7,178.7,178.7,178.7,180.0,180.0,191.58571428571426,186.03571428571425,182.3733333333333,,
HUNA,N,0,HUNAS FALLS,2019-04-18,183.0,18,4,2019,53.54752342704151,5.4007933640871215,5.652912069758001,-0.25211870567087935,184.855,207.6540281417985,162.05597185820147,0.0,9.400000000000002,9.400000000000002,185.8,185.8,219.8,215.4,180.0,180.1,180.0,180.0,180.0,180.6,180.6,180.6,180.6,180.5,180.5,180.5,180.3,180.2,180.0,177.6,178.2,178.6,178.6,179.2,178.7,178.7,178.7,178.7,178.7,180.0,192.41428571428574,186.41428571428568,182.56666666666663,,
HUNA,N,0,HUNAS FALLS,2019-04-23,183.1,23,4,2019,51.61707632600259,4.5459434126000815,5.431518338326418,-0.8855749257263366,185.01,207.71199620251357,162.3080037974864,1.0,9.321428571428573,9.321428571428573,185.8,185.8,185.8,219.8,215.4,180.0,180.1,180.0,180.0,180.0,180.6,180.6,180.6,180.6,180.5,180.5,180.5,180.3,180.2,180.0,177.6,178.2,178.6,178.6,179.2,178.7,178.7,178.7,178.7,178.7,193.2428571428571,186.79285714285714,182.75999999999996,,
HUNA,N,0,HUNAS FALLS,2019-04-25,171.0,25,4,2019,51.61707632600259,3.824383554168918,5.110091381494919,-1.285707827326001,185.155,207.7644973058015,162.5455026941985,0.0,10.17857142857143,10.17857142857143,183.1,185.8,185.8,185.8,219.8,215.4,180.0,180.1,180.0,180.0,180.0,180.6,180.6,180.6,180.6,180.5,180.5,180.5,180.3,180.2,180.0,177.6,178.2,178.6,178.6,179.2,178.7,178.7,178.7,178.7,193.67142857142858,186.97142857142856,182.90666666666667,,
HUNA,N,0,HUNAS FALLS,2019-04-29,174.1,29,4,2019,51.61707632600259,3.215476160193873,4.73116833723471,-1.5156921770408367,185.295,207.81240613275344,162.77759386724654,0.0,10.785714285714288,10.785714285714288,183.1,183.1,185.8,185.8,185.8,219.8,215.4,180.0,180.1,180.0,180.0,180.0,180.6,180.6,180.6,180.6,180.5,180.5,180.5,180.3,180.2,180.0,177.6,178.2,178.6,178.6,179.2,178.7,178.7,178.7,194.1142857142857,187.14999999999995,183.05333333333334,,
HUNA,N,0,HUNAS FALLS,2019-05-06,175.5,6,5,2019,46.996466431095406,2.0955005534020756,4.2040347804681835,-2.108534227066108,185.045,207.89512725980902,162.19487274019096,1.0,9.385714285714286,9.385714285714286,183.1,183.1,183.1,185.8,185.8,185.8,219.8,215.4,180.0,180.1,180.0,180.0,180.0,180.6,180.6,180.6,180.6,180.5,180.5,180.5,180.3,180.2,180.0,177.6,178.2,178.6,178.6,179.2,178.7,178.7,189.49999999999997,187.32857142857142,183.2,,
HUNA,N,0,HUNAS FALLS,2019-05-08,175.0,8,5,2019,47.33096085409253,1.1941464392101864,3.6020571122165843,-2.407910673006398,184.795,207.96171614282218,161.6282838571778,-2.0,9.37857142857143,9.37857142857143,175.5,183.1,183.1,183.1,185.8,185.8,185.8,219.8,215.4,180.0,180.1,180.0,180.0,180.0,180.6,180.6,180.6,180.6,180.5,180.5,180.5,180.3,180.2,180.0,177.6,178.2,178.6,178.6,179.2,178.7,183.17142857142858,186.96428571428572,183.09333333333333,,
HUNA,N,0,HUNAS FALLS,2019-05-15,180.1,15,5,2019,47.33096085409253,0.4743488119748349,2.9765154521682344,-2.5021666401933995,184.545,208.01282567911346,161.0771743208865,3.0,9.992857142857144,9.992857142857144,175.5,175.5,183.1,183.1,183.1,185.8,185.8,185.8,219.8,215.4,180.0,180.1,180.0,180.0,180.0,180.6,180.6,180.6,180.6,180.5,180.5,180.5,180.3,180.2,180.0,177.6,178.2,178.6,178.6,179.2,181.70000000000002,186.64285714285714,182.98666666666668,,
HUNA,N,0,HUNAS FALLS,2019-05-23,180.0,23,5,2019,47.33096085409253,-0.09500088243436267,2.3622121852477154,-2.457213067682078,184.29,208.04736118608946,160.53263881391052,-2.0,11.371428571428572,11.371428571428572,175.5,175.5,175.5,183.1,183.1,183.1,185.8,185.8,185.8,219.8,215.4,180.0,180.1,180.0,180.0,180.0,180.6,180.6,180.6,180.6,180.5,180.5,180.5,180.3,180.2,180.0,177.6,178.2,178.6,178.6,180.22857142857143,186.32142857142858,182.86333333333337,,
HUNA,N,0,HUNAS FALLS,2019-05-28,194.8,28,5,2019,47.268408551068894,-0.5399899491944495,1.7817717583592825,-2.321761707553732,184.035,208.06702030624962,160.00297969375038,-1.0,12.10714285714286,12.10714285714286,175.5,175.5,175.5,175.5,183.1,183.1,183.1,185.8,185.8,185.8,219.8,215.4,180.0,180.1,180.0,180.0,180.0,180.6,180.6,180.6,180.6,180.5,180.5,180.5,180.3,180.2,180.0,177.6,178.2,178.6,178.75714285714284,185.99999999999997,182.76000000000002,,
HUNA,N,0,HUNAS FALLS,2019-05-30,181.0,30,5,2019,47.32461355529132,-0.8824743752977042,1.2489225316278851,-2.1313969069255894,183.78,208.07230764102724,159.48769235897277,3.0,14.921428571428574,14.921428571428574,175.5,175.5,175.5,175.5,175.5,183.1,183.1,183.1,185.8,185.8,185.8,219.8,215.4,180.0,180.1,180.0,180.0,180.0,180.6,180.6,180.6,180.6,180.5,180.5,180.5,180.3,180.2,180.0,177.6,178.2,177.67142857142855,185.67142857142858,182.65666666666667,,
HUNA,N,0,HUNAS FALLS,2019-06-04,181.7,4,6,2019,18.566176470588218,-0.6860450866287522,0.8619290079765577,-1.5479740946053098,183.81,208.08724947569758,159.53275052430243,2.0,12.150000000000002,12.150000000000002,175.5,175.5,175.5,175.5,175.5,175.5,183.1,183.1,183.1,185.8,185.8,185.8,219.8,215.4,180.0,180.1,180.0,180.0,180.0,180.6,180.6,180.6,180.6,180.5,180.5,180.5,180.3,180.2,180.0,177.6,176.58571428571426,185.35,182.56666666666666,,
HUNA,N,0,HUNAS FALLS,2019-06-06,162.1,6,6,2019,11.399999999999977,-0.5243293181658544,0.5846773427480754,-1.1090066609139297,183.87,208.11351025478115,159.62648974521886,-4.0,13.185714285714287,13.185714285714287,181.2,175.5,175.5,175.5,175.5,175.5,175.5,183.1,183.1,183.1,185.8,185.8,185.8,219.8,215.4,180.0,180.1,180.0,180.0,180.0,180.6,180.6,180.6,180.6,180.5,180.5,180.5,180.3,180.2,180.0,176.31428571428572,182.90714285714287,182.68666666666667,,
HUNA,N,0,HUNAS FALLS,2019-06-07,181.0,7,6,2019,35.18518518518515,-0.40760808283837946,0.3862202576307844,-0.7938283404691638,183.92000000000002,208.13401073324013,159.7059892667599,-1.0,10.5,10.5,181.2,181.2,175.5,175.5,175.5,175.5,175.5,175.5,183.1,183.1,183.1,185.8,185.8,185.8,219.8,215.4,180.0,180.1,180.0,180.0,180.0,180.6,180.6,180.6,180.6,180.5,180.5,180.5,180.3,180.2,177.12857142857143,180.15000000000003,182.72666666666666,,
HUNA,N,0,HUNAS FALLS,2019-06-11,180.2,11,6,2019,34.3373493975903,-0.3434235470935789,0.2402914966859117,-0.5837150437794907,183.95,208.14504081418326,159.75495918581672,1.0,10.557142857142859,10.557142857142859,181.0,181.2,181.2,175.5,175.5,175.5,175.5,175.5,175.5,183.1,183.1,183.1,185.8,185.8,185.8,219.8,215.4,180.0,180.1,180.0,180.0,180.0,180.6,180.6,180.6,180.6,180.5,180.5,180.5,180.3,177.91428571428574,179.80714285714288,182.75333333333336,,
HUNA,N,0,HUNAS FALLS,2019-06-17,190.0,17,6,2019,34.3373493975903,-0.28922285900756606,0.13438862554721615,-0.4236114845547822,183.975,208.1543191319401,159.7956808680599,0.0,11.028571428571428,11.028571428571428,180.6,181.0,181.2,181.2,175.5,175.5,175.5,175.5,175.5,175.5,183.1,183.1,183.1,185.8,185.8,185.8,219.8,215.4,180.0,180.1,180.0,180.0,180.0,180.6,180.6,180.6,180.6,180.5,180.5,180.5,178.64285714285714,179.43571428571428,182.76333333333338,,
HUNA,N,0,HUNAS FALLS,2019-06-18,185.0,18,6,2019,41.00719424460431,-0.24346194544719424,0.058818511348334074,-0.3022804567955283,184.005,208.16503441963377,159.84496558036622,1.0,11.178571428571429,11.178571428571429,180.6,180.6,181.0,181.2,181.2,175.5,175.5,175.5,175.5,175.5,175.5,183.1,183.1,183.1,185.8,185.8,185.8,219.8,215.4,180.0,180.1,180.0,180.0,180.0,180.6,180.6,180.6,180.6,180.5,180.5,179.3714285714286,179.0642857142857,182.76666666666674,,
HUNA,N,0,HUNAS FALLS,2019-06-19,180.2,19,6,2019,41.00719424460431,-0.2048348827381119,0.006087832531044883,-0.2109227152691568,182.26500000000001,201.39340544156357,163.13659455843646,-2.0,10.342857142857143,10.342857142857143,180.6,180.6,180.6,181.0,181.2,181.2,175.5,175.5,175.5,175.5,175.5,175.5,183.1,183.1,183.1,185.8,185.8,185.8,219.8,215.4,180.0,180.1,180.0,180.0,180.0,180.6,180.6,180.6,180.6,180.5,180.1,178.88571428571427,182.77000000000007,,
HUNA,N,0,HUNAS FALLS,2019-06-24,181.0,24,6,2019,41.00719424460431,-0.17223721386073976,-0.029577176747312046,-0.1426600371134277,180.305,187.63294937927802,172.977050620722,1.0,9.757142857142858,9.757142857142858,180.6,180.6,180.6,180.6,181.0,181.2,181.2,175.5,175.5,175.5,175.5,175.5,175.5,183.1,183.1,183.1,185.8,185.8,185.8,219.8,215.4,180.0,180.1,180.0,180.0,180.0,180.6,180.6,180.6,180.6,180.82857142857142,178.70714285714286,182.7733333333334,,
HUNA,N,0,HUNAS FALLS,2019-07-01,178.0,1,7,2019,62.63736263736274,-0.36809673580742697,-0.09728108855933504,-0.27081564724809193,179.905,186.832435919664,172.977564080336,0.0,9.414285714285715,9.414285714285715,180.6,180.6,180.6,180.6,180.6,181.0,181.2,181.2,175.5,175.5,175.5,175.5,175.5,175.5,183.1,183.1,183.1,185.8,185.8,185.8,219.8,215.4,180.0,180.1,180.0,180.0,180.0,180.6,180.6,180.6,180.74285714285716,178.52857142857144,182.7733333333334,,
HUNA,N,0,HUNAS FALLS,2019-07-05,177.9,5,7,2019,62.63736263736274,-0.5173530936197039,-0.18129548957140884,-0.3360576040482951,179.505,185.90285325838192,173.10714674161807,-1.0,9.385714285714286,9.385714285714286,177.8,180.6,180.6,180.6,180.6,180.6,181.0,181.2,181.2,175.5,175.5,175.5,175.5,175.5,175.5,183.1,183.1,183.1,185.8,185.8,185.8,219.8,215.4,180.0,180.1,180.0,180.0,180.0,180.6,180.6,180.25714285714284,178.69285714285712,182.68000000000004,,
HUNA,N,0,HUNAS FALLS,2019-07-22,180.0,22,7,2019,62.63736263736274,-0.6283960737447671,-0.2707156064060805,-0.35768046733868664,179.105,184.80836004382266,173.40163995617732,2.0,9.792857142857144,9.792857142857144,177.8,177.8,180.6,180.6,180.6,180.6,180.6,181.0,181.2,181.2,175.5,175.5,175.5,175.5,175.5,175.5,183.1,183.1,183.1,185.8,185.8,185.8,219.8,215.4,180.0,180.1,180.0,180.0,180.0,180.6,179.79999999999998,178.85714285714286,182.5866666666667,,
HUNA,N,0,HUNAS FALLS,2019-07-31,170.2,31,7,2019,78.48101265822793,-0.173761416307201,-0.2513247683863046,0.07756335207910359,179.175,185.11429820415628,173.23570179584374,-1.0,9.471428571428573,9.471428571428573,177.8,177.8,177.8,180.6,180.6,180.6,180.6,180.6,181.0,181.2,181.2,175.5,175.5,175.5,175.5,175.5,175.5,183.1,183.1,183.1,185.8,185.8,185.8,219.8,215.4,180.0,180.1,180.0,180.0,180.0,179.4,179.02142857142857,182.49333333333337,,
HUNA,N,0,HUNAS FALLS,2019-08-01,185.0,1,8,2019,73.37278106508884,0.09666472745507804,-0.18172686921802805,0.2783915966731061,179.19,185.17239522529047,173.20760477470952,2.0,9.857142857142858,9.857142857142858,184.5,177.8,177.8,177.8,180.6,180.6,180.6,180.6,180.6,181.0,181.2,181.2,175.5,175.5,175.5,175.5,175.5,175.5,183.1,183.1,183.1,185.8,185.8,185.8,219.8,215.4,180.0,180.1,180.0,180.0,179.95714285714286,179.66428571428574,182.64333333333337,,
HUNA,N,0,HUNAS FALLS,2019-08-09,170.0,9,8,2019,72.09302325581399,0.28350384604428314,-0.0886807261655658,0.3721845722098489,179.19,185.17239522529047,173.20760477470952,-2.0,8.178571428571429,8.178571428571429,183.4,184.5,177.8,177.8,177.8,180.6,180.6,180.6,180.6,180.6,181.0,181.2,181.2,175.5,175.5,175.5,175.5,175.5,175.5,183.1,183.1,183.1,185.8,185.8,185.8,219.8,215.4,180.0,180.1,180.0,180.35714285714283,180.22857142857137,182.7566666666667,,
HUNA,N,0,HUNAS FALLS,2019-08-13,197.0,13,8,2019,58.26086956521743,0.4266569578045676,0.01438681062846088,0.4122701471761067,179.57,185.5309607138093,173.6090392861907,-1.0,8.72857142857143,8.72857142857143,183.1,183.4,184.5,177.8,177.8,177.8,180.6,180.6,180.6,180.6,180.6,181.0,181.2,181.2,175.5,175.5,175.5,175.5,175.5,175.5,183.1,183.1,183.1,185.8,185.8,185.8,219.8,215.4,180.0,180.1,180.7142857142857,180.77142857142852,182.86000000000004,,
HUNA,N,0,HUNAS FALLS,2019-08-15,185.0,15,8,2019,58.26086956521743,0.5339517666446341,0.11829980183169553,0.41565196481293853,179.95,185.7861847667442,174.11381523325576,0.0,7.500000000000002,7.500000000000002,183.1,183.1,183.4,184.5,177.8,177.8,177.8,180.6,180.6,180.6,180.6,180.6,181.0,181.2,181.2,175.5,175.5,175.5,175.5,175.5,175.5,183.1,183.1,183.1,185.8,185.8,185.8,219.8,215.4,180.0,181.07142857142858,180.90714285714282,182.96000000000004,,
HUNA,N,0,HUNAS FALLS,2019-08-26,160.0,26,8,2019,59.29203539823008,0.6119297306458691,0.21702578759453023,0.39490394305133886,180.33,185.93116529229206,174.72883470770796,0.0,9.135714285714288,9.135714285714288,183.1,183.1,183.1,183.4,184.5,177.8,177.8,177.8,180.6,180.6,180.6,180.6,180.6,181.0,181.2,181.2,175.5,175.5,175.5,175.5,175.5,175.5,183.1,183.1,183.1,185.8,185.8,185.8,219.8,215.4,181.82857142857142,181.04285714285714,183.0633333333334,,
HUNA,N,0,HUNAS FALLS,2019-09-04,195.0,4,9,2019,61.4678899082569,0.6660500189015863,0.30683063385594145,0.3592193850456449,180.71,185.95109269442708,175.46890730557294,0.0,9.92857142857143,9.92857142857143,183.1,183.1,183.1,183.1,183.4,184.5,177.8,177.8,177.8,180.6,180.6,180.6,180.6,180.6,181.0,181.2,181.2,175.5,175.5,175.5,175.5,175.5,175.5,183.1,183.1,183.1,185.8,185.8,185.8,219.8,182.58571428571426,181.19285714285712,181.9866666666667,,
HUNA,N,0,HUNAS FALLS,2019-09-05,162.2,5,9,2019,61.4678899082569,0.7008616405389603,0.3856368351925452,0.31522480534641506,181.09,185.8174784644223,176.3625215355777,0.0,10.750000000000002,10.750000000000002,183.1,183.1,183.1,183.1,183.1,183.4,184.5,177.8,177.8,177.8,180.6,180.6,180.6,180.6,180.6,181.0,181.2,181.2,175.5,175.5,175.5,175.5,175.5,175.5,183.1,183.1,183.1,185.8,185.8,185.8,183.34285714285716,181.37142857142854,180.7633333333334,,
HUNA,N,0,HUNAS FALLS,2019-09-11,189.0,11,9,2019,61.4678899082569,0.7201486758327462,0.4525392033205854,0.26760947251216083,181.47,185.47163124632647,177.46836875367353,0.0,10.821428571428573,10.821428571428573,183.1,183.1,183.1,183.1,183.1,183.1,183.4,184.5,177.8,177.8,177.8,180.6,180.6,180.6,180.6,180.6,181.0,181.2,181.2,175.5,175.5,175.5,175.5,175.5,175.5,183.1,183.1,183.1,185.8,185.8,183.14285714285714,181.54999999999998,180.67333333333337,,
HUNA,N,0,HUNAS FALLS,2019-09-16,188.9,16,9,2019,61.4678899082569,0.7270527784038734,0.5074419183372431,0.21961086006663033,181.565,185.629363742528,177.500636257472,1.0,12.821428571428573,12.821428571428573,183.1,183.1,183.1,183.1,183.1,183.1,183.1,183.4,184.5,177.8,177.8,177.8,180.6,180.6,180.6,180.6,180.6,181.0,181.2,181.2,175.5,175.5,175.5,175.5,175.5,175.5,183.1,183.1,183.1,185.8,183.09999999999997,181.72857142857143,180.58333333333337,,
HUNA,N,0,HUNAS FALLS,2019-09-20,170.0,20,9,2019,61.4678899082569,0.7241764738267875,0.550788829435152,0.17338764439163556,181.66,185.7769227138211,177.54307728617889,4.0,14.357142857142858,14.357142857142858,183.1,183.1,183.1,183.1,183.1,183.1,183.1,183.1,183.4,184.5,177.8,177.8,177.8,180.6,180.6,180.6,180.6,180.6,181.0,181.2,181.2,175.5,175.5,175.5,175.5,175.5,175.5,183.1,183.1,183.1,183.09999999999997,181.90714285714287,180.49333333333337,,
HUNA,N,0,HUNAS FALLS,2019-09-23,184.9,23,9,2019,82.71604938271597,0.7136702354962665,0.583365110647375,0.13030512484889156,181.76500000000001,185.9180077876411,177.61199221235893,-2.0,14.285714285714288,14.285714285714288,183.1,183.1,183.1,183.1,183.1,183.1,183.1,183.1,183.1,183.4,184.5,177.8,177.8,177.8,180.6,180.6,180.6,180.6,180.6,181.0,181.2,181.2,175.5,175.5,175.5,175.5,175.5,175.5,183.1,183.1,183.09999999999997,182.08571428571432,180.49333333333337,,
HUNA,N,0,HUNAS FALLS,2019-09-24,184.7,24,9,2019,82.71604938271597,0.6973058580521752,0.606153260128335,0.09115259792384012,181.89000000000001,186.0458582621083,177.73414173789172,-2.0,14.392857142857144,14.392857142857144,183.1,183.1,183.1,183.1,183.1,183.1,183.1,183.1,183.1,183.1,183.4,184.5,177.8,177.8,177.8,180.6,180.6,180.6,180.6,180.6,181.0,181.2,181.2,175.5,175.5,175.5,175.5,175.5,175.5,183.1,183.09999999999997,182.46428571428572,180.49333333333337,,
HUNA,N,0,HUNAS FALLS,2019-09-26,164.1,26,9,2019,82.71604938271597,0.676538259108213,0.6202302599243107,0.05630799918390228,182.015,186.15785688358787,177.8721431164121,-1.0,14.72857142857143,14.72857142857143,183.1,183.1,183.1,183.1,183.1,183.1,183.1,183.1,183.1,183.1,183.1,183.4,184.5,177.8,177.8,177.8,180.6,180.6,180.6,180.6,180.6,181.0,181.2,181.2,175.5,175.5,175.5,175.5,175.5,175.5,183.09999999999997,182.84285714285713,180.4933333333333,,
HUNA,N,0,HUNAS FALLS,2019-10-15,180.0,15,10,2019,0.0,-1.1742231162365897,0.2613395846921306,-1.4355627009287204,180.99499999999998,191.60392871222396,170.386071287776,8.0,15.321428571428571,15.321428571428571,183.1,183.1,183.1,183.1,183.1,183.1,183.1,183.1,183.1,183.1,183.1,183.1,183.4,184.5,177.8,177.8,177.8,180.6,180.6,180.6,180.6,180.6,181.0,181.2,181.2,175.5,175.5,175.5,175.5,175.5,183.09999999999997,183.22142857142856,180.74666666666664,,
HUNA,N,0,HUNAS FALLS,2019-10-16,160.1,16,10,2019,0.0,-3.4006119645410706,-0.47105072515450974,-2.929561239386561,179.48,196.83530860693938,162.1246913930606,32.0,14.428571428571429,14.428571428571429,160.2,183.1,183.1,183.1,183.1,183.1,183.1,183.1,183.1,183.1,183.1,183.1,183.1,183.4,184.5,177.8,177.8,177.8,180.6,180.6,180.6,180.6,180.6,181.0,181.2,181.2,175.5,175.5,175.5,175.5,179.82857142857142,181.48571428571427,180.23666666666665,,
HUNA,N,0,HUNAS FALLS,2019-10-21,158.9,21,10,2019,0.0,-5.106180299086844,-1.3980766399409768,-3.7081036591458676,177.965,199.65683935808215,156.27316064191785,-38.0,13.971428571428572,13.971428571428572,150.3,160.2,183.1,183.1,183.1,183.1,183.1,183.1,183.1,183.1,183.1,183.1,183.1,183.1,183.4,184.5,177.8,177.8,177.8,180.6,180.6,180.6,180.6,180.6,181.0,181.2,181.2,175.5,175.5,175.5,175.14285714285714,179.12142857142854,179.39666666666665,,
HUNA,N,0,HUNAS FALLS,2019-10-22,175.0,22,10,2019,41.84397163120568,-4.5016406147670125,-2.018789434906184,-2.4828511798608286,177.76999999999998,199.5380693242479,156.00193067575205,11.0,14.742857142857142,14.742857142857142,150.3,150.3,160.2,183.1,183.1,183.1,183.1,183.1,183.1,183.1,183.1,183.1,183.1,183.1,183.1,183.4,184.5,177.8,177.8,177.8,180.6,180.6,180.6,180.6,180.6,181.0,181.2,181.2,175.5,175.5,170.45714285714286,176.7785714285714,178.55666666666667,,
HUNA,N,0,HUNAS FALLS,2019-10-23,174.0,23,10,2019,41.84397163120568,-3.9766976642056875,-2.410371080766085,-1.5663265834396025,177.575,199.41170256580347,155.7382974341965,-11.0,14.614285714285712,14.614285714285712,173.9,150.3,150.3,160.2,183.1,183.1,183.1,183.1,183.1,183.1,183.1,183.1,183.1,183.1,183.1,183.1,183.4,184.5,177.8,177.8,177.8,180.6,180.6,180.6,180.6,180.6,181.0,181.2,181.2,175.5,169.14285714285714,176.12142857142854,178.50333333333336,,
HUNA,N,0,HUNAS FALLS,2019-10-24,174.0,24,10,2019,41.94690265486726,-3.5121218748575984,-2.6307212395843877,-0.8814006352732107,177.385,199.27951024680317,155.4904897531968,0.0,13.035714285714283,13.035714285714283,173.9,173.9,150.3,150.3,160.2,183.1,183.1,183.1,183.1,183.1,183.1,183.1,183.1,183.1,183.1,183.1,183.1,183.4,184.5,177.8,177.8,177.8,180.6,180.6,180.6,180.6,180.6,181.0,181.2,181.2,167.82857142857145,175.4642857142857,178.45,,
HUNA,N,0,HUNAS FALLS,2019-10-25,174.9,25,10,2019,41.94690265486726,-3.1081138134041737,-2.726199754348345,-0.38191405905582876,176.85999999999999,198.5386482390781,155.18135176092187,-1.0,12.249999999999998,12.249999999999998,174.0,173.9,173.9,150.3,150.3,160.2,183.1,183.1,183.1,183.1,183.1,183.1,183.1,183.1,183.1,183.1,183.1,183.1,183.4,184.5,177.8,177.8,177.8,180.6,180.6,180.6,180.6,180.6,181.0,181.2,166.5285714285714,174.8142857142857,178.21000000000006,,
HUNA,N,0,HUNAS FALLS,2019-10-29,152.1,29,10,2019,56.671070013210034,-1.2245392488648292,-2.425867653251642,1.2013284043868127,177.35,200.0691085814748,154.63089141852518,19.0,13.807142857142855,13.807142857142855,174.0,174.0,173.9,173.9,150.3,150.3,160.2,183.1,183.1,183.1,183.1,183.1,183.1,183.1,183.1,183.1,183.1,183.1,183.1,183.4,184.5,177.8,177.8,177.8,180.6,180.6,180.6,180.6,180.6,181.0,165.22857142857143,174.16428571428565,177.97000000000008,,
HUNA,N,0,HUNAS FALLS,2019-10-30,180.0,30,10,2019,48.25646794150731,-0.7878407809338341,-2.0982622787880807,1.3104214978542466,177.195,199.7908985565732,154.59910144342678,-11.0,14.328571428571426,14.328571428571426,193.2,174.0,174.0,173.9,173.9,150.3,150.3,160.2,183.1,183.1,183.1,183.1,183.1,183.1,183.1,183.1,183.1,183.1,183.1,183.1,183.4,184.5,177.8,177.8,177.8,180.6,180.6,180.6,180.6,180.6,169.94285714285712,174.88571428571427,178.37666666666672,,
HUNA,N,0,HUNAS FALLS,2019-10-31,180.1,31,10,2019,48.31460674157303,-0.4287426561339487,-1.7643583542572545,1.3356156981233058,177.04500000000002,199.51532897423908,154.57467102576095,-7.0,12.307142857142853,12.307142857142853,180.0,193.2,174.0,174.0,173.9,173.9,150.3,150.3,160.2,183.1,183.1,183.1,183.1,183.1,183.1,183.1,183.1,183.1,183.1,183.1,183.1,183.4,184.5,177.8,177.8,177.8,180.6,180.6,180.6,180.6,174.18571428571428,174.66428571428568,178.3566666666667,,
HUNA,N,0,HUNAS FALLS,2019-11-01,185.0,1,11,2019,51.01171458998936,0.24837117561679634,-1.3618124482824445,1.6101836238992409,177.14000000000001,199.73384173199696,154.54615826800307,-2.0,11.064285714285713,11.064285714285713,180.1,180.0,193.2,174.0,174.0,173.9,173.9,150.3,150.3,160.2,183.1,183.1,183.1,183.1,183.1,183.1,183.1,183.1,183.1,183.1,183.1,183.1,183.4,184.5,177.8,177.8,177.8,180.6,180.6,180.6,178.44285714285715,174.45,178.34000000000006,,
HUNA,N,0,HUNAS FALLS,2019-11-06,185.0,6,11,2019,51.01171458998936,0.7760430247022043,-0.9342413536855148,1.710284378387719,177.23499999999999,199.9500101080877,154.51998989191227,3.0,10.935714285714283,10.935714285714283,185.0,180.1,180.0,193.2,174.0,174.0,173.9,173.9,150.3,150.3,160.2,183.1,183.1,183.1,183.1,183.1,183.1,183.1,183.1,183.1,183.1,183.1,183.1,183.4,184.5,177.8,177.8,177.8,180.6,180.6,180.02857142857144,174.58571428571426,178.4866666666667,,
HUNA,N,0,HUNAS FALLS,2019-11-07,185.0,7,11,2019,51.01171458998936,1.1806173449292316,-0.5112696139625655,1.6918869588917973,177.32999999999998,200.1638714240605,154.49612857593948,-1.0,11.82142857142857,11.82142857142857,185.0,185.0,180.1,180.0,193.2,174.0,174.0,173.9,173.9,150.3,150.3,160.2,183.1,183.1,183.1,183.1,183.1,183.1,183.1,183.1,183.1,183.1,183.1,183.1,183.4,184.5,177.8,177.8,177.8,180.6,181.6142857142857,174.72142857142853,178.63333333333335,,
HUNA,N,0,HUNAS FALLS,2019-11-08,185.0,8,11,2019,51.01171458998936,1.4841371987261311,-0.11218825142482619,1.5963254501509574,177.425,200.37546152500047,154.47453847499955,6.0,10.957142857142856,10.957142857142856,185.0,185.0,185.0,180.1,180.0,193.2,174.0,174.0,173.9,173.9,150.3,150.3,160.2,183.1,183.1,183.1,183.1,183.1,183.1,183.1,183.1,183.1,183.1,183.1,183.1,183.4,184.5,177.8,177.8,177.8,183.18571428571428,174.85714285714286,178.78000000000003,,
HUNA,N,0,HUNAS FALLS,2019-11-13,185.0,13,11,2019,67.55617977528092,1.7209788255046021,0.2544451639610595,1.4665336615435427,177.53,200.60863901852466,154.45136098147535,0.0,9.664285714285713,9.664285714285713,185.0,185.0,185.0,185.0,180.1,180.0,193.2,174.0,174.0,173.9,173.9,150.3,150.3,160.2,183.1,183.1,183.1,183.1,183.1,183.1,183.1,183.1,183.1,183.1,183.1,183.1,183.4,184.5,177.8,177.8,184.75714285714284,174.99285714285716,179.02,,
HUNA,N,0,HUNAS FALLS,2019-11-14,185.0,14,11,2019,78.46655791190865,1.8869262102967923,0.580941373228206,1.3059848370685863,177.63500000000002,200.83910807548844,154.4308919245116,-5.0,9.15,9.15,185.2,185.0,185.0,185.0,185.0,180.1,180.0,193.2,174.0,174.0,173.9,173.9,150.3,150.3,160.2,183.1,183.1,183.1,183.1,183.1,183.1,183.1,183.1,183.1,183.1,183.1,183.1,183.4,184.5,177.8,183.6142857142857,176.77857142857147,179.2666666666667,,
HUNA,N,0,HUNAS FALLS,2019-11-15,185.0,15,11,2019,78.21138211382116,1.9794841190622208,0.860649922395009,1.1188341966672117,177.73000000000002,201.04361472571227,154.41638527428776,-2.0,8.478571428571428,8.478571428571428,185.2,185.2,185.0,185.0,185.0,185.0,180.1,180.0,193.2,174.0,174.0,173.9,173.9,150.3,150.3,160.2,183.1,183.1,183.1,183.1,183.1,183.1,183.1,183.1,183.1,183.1,183.1,183.1,183.4,184.5,184.35714285714286,179.27142857142857,179.51333333333335,,
HUNA,N,0,HUNAS FALLS,2019-11-18,193.0,18,11,2019,64.64379947229553,2.0294427755700326,1.0944084930300138,0.9350342825400189,177.825,201.24598698985477,154.4040130101452,1.0,7.578571428571428,7.578571428571428,185.0,185.2,185.2,185.0,185.0,185.0,185.0,180.1,180.0,193.2,174.0,174.0,173.9,173.9,150.3,150.3,160.2,183.1,183.1,183.1,183.1,183.1,183.1,183.1,183.1,183.1,183.1,183.1,183.1,183.4,185.05714285714288,181.75,179.53000000000006,,
HUNA,N,0,HUNAS FALLS,2019-11-20,162.0,20,11,2019,64.64379947229553,2.0454566201209445,1.2846181184482,0.7608385016727446,177.92000000000002,201.44625409152397,154.39374590847606,-2.0,9.214285714285714,9.214285714285714,185.0,185.0,185.2,185.2,185.0,185.0,185.0,185.0,180.1,180.0,193.2,174.0,174.0,173.9,173.9,150.3,150.3,160.2,183.1,183.1,183.1,183.1,183.1,183.1,183.1,183.1,183.1,183.1,183.1,183.1,185.05714285714288,182.54285714285714,179.5833333333334,,
HUNA,N,0,HUNAS FALLS,2019-11-25,165.2,25,11,2019,64.55026455026456,2.034693032574012,1.4346331012733624,0.6000599313006494,178.01500000000001,201.64444416567915,154.38555583432088,0.0,10.557142857142859,10.557142857142859,185.0,185.0,185.0,185.2,185.2,185.0,185.0,185.0,185.0,180.1,180.0,193.2,174.0,174.0,173.9,173.9,150.3,150.3,160.2,183.1,183.1,183.1,183.1,183.1,183.1,183.1,183.1,183.1,183.1,183.1,185.05714285714288,183.33571428571426,179.64666666666673,,
HUNA,N,0,HUNAS FALLS,2019-11-26,180.0,26,11,2019,64.55026455026456,2.0030726374010612,1.548321008498902,0.45475162890215914,179.25500000000002,201.51106717989026,156.9989328201098,4.0,10.85,10.85,185.0,185.0,185.0,185.0,185.2,185.2,185.0,185.0,185.0,185.0,180.1,180.0,193.2,174.0,174.0,173.9,173.9,150.3,150.3,160.2,183.1,183.1,183.1,183.1,183.1,183.1,183.1,183.1,183.1,183.1,185.05714285714288,184.12142857142857,179.71000000000006,,
HUNA,N,0,HUNAS FALLS,2019-11-27,184.8,27,11,2019,27.95698924731181,1.9554717849162273,1.6297511637823672,0.32572062113386013,180.99,198.6847092895617,163.2952907104383,-3.0,9.435714285714285,9.435714285714285,185.0,185.0,185.0,185.0,185.0,185.2,185.2,185.0,185.0,185.0,185.0,180.1,180.0,193.2,174.0,174.0,173.9,173.9,150.3,150.3,160.2,183.1,183.1,183.1,183.1,183.1,183.1,183.1,183.1,183.1,185.05714285714288,184.90714285714284,179.77333333333343,,
HUNA,N,0,HUNAS FALLS,2019-12-03,165.2,3,12,2019,26.530612244897952,0.7631295582125688,1.4564268426684075,-0.6932972844558387,182.015,193.51498169334906,170.51501830665092,14.0,10.064285714285715,10.064285714285715,185.0,185.0,185.0,185.0,185.0,185.0,185.2,185.2,185.0,185.0,185.0,185.0,180.1,180.0,193.2,174.0,174.0,173.9,173.9,150.3,150.3,160.2,183.1,183.1,183.1,183.1,183.1,183.1,183.1,183.1,185.02857142857144,184.32142857142858,179.83666666666673,,
HUNA,N,0,HUNAS FALLS,2019-12-06,183.0,6,12,2019,61.60000000000003,1.2561591007300876,1.4163732942807437,-0.16021419355065603,182.76,193.97341302097365,171.54658697902633,-9.0,12.407142857142858,12.407142857142858,170.8,185.0,185.0,185.0,185.0,185.0,185.0,185.2,185.2,185.0,185.0,185.0,185.0,180.1,180.0,193.2,174.0,174.0,173.9,173.9,150.3,150.3,160.2,183.1,183.1,183.1,183.1,183.1,183.1,183.1,182.97142857142856,183.66428571428568,179.42666666666676,,
HUNA,N,0,HUNAS FALLS,2019-12-18,170.0,18,12,2019,31.325301204819283,-0.4060674297844571,1.0518851494677035,-1.4579525792521606,182.23000000000002,195.93241622949438,168.52758377050566,-5.0,13.885714285714288,13.885714285714288,188.8,170.8,185.0,185.0,185.0,185.0,185.0,185.0,185.2,185.2,185.0,185.0,185.0,185.0,180.1,180.0,193.2,174.0,174.0,173.9,173.9,150.3,150.3,160.2,183.1,183.1,183.1,183.1,183.1,183.1,183.5142857142857,184.28571428571428,179.61666666666676,,
HUNA,N,0,HUNAS FALLS,2019-12-19,165.0,19,12,2019,31.325301204819283,-1.703754114036201,0.5007572967669226,-2.2045114108031236,181.695,197.43452115903736,165.95547884096263,-1.0,14.007142857142858,14.007142857142858,163.3,188.8,170.8,185.0,185.0,185.0,185.0,185.0,185.0,185.2,185.2,185.0,185.0,185.0,185.0,180.1,180.0,193.2,174.0,174.0,173.9,173.9,150.3,150.3,160.2,183.1,183.1,183.1,183.1,183.1,180.41428571428574,182.7357142857143,178.95666666666673,,
HUNA,N,0,HUNAS FALLS,2019-12-24,163.5,24,12,2019,31.325301204819283,-2.701044204386875,-0.13960300346383686,-2.561441200923038,181.16000000000003,198.63279388981013,163.68720611018992,0.0,13.021428571428572,13.021428571428572,163.3,163.3,188.8,170.8,185.0,185.0,185.0,185.0,185.0,185.0,185.2,185.2,185.0,185.0,185.0,185.0,180.1,180.0,193.2,174.0,174.0,173.9,173.9,150.3,150.3,160.2,183.1,183.1,183.1,183.1,177.31428571428572,181.18571428571428,178.2966666666667,,
HUNA,N,0,HUNAS FALLS,2019-12-26,163.5,26,12,2019,31.325301204819283,-3.451615708742679,-0.8020055445196053,-2.649610164223074,179.665,197.9002204033264,161.4297795966736,1.0,12.542857142857143,12.542857142857143,163.3,163.3,163.3,188.8,170.8,185.0,185.0,185.0,185.0,185.0,185.0,185.2,185.2,185.0,185.0,185.0,185.0,180.1,180.0,193.2,174.0,174.0,173.9,173.9,150.3,150.3,160.2,183.1,183.1,183.1,174.21428571428572,179.63571428571427,177.6366666666667,,
HUNA,N,0,HUNAS FALLS,2019-12-30,161.2,30,12,2019,29.950083194675543,-4.175834229719527,-1.4767712815595897,-2.6990629481599373,178.72,198.75245787268878,158.68754212731122,7.0,12.35,12.35,163.3,163.3,163.3,163.3,188.8,170.8,185.0,185.0,185.0,185.0,185.0,185.0,185.2,185.2,185.0,185.0,185.0,185.0,180.1,180.0,193.2,174.0,174.0,173.9,173.9,150.3,150.3,160.2,183.1,183.1,171.1142857142857,178.08571428571426,176.97666666666666,,
HUNA,,0,HUNAS FALLS,2020-06-08,135.0,8,6,2020,0.0,-4.6956431553697655,-4.664254799914565,-0.031388355455200134,140.1,144.4961705823908,135.7038294176092,0.0,9.692857142857141,9.692857142857141,135.0,135.0,141.0,141.0,141.0,141.0,141.0,141.0,141.0,141.0,141.0,141.0,141.0,141.0,141.0,141.0,141.0,141.0,141.0,141.0,164.9,164.9,164.9,164.9,164.9,161.1,161.1,161.1,161.1,161.1,139.28571428571428,140.14285714285714,147.93333333333337,N,
HUNA,,0,HUNAS FALLS,2020-06-09,138.9,9,6,2020,39.39393939393943,-4.37984271298717,-4.607372382529086,0.22752966954191667,139.995,144.40096485639572,135.5890351436043,-1.0,9.900000000000002,9.900000000000002,135.0,135.0,135.0,141.0,141.0,141.0,141.0,141.0,141.0,141.0,141.0,141.0,141.0,141.0,141.0,141.0,141.0,141.0,141.0,141.0,141.0,164.9,164.9,164.9,164.9,164.9,161.1,161.1,161.1,161.1,138.42857142857142,139.71428571428572,147.06333333333336,N,
HUNA,,0,HUNAS FALLS,2020-06-10,137.9,10,6,2020,39.39393939393943,-4.0825079764995,-4.502399501323169,0.41989152482366965,139.89000000000001,144.29521222381473,135.4847877761853,3.0,8.821428571428573,8.821428571428573,138.9,135.0,135.0,135.0,141.0,141.0,141.0,141.0,141.0,141.0,141.0,141.0,141.0,141.0,141.0,141.0,141.0,141.0,141.0,141.0,141.0,141.0,164.9,164.9,164.9,164.9,164.9,161.1,161.1,161.1,138.12857142857143,139.56428571428572,146.32333333333335,N,
HUNA,,0,HUNAS FALLS,2020-06-11,128.6,11,6,2020,19.211822660098534,-4.6326587330804045,-4.528451347674617,-0.10420738540578789,139.26500000000001,145.95931023135984,132.5706897686402,0.0,9.421428571428574,9.421428571428574,138.9,138.9,135.0,135.0,135.0,141.0,141.0,141.0,141.0,141.0,141.0,141.0,141.0,141.0,141.0,141.0,141.0,141.0,141.0,141.0,141.0,141.0,141.0,164.9,164.9,164.9,164.9,164.9,161.1,161.1,137.82857142857142,139.4142857142857,145.58333333333337,N,
HUNA,,0,HUNAS FALLS,2020-06-12,130.0,12,6,2020,19.211822660098534,-5.01089469640641,-4.624940017420975,-0.3859546789854349,138.64000000000001,146.8212108227524,130.45878917724764,-1.0,8.735714285714288,8.735714285714288,128.5,138.9,138.9,135.0,135.0,135.0,141.0,141.0,141.0,141.0,141.0,141.0,141.0,141.0,141.0,141.0,141.0,141.0,141.0,141.0,141.0,141.0,141.0,141.0,164.9,164.9,164.9,164.9,164.9,161.1,136.04285714285714,138.52142857142857,144.4966666666667,N,
HUNA,,0,HUNAS FALLS,2020-06-15,130.0,15,6,2020,21.5311004784689,-5.202265953184252,-4.740405204573631,-0.4618607486106212,138.04500000000002,147.17896783556074,128.9110321644393,5.0,8.057142857142859,8.057142857142859,128.5,128.5,138.9,138.9,135.0,135.0,135.0,141.0,141.0,141.0,141.0,141.0,141.0,141.0,141.0,141.0,141.0,141.0,141.0,141.0,141.0,141.0,141.0,141.0,141.0,164.9,164.9,164.9,164.9,164.9,134.25714285714284,137.62857142857143,143.41,N,
HUNA,,0,HUNAS FALLS,2020-06-16,122.0,16,6,2020,21.5311004784689,-5.292915616435437,-4.850907286945993,-0.44200832948944413,137.45,147.29607856752625,127.60392143247371,-7.0,7.071428571428572,7.071428571428572,129.1,128.5,128.5,138.9,138.9,135.0,135.0,135.0,141.0,141.0,141.0,141.0,141.0,141.0,141.0,141.0,141.0,141.0,141.0,141.0,141.0,141.0,141.0,141.0,141.0,141.0,164.9,164.9,164.9,164.9,133.4142857142857,136.77857142857144,142.21666666666667,N,
HUNA,,0,HUNAS FALLS,2020-06-19,147.6,19,6,2020,21.5311004784689,-5.303619305689949,-4.9414496906947845,-0.36216961499516476,136.855,147.22225106944205,126.48774893055791,0.0,6.9,6.9,129.1,129.1,128.5,128.5,138.9,138.9,135.0,135.0,135.0,141.0,141.0,141.0,141.0,141.0,141.0,141.0,141.0,141.0,141.0,141.0,141.0,141.0,141.0,141.0,141.0,141.0,141.0,164.9,164.9,164.9,132.57142857142858,135.92857142857142,141.02333333333334,N,
HUNA,,0,HUNAS FALLS,2020-06-22,140.0,22,6,2020,60.09732360097325,-3.640169269570947,-4.681193606470018,1.0410243368990706,137.27,148.9209046407296,125.61909535927043,15.0,6.900000000000001,6.900000000000001,129.1,129.1,129.1,128.5,128.5,138.9,138.9,135.0,135.0,135.0,141.0,141.0,141.0,141.0,141.0,141.0,141.0,141.0,141.0,141.0,141.0,141.0,141.0,141.0,141.0,141.0,141.0,141.0,164.9,164.9,131.72857142857143,135.07857142857142,139.83,N,
HUNA,,0,HUNAS FALLS,2020-06-23,159.9,23,6,2020,68.27852998065764,-1.4498289931863155,-4.034920683813278,2.585091690626962,138.215,153.60553365922686,122.82446634077314,-7.0,7.235714285714287,7.235714285714287,149.3,129.1,129.1,129.1,128.5,128.5,138.9,138.9,135.0,135.0,135.0,141.0,141.0,141.0,141.0,141.0,141.0,141.0,141.0,141.0,141.0,141.0,141.0,141.0,141.0,141.0,141.0,141.0,141.0,164.9,133.21428571428572,135.67142857142855,139.31,N,
HUNA,,0,HUNAS FALLS,2020-06-24,199.0,24,6,2020,68.27852998065764,0.2827718386613185,-3.1713821793183588,3.4541540179796772,139.16,157.33892359733932,120.98107640266069,-6.0,9.6,9.6,159.9,149.3,129.1,129.1,129.1,128.5,128.5,138.9,138.9,135.0,135.0,135.0,141.0,141.0,141.0,141.0,141.0,141.0,141.0,141.0,141.0,141.0,141.0,141.0,141.0,141.0,141.0,141.0,141.0,141.0,136.21428571428572,137.02142857142857,139.14333333333335,N,
HUNA,,0,HUNAS FALLS,2020-06-25,151.0,25,6,2020,49.92927864214994,0.12133064607854749,-2.5128396142389775,2.634170260317525,139.155,157.33184762200779,120.97815237799223,2.0,10.585714285714287,10.585714285714287,159.9,159.9,149.3,129.1,129.1,129.1,128.5,128.5,138.9,138.9,135.0,135.0,135.0,141.0,141.0,141.0,141.0,141.0,141.0,141.0,141.0,141.0,141.0,141.0,141.0,141.0,141.0,141.0,141.0,141.0,140.70000000000002,138.3714285714286,139.77333333333334,N,
HUNA,,0,HUNAS FALLS,2020-06-26,140.5,26,6,2020,54.3076923076923,-0.030468928122502348,-2.0163654770156825,1.9858965488931801,139.135,157.3041786449356,120.96582135506438,1.0,10.514285714285716,10.514285714285716,140.9,159.9,159.9,149.3,129.1,129.1,129.1,128.5,128.5,138.9,138.9,135.0,135.0,135.0,141.0,141.0,141.0,141.0,141.0,141.0,141.0,141.0,141.0,141.0,141.0,141.0,141.0,141.0,141.0,141.0,142.4714285714286,138.36428571428573,139.77,N,
HUNA,,0,HUNAS FALLS,2020-06-29,149.0,29,6,2020,59.53678474114441,0.5210324758866136,-1.5088858864352233,2.029918362321837,139.535,158.22192478431757,120.84807521568244,5.0,11.114285714285716,11.114285714285716,140.6,140.9,159.9,159.9,149.3,129.1,129.1,129.1,128.5,128.5,138.9,138.9,135.0,135.0,135.0,141.0,141.0,141.0,141.0,141.0,141.0,141.0,141.0,141.0,141.0,141.0,141.0,141.0,141.0,141.0,144.1142857142857,138.7642857142857,139.75666666666666,N,
HUNA,,0,HUNAS FALLS,2020-06-30,150.0,30,6,2020,60.24096385542169,1.0508864821514692,-0.9969314127178849,2.047817894869354,140.0,159.29341311105136,120.70658688894862,-2.0,11.328571428571431,11.328571428571431,149.0,140.6,140.9,159.9,159.9,149.3,129.1,129.1,129.1,128.5,128.5,138.9,138.9,135.0,135.0,135.0,141.0,141.0,141.0,141.0,141.0,141.0,141.0,141.0,141.0,141.0,141.0,141.0,141.0,141.0,146.95714285714283,139.76428571428573,140.02333333333337,N,
HUNA,,0,HUNAS FALLS,2020-07-01,149.2,1,7,2020,54.8731642189586,1.1269728234455556,-0.5721505654851968,1.6991233889307524,140.26,159.7493115106178,120.7706884893822,1.0,12.314285714285717,12.314285714285717,150.3,149.0,140.6,140.9,159.9,159.9,149.3,129.1,129.1,129.1,128.5,128.5,138.9,138.9,135.0,135.0,135.0,141.0,141.0,141.0,141.0,141.0,141.0,141.0,141.0,141.0,141.0,141.0,141.0,141.0,149.98571428571427,140.85714285714286,140.33333333333334,N,
HUNA,,0,HUNAS FALLS,2020-07-02,149.9,2,7,2020,54.8731642189586,1.173741634163747,-0.2229721255554081,1.396713759719155,140.52,160.1887944135937,120.85120558640631,-9.0,12.300000000000002,12.300000000000002,146.2,150.3,149.0,140.6,140.9,159.9,159.9,149.3,129.1,129.1,129.1,128.5,128.5,138.9,138.9,135.0,135.0,135.0,141.0,141.0,141.0,141.0,141.0,141.0,141.0,141.0,141.0,141.0,141.0,141.0,149.54285714285714,141.3785714285714,140.5066666666667,N,
HUNA,,0,HUNAS FALLS,2020-07-03,142.0,3,7,2020,72.59953161592503,2.864244358980983,0.3944711713518701,2.4697731876291127,141.825,164.8114834425067,118.83851655749328,11.0,13.442857142857147,13.442857142857147,146.2,146.2,150.3,149.0,140.6,140.9,159.9,159.9,149.3,129.1,129.1,129.1,128.5,128.5,138.9,138.9,135.0,135.0,135.0,141.0,141.0,141.0,141.0,141.0,141.0,141.0,141.0,141.0,141.0,141.0,147.58571428571432,141.89999999999998,140.67999999999998,N,
HUNA,,0,HUNAS FALLS,2020-07-08,161.9,8,7,2020,72.59953161592503,4.156071344419217,1.1467912059653396,3.009280138453878,143.43,168.7719643653514,118.0880356346486,-11.0,13.35714285714286,13.35714285714286,167.1,146.2,146.2,150.3,149.0,140.6,140.9,159.9,159.9,149.3,129.1,129.1,129.1,128.5,128.5,138.9,138.9,135.0,135.0,135.0,141.0,141.0,141.0,141.0,141.0,141.0,141.0,141.0,141.0,141.0,148.6142857142857,144.65714285714284,141.55,N,
HUNA,,0,HUNAS FALLS,2020-07-09,161.5,9,7,2020,72.40566037735847,5.120823867546989,1.9415977382816694,3.1792261292653192,145.035,172.13405999535004,117.93594000464995,1.0,13.650000000000002,13.650000000000002,167.1,167.1,146.2,146.2,150.3,149.0,140.6,140.9,159.9,159.9,149.3,129.1,129.1,129.1,128.5,128.5,138.9,138.9,135.0,135.0,135.0,141.0,141.0,141.0,141.0,141.0,141.0,141.0,141.0,141.0,152.35714285714283,147.41428571428568,142.42000000000002,N,
HUNA,,0,HUNAS FALLS,2020-07-10,160.0,10,7,2020,72.40566037735847,5.8183271393131974,2.716943618487975,3.1013835208252223,146.64000000000001,175.00917526582612,118.2708247341739,-1.0,13.650000000000002,13.650000000000002,167.1,167.1,167.1,146.2,146.2,150.3,149.0,140.6,140.9,159.9,159.9,149.3,129.1,129.1,129.1,128.5,128.5,138.9,138.9,135.0,135.0,135.0,141.0,141.0,141.0,141.0,141.0,141.0,141.0,141.0,156.14285714285714,150.12857142857143,143.29,N,
HUNA,,0,HUNAS FALLS,2020-07-13,148.1,13,7,2020,57.22273998136066,4.503626544380012,3.0742802036663828,1.429346340713629,146.925,175.08049866834472,118.76950133165532,13.0,14.05,14.05,167.1,167.1,167.1,167.1,146.2,146.2,150.3,149.0,140.6,140.9,159.9,159.9,149.3,129.1,129.1,129.1,128.5,128.5,138.9,138.9,135.0,135.0,135.0,141.0,141.0,141.0,141.0,141.0,141.0,141.0,158.72857142857143,152.84285714285716,144.16,N,
HUNA,,0,HUNAS FALLS,2020-07-15,144.3,15,7,2020,46.924829157175395,3.366426630465071,3.1327094890261207,0.23371714143895028,147.175,175.11846736575572,119.2315326342443,-4.0,12.678571428571429,12.678571428571429,144.6,167.1,167.1,167.1,167.1,146.2,146.2,150.3,149.0,140.6,140.9,159.9,159.9,149.3,129.1,129.1,129.1,128.5,128.5,138.9,138.9,135.0,135.0,135.0,141.0,141.0,141.0,141.0,141.0,141.0,157.91428571428574,153.95000000000002,144.28,N,
HUNA,,0,HUNAS FALLS,2020-07-20,143.7,20,7,2020,45.87688734030198,3.147065710668869,3.1355807333546704,0.01148497731419873,148.39,174.99565036940365,121.78434963059632,-3.0,12.650000000000002,12.650000000000002,143.9,144.6,167.1,167.1,167.1,167.1,146.2,146.2,150.3,149.0,140.6,140.9,159.9,159.9,149.3,129.1,129.1,129.1,128.5,128.5,138.9,138.9,135.0,135.0,135.0,141.0,141.0,141.0,141.0,141.0,157.58571428571432,153.56428571428572,144.37666666666667,N,
HUNA,,0,HUNAS FALLS,2020-07-22,150.0,22,7,2020,45.87688734030198,2.9393377454647975,3.096332135776696,-0.15699439031189844,149.605,174.55399850326242,124.65600149673756,-6.0,10.05714285714286,10.05714285714286,152.8,143.9,144.6,167.1,167.1,167.1,167.1,146.2,146.2,150.3,149.0,140.6,140.9,159.9,159.9,149.3,129.1,129.1,129.1,128.5,128.5,138.9,138.9,135.0,135.0,135.0,141.0,141.0,141.0,141.0,158.52857142857144,153.05714285714288,144.77,N,
HUNA,,0,HUNAS FALLS,2020-07-23,150.0,23,7,2020,58.86736214605066,2.743091188732649,3.0256839463678866,-0.28259275763523783,150.79,173.81546873629972,127.76453126370026,0.0,8.842857142857145,8.842857142857145,152.8,152.8,143.9,144.6,167.1,167.1,167.1,167.1,146.2,146.2,150.3,149.0,140.6,140.9,159.9,159.9,149.3,129.1,129.1,129.1,128.5,128.5,138.9,138.9,135.0,135.0,135.0,141.0,141.0,141.0,156.4857142857143,152.54999999999998,145.16333333333333,N,
HUNA,,0,HUNAS FALLS,2020-07-27,158.0,27,7,2020,59.67503692762185,2.6298713372902967,2.946521424552369,-0.31665008726207233,152.02,172.67288051784087,131.36711948215915,4.0,8.914285714285716,8.914285714285716,152.8,152.8,152.8,143.9,144.6,167.1,167.1,167.1,167.1,146.2,146.2,150.3,149.0,140.6,140.9,159.9,159.9,149.3,129.1,129.1,129.1,128.5,128.5,138.9,138.9,135.0,135.0,135.0,141.0,141.0,154.44285714285715,153.4,145.5566666666667,N,
HUNA,,0,HUNAS FALLS,2020-07-28,150.0,28,7,2020,49.53560371517028,2.0884042589546254,2.7748979914328205,-0.686493732478195,152.985,170.72716209455527,135.24283790544476,-1.0,8.721428571428573,8.721428571428573,153.7,152.8,152.8,152.8,143.9,144.6,167.1,167.1,167.1,167.1,146.2,146.2,150.3,149.0,140.6,140.9,159.9,159.9,149.3,129.1,129.1,129.1,128.5,128.5,138.9,138.9,135.0,135.0,135.0,141.0,152.52857142857144,154.33571428571426,145.98000000000002,N,
HUNA,,0,HUNAS FALLS,2020-08-11,148.5,11,8,2020,48.49921011058451,1.6403784367947196,2.5479940805052004,-0.9076156437104808,152.94,170.7260264489319,135.1539735510681,-3.0,8.514285714285716,8.514285714285716,148.4,153.7,152.8,152.8,152.8,143.9,144.6,167.1,167.1,167.1,167.1,146.2,146.2,150.3,149.0,140.6,140.9,159.9,159.9,149.3,129.1,129.1,129.1,128.5,128.5,138.9,138.9,135.0,135.0,135.0,149.85714285714286,154.29285714285714,146.22666666666666,N,
HUNA,,0,HUNAS FALLS,2020-08-12,148.5,12,8,2020,51.85810810810813,1.2706672834011385,2.292528721084388,-1.0218614376832496,152.36499999999998,169.9460035040815,134.78399649591847,0.0,7.257142857142857,7.257142857142857,148.4,148.4,153.7,152.8,152.8,152.8,143.9,144.6,167.1,167.1,167.1,167.1,146.2,146.2,150.3,149.0,140.6,140.9,159.9,159.9,149.3,129.1,129.1,129.1,128.5,128.5,138.9,138.9,135.0,135.0,150.4,154.15714285714284,146.67333333333332,N,
HUNA,,0,HUNAS FALLS,2020-08-19,149.0,19,8,2020,51.85810810810813,0.9665270089942055,2.0273283786663514,-1.0608013696721459,151.79000000000002,169.08324784569493,134.4967521543051,0.0,7.035714285714284,7.035714285714284,148.4,148.4,148.4,153.7,152.8,152.8,152.8,143.9,144.6,167.1,167.1,167.1,167.1,146.2,146.2,150.3,149.0,140.6,140.9,159.9,159.9,149.3,129.1,129.1,129.1,128.5,128.5,138.9,138.9,135.0,151.04285714285714,154.3142857142857,147.11999999999998,N,
HUNA,,0,HUNAS FALLS,2020-08-24,147.5,24,8,2020,25.587467362924272,0.7172259164076422,1.7653078862146097,-1.0480819698069674,152.16500000000002,168.77574794729068,135.55425205270936,0.0,5.2071428571428555,5.2071428571428555,148.4,148.4,148.4,148.4,153.7,152.8,152.8,152.8,143.9,144.6,167.1,167.1,167.1,167.1,146.2,146.2,150.3,149.0,140.6,140.9,159.9,159.9,149.3,129.1,129.1,129.1,128.5,128.5,138.9,138.9,150.41428571428568,154.47142857142856,147.56666666666663,N,
HUNA,,0,HUNAS FALLS,2020-08-26,144.0,26,8,2020,25.587467362924272,0.5137310328551052,1.5149925155427089,-1.0012614826876036,152.555,168.36964677542875,136.74035322457127,0.0,5.1499999999999995,5.1499999999999995,148.4,148.4,148.4,148.4,148.4,153.7,152.8,152.8,152.8,143.9,144.6,167.1,167.1,167.1,167.1,146.2,146.2,150.3,149.0,140.6,140.9,159.9,159.9,149.3,129.1,129.1,129.1,128.5,128.5,138.9,149.78571428571428,153.1357142857143,147.8833333333333,N,
HUNA,,0,HUNAS FALLS,2020-08-27,150.0,27,8,2020,25.587467362924272,0.3484432348255666,1.2816826593992805,-0.9332394245737139,152.525,168.37028819222726,136.67971180777275,0.0,4.864285714285714,4.864285714285714,148.4,148.4,148.4,148.4,148.4,148.4,153.7,152.8,152.8,152.8,143.9,144.6,167.1,167.1,167.1,167.1,146.2,146.2,150.3,149.0,140.6,140.9,159.9,159.9,149.3,129.1,129.1,129.1,128.5,128.5,149.15714285714284,151.79999999999998,148.2,N,
HUNA,,0,HUNAS FALLS,2020-08-28,149.9,28,8,2020,25.587467362924272,0.21497338469046667,1.0683408044575178,-0.8533674197670511,152.43,168.3540433902554,136.5059566097446,1.0,4.471428571428571,4.471428571428571,148.4,148.4,148.4,148.4,148.4,148.4,148.4,153.7,152.8,152.8,152.8,143.9,144.6,167.1,167.1,167.1,167.1,146.2,146.2,150.3,149.0,140.6,140.9,159.9,159.9,149.3,129.1,129.1,129.1,128.5,148.4,150.46428571428572,148.86333333333334,N,
HUNA,,0,HUNAS FALLS,2020-09-03,147.5,3,9,2020,62.02531645569627,0.10795315014368612,0.8762632735947514,-0.7683101234510653,152.54000000000002,168.31251440089108,136.76748559910897,0.0,2.8142857142857145,2.8142857142857145,148.4,148.4,148.4,148.4,148.4,148.4,148.4,148.4,153.7,152.8,152.8,152.8,143.9,144.6,167.1,167.1,167.1,167.1,146.2,146.2,150.3,149.0,140.6,140.9,159.9,159.9,149.3,129.1,129.1,129.1,148.4,149.12857142857143,149.5266666666667,N,
HUNA,,0,HUNAS FALLS,2020-09-04,147.6,4,9,2020,64.90066225165566,0.022875152705125856,0.7055856494168263,-0.6827104967117005,152.65,168.26625334134448,137.03374665865553,0.0,2.7642857142857156,2.7642857142857156,148.4,148.4,148.4,148.4,148.4,148.4,148.4,148.4,148.4,153.7,152.8,152.8,152.8,143.9,144.6,167.1,167.1,167.1,167.1,146.2,146.2,150.3,149.0,140.6,140.9,159.9,159.9,149.3,129.1,129.1,148.4,149.4,150.17000000000004,N,
HUNA,,0,HUNAS FALLS,2020-09-11,147.0,11,9,2020,11.842105263157649,-0.15572299517643273,0.5333239204981746,-0.6890469156746073,151.645,165.87091778558084,137.41908221441918,1.0,2.1285714285714294,2.1285714285714294,148.4,148.4,148.4,148.4,148.4,148.4,148.4,148.4,148.4,148.4,153.7,152.8,152.8,152.8,143.9,144.6,167.1,167.1,167.1,167.1,146.2,146.2,150.3,149.0,140.6,140.9,159.9,159.9,149.3,129.1,148.4,149.7214285714286,150.81333333333336,N,
HUNA,,0,HUNAS FALLS,2020-09-16,145.0,16,9,2020,9.374999999999801,-0.4534198575317703,0.33597516489218565,-0.7893950224239559,150.54000000000002,163.0398357883951,138.04016421160495,-2.0,2.0714285714285716,2.0714285714285716,147.0,148.4,148.4,148.4,148.4,148.4,148.4,148.4,148.4,148.4,148.4,153.7,152.8,152.8,152.8,143.9,144.6,167.1,167.1,167.1,167.1,146.2,146.2,150.3,149.0,140.6,140.9,159.9,159.9,149.3,148.2,149.3071428571429,151.40999999999997,N,
HUNA,,0,HUNAS FALLS,2020-09-18,145.1,18,9,2020,9.374999999999801,-0.6814909621402592,0.13248193948569673,-0.8139729016259559,149.435,159.42663334205702,139.443366657943,0.0,1.8785714285714274,1.8785714285714274,145.0,147.0,148.4,148.4,148.4,148.4,148.4,148.4,148.4,148.4,148.4,148.4,153.7,152.8,152.8,152.8,143.9,144.6,167.1,167.1,167.1,167.1,146.2,146.2,150.3,149.0,140.6,140.9,159.9,159.9,147.71428571428572,148.75000000000003,151.26666666666662,N,
HUNA,,0,HUNAS FALLS,2020-09-21,150.0,21,9,2020,0.0,-0.8524128707407783,-0.0644970225595983,-0.78791584818118,148.32999999999998,154.0864974731077,142.57350252689227,0.0,1.8071428571428558,1.8071428571428558,145.0,145.0,147.0,148.4,148.4,148.4,148.4,148.4,148.4,148.4,148.4,148.4,148.4,153.7,152.8,152.8,152.8,143.9,144.6,167.1,167.1,167.1,167.1,146.2,146.2,150.3,149.0,140.6,140.9,159.9,147.22857142857143,148.19285714285715,150.76999999999998,N,
HUNA,,0,HUNAS FALLS,2020-09-23,144.5,23,9,2020,0.0,-0.9766119402056859,-0.24692000608881584,-0.7296919341168701,148.35,154.05447654317027,142.64552345682972,2.0,1.4357142857142853,1.4357142857142853,145.0,145.0,145.0,147.0,148.4,148.4,148.4,148.4,148.4,148.4,148.4,148.4,148.4,148.4,153.7,152.8,152.8,152.8,143.9,144.6,167.1,167.1,167.1,167.1,146.2,146.2,150.3,149.0,140.6,140.9,146.74285714285716,147.5714285714286,150.27333333333334,N,
HUNA,,0,HUNAS FALLS,2020-09-24,144.3,24,9,2020,88.02816901408448,0.9315125716404111,-0.011233490542970459,0.9427460621833816,149.655,160.6039677475478,138.7060322524522,17.0,3.6214285714285706,3.6214285714285706,145.0,145.0,145.0,145.0,147.0,148.4,148.4,148.4,148.4,148.4,148.4,148.4,148.4,148.4,148.4,153.7,152.8,152.8,152.8,143.9,144.6,167.1,167.1,167.1,167.1,146.2,146.2,150.3,149.0,140.6,146.25714285714284,147.32857142857145,150.41,N,
HUNA,,0,HUNAS FALLS,2020-09-25,170.0,25,9,2020,94.03508771929823,4.697347872127921,0.9304827819912078,3.766865090136713,151.945,176.4410555363941,127.44894446360588,-10.0,5.685714285714285,5.685714285714285,170.0,145.0,145.0,145.0,145.0,147.0,148.4,148.4,148.4,148.4,148.4,148.4,148.4,148.4,148.4,148.4,153.7,152.8,152.8,152.8,143.9,144.6,167.1,167.1,167.1,167.1,146.2,146.2,150.3,149.0,149.34285714285716,148.8714285714286,151.39,N,
HUNA,,0,HUNAS FALLS,2020-09-28,195.0,28,9,2020,94.03508771929823,7.5942576047363275,2.2632377465402316,5.331019858196096,154.23499999999999,186.42308377089418,122.04691622910579,-7.0,6.257142857142857,6.257142857142857,198.6,170.0,145.0,145.0,145.0,145.0,147.0,148.4,148.4,148.4,148.4,148.4,148.4,148.4,148.4,148.4,148.4,153.7,152.8,152.8,152.8,143.9,144.6,167.1,167.1,167.1,167.1,146.2,146.2,150.3,156.5142857142857,152.45714285714288,153.04333333333335,N,
HUNA,,0,HUNAS FALLS,2020-09-29,190.0,29,9,2020,94.03508771929823,9.777371980942519,3.7660645934206896,6.011307387521829,156.525,194.312933189536,118.73706681046399,1.0,6.885714285714284,6.885714285714284,198.6,198.6,170.0,145.0,145.0,145.0,145.0,147.0,148.4,148.4,148.4,148.4,148.4,148.4,148.4,148.4,148.4,148.4,153.7,152.8,152.8,152.8,143.9,144.6,167.1,167.1,167.1,167.1,146.2,146.2,163.8857142857143,156.04285714285717,154.6533333333333,N,
HUNA,,0,HUNAS FALLS,2020-09-30,189.0,30,9,2020,94.03508771929823,11.37636618474005,5.288124911684562,6.088241273055488,158.77,200.93304692874773,116.60695307125228,-1.0,7.2571428571428545,7.2571428571428545,198.6,198.6,198.6,170.0,145.0,145.0,145.0,145.0,147.0,148.4,148.4,148.4,148.4,148.4,148.4,148.4,148.4,148.4,148.4,153.7,152.8,152.8,152.8,143.9,144.6,167.1,167.1,167.1,167.1,146.2,171.54285714285714,159.62857142857143,156.40000000000003,N,
HUNA,,0,HUNAS FALLS,2020-10-02,189.0,2,10,2020,94.03508771929823,12.499494222647058,6.730398773877062,5.769095448769996,161.28,206.6952119194021,115.86478808059789,-1.0,7.8285714285714265,7.8285714285714265,198.6,198.6,198.6,198.6,170.0,145.0,145.0,145.0,145.0,147.0,148.4,148.4,148.4,148.4,148.4,148.4,148.4,148.4,148.4,148.4,153.7,152.8,152.8,152.8,143.9,144.6,167.1,167.1,167.1,167.1,179.20000000000002,163.21428571428575,158.1466666666667,N,
HUNA,,0,HUNAS FALLS,2020-10-05,176.0,5,10,2020,64.8910411622276,11.194828221318943,7.623284663365439,3.571543557953504,162.51000000000002,207.78873440671325,117.23126559328679,4.0,9.749999999999998,9.749999999999998,198.6,198.6,198.6,198.6,198.6,170.0,145.0,145.0,145.0,145.0,147.0,148.4,148.4,148.4,148.4,148.4,148.4,148.4,148.4,148.4,148.4,153.7,152.8,152.8,152.8,143.9,144.6,167.1,167.1,167.1,186.85714285714286,166.8,159.19666666666672,N,
HUNA,,0,HUNAS FALLS,2020-10-06,173.0,6,10,2020,64.8910411622276,10.04507761376766,8.107643253445884,1.9374343603217756,163.74,208.74050993863108,118.73949006136895,-5.0,9.685714285714283,9.685714285714283,173.0,198.6,198.6,198.6,198.6,198.6,170.0,145.0,145.0,145.0,145.0,147.0,148.4,148.4,148.4,148.4,148.4,148.4,148.4,148.4,148.4,148.4,153.7,152.8,152.8,152.8,143.9,144.6,167.1,167.1,190.85714285714286,168.55714285714288,159.39333333333337,N,
HUNA,,0,HUNAS FALLS,2020-10-07,163.0,7,10,2020,64.8910411622276,9.029802036754319,8.29207501010757,0.7377270266467484,164.97,209.54788453340595,120.39211546659405,0.0,10.335714285714284,10.335714285714284,173.0,173.0,198.6,198.6,198.6,198.6,198.6,170.0,145.0,145.0,145.0,145.0,147.0,148.4,148.4,148.4,148.4,148.4,148.4,148.4,148.4,148.4,148.4,153.7,152.8,152.8,152.8,143.9,144.6,167.1,191.28571428571428,170.31428571428572,159.59000000000003,N,
HUNA,,0,HUNAS FALLS,2020-10-08,160.0,8,10,2020,54.471544715447166,6.759374709615599,7.985534950009177,-1.2261602403935772,165.34,209.4592832885432,121.22071671145682,14.0,11.521428571428569,11.521428571428569,173.0,173.0,173.0,198.6,198.6,198.6,198.6,198.6,170.0,145.0,145.0,145.0,145.0,147.0,148.4,148.4,148.4,148.4,148.4,148.4,148.4,148.4,148.4,148.4,153.7,152.8,152.8,152.8,143.9,144.6,187.6285714285714,172.07142857142858,159.7866666666667,N,
HUNA,,0,HUNAS FALLS,2020-10-09,155.0,9,10,2020,55.20082389289393,4.847679513599644,7.35796386272727,-2.510284349127626,165.675,209.35223121164825,121.99776878835178,-4.0,12.085714285714284,12.085714285714284,155.8,173.0,173.0,173.0,198.6,198.6,198.6,198.6,198.6,170.0,145.0,145.0,145.0,145.0,147.0,148.4,148.4,148.4,148.4,148.4,148.4,148.4,148.4,148.4,148.4,153.7,152.8,152.8,152.8,143.9,181.5142857142857,172.7,160.16,N,
HUNA,,0,HUNAS FALLS,2020-10-13,155.5,13,10,2020,55.20082389289393,3.294668411152969,6.54530477241241,-3.250636361259441,166.01000000000002,209.22972746449534,122.7902725355047,-2.0,14.19285714285714,14.19285714285714,155.1,155.8,173.0,173.0,173.0,198.6,198.6,198.6,198.6,198.6,170.0,145.0,145.0,145.0,145.0,147.0,148.4,148.4,148.4,148.4,148.4,148.4,148.4,148.4,148.4,148.4,153.7,152.8,152.8,152.8,175.29999999999998,173.42142857142855,160.53333333333333,N,
HUNA,,0,HUNAS FALLS,2020-10-14,183.5,14,10,2020,55.20082389289393,2.04037574215738,5.644318966361404,-3.6039432242040244,166.345,209.09127592274146,123.59872407725854,-6.0,15.885714285714284,15.885714285714284,155.1,155.1,155.8,173.0,173.0,173.0,198.6,198.6,198.6,198.6,198.6,170.0,145.0,145.0,145.0,145.0,147.0,148.4,148.4,148.4,148.4,148.4,148.4,148.4,148.4,148.4,148.4,153.7,152.8,152.8,169.08571428571426,174.14285714285714,160.61,N,
HUNA,,0,HUNAS FALLS,2020-10-15,156.3,15,10,2020,55.74771108850458,1.1301421611248372,4.741483605314091,-3.6113414441892537,166.74,208.93046537336417,124.54953462663585,-1.0,15.935714285714285,15.935714285714285,155.1,155.1,155.1,155.8,173.0,173.0,173.0,198.6,198.6,198.6,198.6,198.6,170.0,145.0,145.0,145.0,145.0,147.0,148.4,148.4,148.4,148.4,148.4,148.4,148.4,148.4,148.4,148.4,153.7,152.8,162.87142857142857,174.86428571428567,160.68666666666664,N,
HUNA,,0,HUNAS FALLS,2020-10-19,160.0,19,10,2020,40.65484311050478,0.40411708013212433,3.874010300277698,-3.4698932201455737,167.135,208.74644958832954,125.52355041167043,-1.0,14.007142857142856,14.007142857142856,156.3,155.1,155.1,155.1,155.8,173.0,173.0,173.0,198.6,198.6,198.6,198.6,198.6,170.0,145.0,145.0,145.0,145.0,147.0,148.4,148.4,148.4,148.4,148.4,148.4,148.4,148.4,148.4,148.4,153.7,160.4857142857143,175.67142857142855,160.80333333333328,N,
HUNA,,0,HUNAS FALLS,2020-10-21,153.5,21,10,2020,2.6845637583893023,-0.16931131187223514,3.0653459778477115,-3.2346572897199466,167.6,208.46522134761366,126.73477865238632,1.0,12.135714285714286,12.135714285714286,156.3,156.3,155.1,155.1,155.1,155.8,173.0,173.0,173.0,198.6,198.6,198.6,198.6,198.6,170.0,145.0,145.0,145.0,145.0,147.0,148.4,148.4,148.4,148.4,148.4,148.4,148.4,148.4,148.4,148.4,158.1,174.6928571428571,160.88999999999993,N,
HUNA,,0,HUNAS FALLS,2020-10-23,156.3,23,10,2020,2.6845637583893023,-0.6166490969255278,2.3289469628930637,-2.9455960598185915,168.16500000000002,208.01441523707507,128.31558476292497,-1.0,11.521428571428572,11.521428571428572,156.3,156.3,156.3,155.1,155.1,155.1,155.8,173.0,173.0,173.0,198.6,198.6,198.6,198.6,198.6,170.0,145.0,145.0,145.0,145.0,147.0,148.4,148.4,148.4,148.4,148.4,148.4,148.4,148.4,148.4,155.71428571428572,171.67142857142855,161.15333333333328,N,
HUNA,,0,HUNAS FALLS,2020-10-26,153.5,26,10,2020,2.162162162162204,-1.8216385399510102,1.4988298623242489,-3.3204684022752593,168.19,207.97880561956546,128.40119438043453,7.0,11.635714285714288,11.635714285714288,156.3,156.3,156.3,156.3,155.1,155.1,155.1,155.8,173.0,173.0,173.0,198.6,198.6,198.6,198.6,198.6,170.0,145.0,145.0,145.0,145.0,147.0,148.4,148.4,148.4,148.4,148.4,148.4,148.4,148.4,155.78571428571428,168.65,161.4166666666666,N,
HUNA,,0,HUNAS FALLS,2020-10-27,164.0,27,10,2020,2.162162162162204,-2.744959174344757,0.6500720549904476,-3.3950312293352045,168.215,207.94303729569845,128.48696270430156,-7.0,12.271428571428574,12.271428571428574,145.5,156.3,156.3,156.3,156.3,155.1,155.1,155.1,155.8,173.0,173.0,173.0,198.6,198.6,198.6,198.6,198.6,170.0,145.0,145.0,145.0,145.0,147.0,148.4,148.4,148.4,148.4,148.4,148.4,148.4,154.41428571428574,164.85714285714286,161.3199999999999,N,
HUNA,,0,HUNAS FALLS,2020-11-04,174.0,4,11,2020,2.162162162162204,-3.4370769457433425,-0.1673577451563104,-3.269719200587032,168.24,207.90710953607982,128.5728904639202,1.0,13.621428571428575,13.621428571428575,145.5,145.5,156.3,156.3,156.3,156.3,155.1,155.1,155.1,155.8,173.0,173.0,173.0,198.6,198.6,198.6,198.6,198.6,170.0,145.0,145.0,145.0,145.0,147.0,148.4,148.4,148.4,148.4,148.4,148.4,153.04285714285714,161.06428571428572,161.2233333333333,N,
HUNA,,0,HUNAS FALLS,2020-11-05,173.0,5,11,2020,50.51724137931034,-1.6985700493092963,-0.47360020598690766,-1.2249698433223886,168.42000000000002,208.15335334981228,128.68664665018775,6.0,13.600000000000003,13.600000000000003,145.5,145.5,145.5,156.3,156.3,156.3,156.3,155.1,155.1,155.1,155.8,173.0,173.0,173.0,198.6,198.6,198.6,198.6,198.6,170.0,145.0,145.0,145.0,145.0,147.0,148.4,148.4,148.4,148.4,148.4,151.67142857142855,157.27142857142854,161.1266666666666,N,
HUNA,,0,HUNAS FALLS,2020-11-06,173.0,6,11,2020,50.51724137931034,-0.31713507290871235,-0.4423071793712686,0.12517210646255628,167.17000000000002,204.39976172223945,129.94023827776059,-5.0,15.35714285714286,15.35714285714286,173.6,145.5,145.5,145.5,156.3,156.3,156.3,156.3,155.1,155.1,155.1,155.8,173.0,173.0,173.0,198.6,198.6,198.6,198.6,198.6,170.0,145.0,145.0,145.0,145.0,147.0,148.4,148.4,148.4,148.4,154.14285714285714,157.3142857142857,161.9666666666666,N,
HUNA,,0,HUNAS FALLS,2020-11-10,172.9,10,11,2020,50.17123287671233,0.7368910205436805,-0.2064675393882788,0.9433585599319593,165.9,200.23586432503714,131.56413567496287,4.0,14.721428571428573,14.721428571428573,173.6,173.6,145.5,145.5,145.5,156.3,156.3,156.3,156.3,155.1,155.1,155.1,155.8,173.0,173.0,173.0,198.6,198.6,198.6,198.6,198.6,170.0,145.0,145.0,145.0,145.0,147.0,148.4,148.4,148.4,156.6142857142857,157.35714285714286,162.80666666666664,N,
HUNA,,0,HUNAS FALLS,2020-11-11,160.3,11,11,2020,54.15896487985213,0.5252374923876744,-0.06012653303308817,0.5853640254207625,163.98499999999999,194.72583688892624,133.24416311107373,-5.0,14.357142857142858,14.357142857142858,173.2,173.6,173.6,145.5,145.5,145.5,156.3,156.3,156.3,156.3,155.1,155.1,155.1,155.8,173.0,173.0,173.0,198.6,198.6,198.6,198.6,198.6,170.0,145.0,145.0,145.0,145.0,147.0,148.4,148.4,159.02857142857144,157.37142857142857,163.6333333333333,N,
HUNA,,0,HUNAS FALLS,2020-11-17,160.3,17,11,2020,54.868913857677924,0.3534264661413715,0.022584066801803776,0.3308423993395677,162.07,188.14996609619996,135.99003390380003,0.0,13.65,13.65,160.3,173.2,173.6,173.6,145.5,145.5,145.5,156.3,156.3,156.3,156.3,155.1,155.1,155.1,155.8,173.0,173.0,173.0,198.6,198.6,198.6,198.6,198.6,170.0,145.0,145.0,145.0,145.0,147.0,148.4,159.6,157.69285714285712,164.03,N,
HUNA,,0,HUNAS FALLS,2020-11-18,171.0,18,11,2020,54.868913857677924,0.21478903570746866,0.06102506058293676,0.15376397512453188,160.155,179.76235361514827,140.54764638485173,1.0,12.299999999999999,12.299999999999999,160.3,160.3,173.2,173.6,173.6,145.5,145.5,145.5,156.3,156.3,156.3,156.3,155.1,155.1,155.1,155.8,173.0,173.0,173.0,198.6,198.6,198.6,198.6,198.6,170.0,145.0,145.0,145.0,145.0,147.0,161.71428571428572,158.0642857142857,164.42666666666668,N,
HUNA,,0,HUNAS FALLS,2020-11-20,160.3,20,11,2020,54.868913857677924,0.10372222798051212,0.06956449406245183,0.03415773391806029,159.52,178.17527722712927,140.86472277287075,-1.0,10.249999999999998,10.249999999999998,160.3,160.3,160.3,173.2,173.6,173.6,145.5,145.5,145.5,156.3,156.3,156.3,156.3,155.1,155.1,155.1,155.8,173.0,173.0,173.0,198.6,198.6,198.6,198.6,198.6,170.0,145.0,145.0,145.0,145.0,163.82857142857145,158.43571428571428,164.87,N,
HUNA,,0,HUNAS FALLS,2020-11-23,170.0,23,11,2020,48.86956521739129,-0.40726996870563426,-0.02580239849116539,-0.38146757021446887,158.62,176.24541227587974,140.99458772412027,13.0,11.235714285714282,11.235714285714282,160.3,160.3,160.3,160.3,173.2,173.6,173.6,145.5,145.5,145.5,156.3,156.3,156.3,156.3,155.1,155.1,155.1,155.8,173.0,173.0,173.0,198.6,198.6,198.6,198.6,198.6,170.0,145.0,145.0,145.0,165.94285714285715,158.80714285714288,165.38000000000002,N,
HUNA,,0,HUNAS FALLS,2020-11-24,155.1,24,11,2020,48.86956521739129,-0.8029787271496787,-0.18123766422286805,-0.6217410629268106,157.72,174.04390562141418,141.39609437858581,-13.0,10.978571428571426,10.978571428571426,155.0,160.3,160.3,160.3,160.3,173.2,173.6,173.6,145.5,145.5,145.5,156.3,156.3,156.3,156.3,155.1,155.1,155.1,155.8,173.0,173.0,173.0,198.6,198.6,198.6,198.6,198.6,170.0,145.0,145.0,163.28571428571428,158.71428571428575,165.7133333333334,N,
HUNA,,0,HUNAS FALLS,2020-11-26,156.0,26,11,2020,48.86956521739129,-1.1038562019745086,-0.3657613717731962,-0.7380948302013124,157.68,174.0276185292826,141.33238147071742,3.0,10.849999999999996,10.849999999999996,155.0,155.0,160.3,160.3,160.3,160.3,173.2,173.6,173.6,145.5,145.5,145.5,156.3,156.3,156.3,156.3,155.1,155.1,155.1,155.8,173.0,173.0,173.0,198.6,198.6,198.6,198.6,198.6,170.0,145.0,160.62857142857143,158.6214285714286,166.04666666666668,N,
HUNA,,0,HUNAS FALLS,2020-11-27,154.0,27,11,2020,48.86956521739129,-1.327006859435869,-0.5580104693057308,-0.7689963901301382,157.675,174.02600190073656,141.32399809926346,-1.0,10.978571428571426,10.978571428571426,155.0,155.0,155.0,160.3,160.3,160.3,160.3,173.2,173.6,173.6,145.5,145.5,145.5,156.3,156.3,156.3,156.3,155.1,155.1,155.1,155.8,173.0,173.0,173.0,198.6,198.6,198.6,198.6,198.6,170.0,158.0285714285714,158.52857142857144,166.38000000000005,N,
HUNA,,0,HUNAS FALLS,2020-12-01,160.0,1,12,2020,60.17130620985011,-1.48671741033084,-0.7437518575107527,-0.7429655528200874,157.67000000000002,174.0243781358547,141.31562186414533,-1.0,11.235714285714282,11.235714285714282,155.0,155.0,155.0,155.0,160.3,160.3,160.3,160.3,173.2,173.6,173.6,145.5,145.5,145.5,156.3,156.3,156.3,156.3,155.1,155.1,155.1,155.8,173.0,173.0,173.0,198.6,198.6,198.6,198.6,198.6,157.27142857142854,158.43571428571428,165.88000000000008,N,
HUNA,,0,HUNAS FALLS,2020-12-02,169.0,2,12,2020,60.17130620985011,-1.5949041107718074,-0.9139823081629637,-0.6809218026088437,157.66500000000002,174.02274723905583,141.3072527609442,-2.0,10.914285714285711,10.914285714285711,155.0,155.0,155.0,155.0,155.0,160.3,160.3,160.3,160.3,173.2,173.6,173.6,145.5,145.5,145.5,156.3,156.3,156.3,156.3,155.1,155.1,155.1,155.8,173.0,173.0,173.0,198.6,198.6,198.6,198.6,156.5142857142857,159.1142857142857,164.42666666666673,N,
HUNA,,0,HUNAS FALLS,2020-12-04,168.8,4,12,2020,60.17130620985011,-1.661490225239561,-1.0634838915782832,-0.5980063336612778,157.6,173.99088321694637,141.20911678305362,0.0,9.864285714285712,9.864285714285712,155.0,155.0,155.0,155.0,155.0,155.0,160.3,160.3,160.3,160.3,173.2,173.6,173.6,145.5,145.5,145.5,156.3,156.3,156.3,156.3,155.1,155.1,155.1,155.8,173.0,173.0,173.0,198.6,198.6,198.6,155.75714285714284,159.79285714285714,162.9733333333334,N,
HUNA,,0,HUNAS FALLS,2020-12-07,168.9,7,12,2020,0.0,-1.6947244718996046,-1.1897320076425475,-0.5049924642570571,157.53500000000003,173.95786916403293,141.11213083596712,0.0,8.842857142857142,8.842857142857142,155.0,155.0,155.0,155.0,155.0,155.0,155.0,160.3,160.3,160.3,160.3,173.2,173.6,173.6,145.5,145.5,145.5,156.3,156.3,156.3,156.3,155.1,155.1,155.1,155.8,173.0,173.0,173.0,198.6,198.6,155.0,160.47142857142856,161.52000000000004,N,
HUNA,,0,HUNAS FALLS,2020-12-10,165.1,10,12,2020,0.0,-1.7014495999449082,-1.2920755261030197,-0.4093740738418885,157.47,173.923711787282,141.016288212718,5.0,7.807142857142856,7.807142857142856,155.0,155.0,155.0,155.0,155.0,155.0,155.0,155.0,160.3,160.3,160.3,160.3,173.2,173.6,173.6,145.5,145.5,145.5,156.3,156.3,156.3,156.3,155.1,155.1,155.1,155.8,173.0,173.0,173.0,198.6,155.0,159.1428571428571,160.0666666666667,N,
HUNA,,0,HUNAS FALLS,2020-12-11,165.0,11,12,2020,0.0,-1.6873288358784748,-1.3711261880581107,-0.3162026478203641,157.405,173.88841750461884,140.92158249538116,-2.0,8.442857142857141,8.442857142857141,155.0,155.0,155.0,155.0,155.0,155.0,155.0,155.0,155.0,160.3,160.3,160.3,160.3,173.2,173.6,173.6,145.5,145.5,145.5,156.3,156.3,156.3,156.3,155.1,155.1,155.1,155.8,173.0,173.0,173.0,155.0,157.8142857142857,158.61333333333334,N,
HUNA,,0,HUNAS FALLS,2020-12-16,168.9,16,12,2020,0.0,-1.6570367405457773,-1.4283082985556441,-0.2287284419901332,157.88,173.44062507200704,142.31937492799295,10.0,8.757142857142858,8.757142857142858,155.0,155.0,155.0,155.0,155.0,155.0,155.0,155.0,155.0,155.0,160.3,160.3,160.3,160.3,173.2,173.6,173.6,145.5,145.5,145.5,156.3,156.3,156.3,156.3,155.1,155.1,155.1,155.8,173.0,173.0,155.0,156.5142857142857,158.01333333333335,N,
HUNA,,0,HUNAS FALLS,2020-12-17,168.9,17,12,2020,0.0,-1.614420007843023,-1.46553064041312,-0.148889367429903,158.355,172.86923620558704,143.84076379441294,-13.0,9.750000000000002,9.750000000000002,155.0,155.0,155.0,155.0,155.0,155.0,155.0,155.0,155.0,155.0,155.0,160.3,160.3,160.3,160.3,173.2,173.6,173.6,145.5,145.5,145.5,156.3,156.3,156.3,156.3,155.1,155.1,155.1,155.8,173.0,155.0,156.1357142857143,157.41333333333336,N,
HUNA,,0,HUNAS FALLS,2020-12-18,164.3,18,12,2020,0.0,-1.5626328809922256,-1.4849510885289412,-0.07768179246328444,158.82999999999998,172.14514373304223,145.51485626695774,0.0,9.650000000000004,9.650000000000004,155.0,155.0,155.0,155.0,155.0,155.0,155.0,155.0,155.0,155.0,155.0,155.0,160.3,160.3,160.3,160.3,173.2,173.6,173.6,145.5,145.5,145.5,156.3,156.3,156.3,156.3,155.1,155.1,155.1,155.8,155.0,155.75714285714284,156.8133333333334,N,
HUNA,,0,HUNAS FALLS,2020-12-22,165.0,22,12,2020,0.0,-1.5042511390892628,-1.4888110986410057,-0.015440040448257086,157.9,169.33733498586724,146.46266501413277,1.0,10.721428571428575,10.721428571428575,155.0,155.0,155.0,155.0,155.0,155.0,155.0,155.0,155.0,155.0,155.0,155.0,155.0,160.3,160.3,160.3,160.3,173.2,173.6,173.6,145.5,145.5,145.5,156.3,156.3,156.3,156.3,155.1,155.1,155.1,155.0,155.37857142857143,156.78666666666672,N,
HUNA,,0,HUNAS FALLS,2020-12-30,164.7,30,12,2020,100.0,-1.0983480519676903,-1.4107184893063427,0.31237043733865244,157.185,165.97022084316345,148.39977915683656,38.0,10.342857142857145,10.342857142857145,155.0,155.0,155.0,155.0,155.0,155.0,155.0,155.0,155.0,155.0,155.0,155.0,155.0,155.0,160.3,160.3,160.3,160.3,173.2,173.6,173.6,145.5,145.5,145.5,156.3,156.3,156.3,156.3,155.1,155.1,155.0,155.0,156.7833333333334,N,
HUNA,N,0,HUNAS FALLS,2021-03-05,150.25,5,3,2021,45.070422535211264,-1.3634176516515026,-1.8487088813821677,0.4852912297306651,150.125,155.67264056058718,144.57735943941282,-3.0,2.892857142857143,2.892857142857143,150.25,150.25,150.25,152.0,150.0,144.0,144.0,144.0,150.0,150.0,152.0,152.0,152.0,152.0,152.0,152.0,151.5,152.0,152.0,152.0,152.0,152.0,152.0,152.0,152.0,155.0,155.0,156.1,156.1,160.0,148.67857142857142,149.48214285714286,151.54833333333335,,
HUNA,N,0,HUNAS FALLS,2021-03-08,149.25,8,3,2021,42.666666666666664,-1.3063488095074263,-1.7402368670072195,0.4338880574997932,149.9875,155.4754653021765,144.49953469782352,-1.0,2.6785714285714284,2.6785714285714284,150.25,150.25,150.25,150.25,152.0,150.0,144.0,144.0,144.0,150.0,150.0,152.0,152.0,152.0,152.0,152.0,152.0,151.5,152.0,152.0,152.0,152.0,152.0,152.0,152.0,152.0,155.0,155.0,156.1,156.1,149.57142857142858,149.35714285714286,151.22333333333336,,
HUNA,N,0,HUNAS FALLS,2021-03-09,149.5,9,3,2021,43.421052631578945,-1.2268065678332505,-1.6375508071724258,0.41074423933917537,149.8625,155.2707660904639,144.45423390953613,-1.0,2.6964285714285716,2.6964285714285716,149.25,150.25,150.25,150.25,150.25,152.0,150.0,144.0,144.0,144.0,150.0,150.0,152.0,152.0,152.0,152.0,152.0,152.0,151.5,152.0,152.0,152.0,152.0,152.0,152.0,152.0,152.0,155.0,155.0,156.1,150.32142857142858,149.16071428571428,150.995,,
HUNA,N,0,HUNAS FALLS,2021-03-10,152.0,10,3,2021,50.0,-0.9510762466602216,-1.5002558950699851,0.5491796484097635,149.8875,155.3321376323284,144.44286236767158,1.0,3.0535714285714284,3.0535714285714284,149.5,149.25,150.25,150.25,150.25,150.25,152.0,150.0,144.0,144.0,144.0,150.0,150.0,152.0,152.0,152.0,152.0,152.0,152.0,151.5,152.0,152.0,152.0,152.0,152.0,152.0,152.0,152.0,155.0,155.0,150.25,148.98214285714286,150.775,,
HUNA,N,0,HUNAS FALLS,2021-03-12,152.0,12,3,2021,55.12820512820513,-0.7242097415057458,-1.3450466643571373,0.6208369228513915,149.8875,155.3321376323284,144.44286236767158,1.0,3.267857142857143,3.267857142857143,152.0,149.5,149.25,150.25,150.25,150.25,150.25,152.0,150.0,144.0,144.0,144.0,150.0,150.0,152.0,152.0,152.0,152.0,152.0,152.0,151.5,152.0,152.0,152.0,152.0,152.0,152.0,152.0,152.0,155.0,150.25,148.98214285714286,150.675,,
HUNA,N,0,HUNAS FALLS,2021-03-15,152.0,15,3,2021,55.12820512820513,-0.5382122261681275,-1.1836797767193354,0.645467550551208,149.8875,155.3321376323284,144.44286236767158,-1.0,3.6964285714285716,3.6964285714285716,152.0,152.0,149.5,149.25,150.25,150.25,150.25,150.25,152.0,150.0,144.0,144.0,144.0,150.0,150.0,152.0,152.0,152.0,152.0,152.0,152.0,151.5,152.0,152.0,152.0,152.0,152.0,152.0,152.0,152.0,150.5,149.125,150.575,,
HUNA,N,0,HUNAS FALLS,2021-03-16,152.0,16,3,2021,79.62962962962963,-0.3863542044515498,-1.0242146622657784,0.6378604578142286,149.8875,155.3321376323284,144.44286236767158,0.0,3.2857142857142856,3.2857142857142856,152.0,152.0,152.0,149.5,149.25,150.25,150.25,150.25,150.25,152.0,150.0,144.0,144.0,144.0,150.0,150.0,152.0,152.0,152.0,152.0,152.0,152.0,151.5,152.0,152.0,152.0,152.0,152.0,152.0,152.0,150.75,149.26785714285714,150.575,,
HUNA,N,0,HUNAS FALLS,2021-03-17,152.0,17,3,2021,79.62962962962963,-0.2629742249932576,-0.8719665748112743,0.6089923498180166,149.8875,155.3321376323284,144.44286236767158,-1.0,3.2142857142857144,3.2142857142857144,152.0,152.0,152.0,152.0,149.5,149.25,150.25,150.25,150.25,150.25,152.0,150.0,144.0,144.0,144.0,150.0,150.0,152.0,152.0,152.0,152.0,152.0,152.0,151.5,152.0,152.0,152.0,152.0,152.0,152.0,151.0,149.83928571428572,150.575,,
HUNA,N,0,HUNAS FALLS,2021-03-18,152.25,18,3,2021,80.0,-0.1433691217140165,-0.7262470841918227,0.5828779624778062,149.9,155.36616386219984,144.43383613780017,1.0,2.892857142857143,2.892857142857143,152.0,152.0,152.0,152.0,152.0,149.5,149.25,150.25,150.25,150.25,150.25,152.0,150.0,144.0,144.0,144.0,150.0,150.0,152.0,152.0,152.0,152.0,152.0,152.0,151.5,152.0,152.0,152.0,152.0,152.0,151.25,150.41071428571428,150.575,,
HUNA,N,0,HUNAS FALLS,2021-03-22,152.25,22,3,2021,64.51612903225806,-0.048027583569734134,-0.590603184067405,0.5425756004976708,149.9125,155.39998576307931,144.42501423692067,-1.0,2.482142857142857,2.482142857142857,152.25,152.0,152.0,152.0,152.0,152.0,149.5,149.25,150.25,150.25,150.25,150.25,152.0,150.0,144.0,144.0,144.0,150.0,150.0,152.0,152.0,152.0,152.0,152.0,152.0,151.5,152.0,152.0,152.0,152.0,151.67857142857142,151.0,150.58333333333334,,
HUNA,N,0,HUNAS FALLS,2021-03-23,152.0,23,3,2021,50.0,0.00727450567231358,-0.4710276461194613,0.4783021517917749,150.0125,155.5790235300432,144.44597646995678,2.0,2.1607142857142856,2.1607142857142856,152.25,152.25,152.0,152.0,152.0,152.0,152.0,149.5,149.25,150.25,150.25,150.25,150.25,152.0,150.0,144.0,144.0,144.0,150.0,150.0,152.0,152.0,152.0,152.0,152.0,152.0,151.5,152.0,152.0,152.0,152.07142857142858,151.16071428571428,150.59166666666667,,
HUNA,N,0,HUNAS FALLS,2021-03-24,152.0,24,3,2021,70.58823529411765,0.05051945301951832,-0.3667182262916654,0.4172376793111837,150.1125,155.74949014499188,144.47550985500814,-2.0,2.017857142857143,2.017857142857143,152.0,152.25,152.25,152.0,152.0,152.0,152.0,152.0,149.5,149.25,150.25,150.25,150.25,150.25,152.0,150.0,144.0,144.0,144.0,150.0,150.0,152.0,152.0,152.0,152.0,152.0,152.0,151.5,152.0,152.0,152.07142857142858,151.16071428571428,150.59166666666667,,
HUNA,N,0,HUNAS FALLS,2021-03-29,152.25,29,3,2021,72.22222222222223,0.10376812170443372,-0.27262095669244557,0.3763890783968793,150.525,155.4398004189279,145.61019958107212,8.0,2.5714285714285716,2.5714285714285716,152.0,152.0,152.25,152.25,152.0,152.0,152.0,152.0,152.0,149.5,149.25,150.25,150.25,150.25,150.25,152.0,150.0,144.0,144.0,144.0,150.0,150.0,152.0,152.0,152.0,152.0,152.0,152.0,151.5,152.0,152.07142857142858,151.28571428571428,150.59166666666667,,
HUNA,N,0,HUNAS FALLS,2021-03-30,152.0,30,3,2021,68.42105263157895,0.12436160148087083,-0.1932244450577823,0.31758604653865313,150.925,154.79492451986766,147.05507548013236,-6.0,2.5,2.5,152.25,152.0,152.0,152.25,152.25,152.0,152.0,152.0,152.0,152.0,149.5,149.25,150.25,150.25,150.25,150.25,152.0,150.0,144.0,144.0,144.0,150.0,150.0,152.0,152.0,152.0,152.0,152.0,152.0,151.5,152.10714285714286,151.42857142857142,150.6,,
HUNA,N,0,HUNAS FALLS,2021-03-31,152.0,31,3,2021,68.42105263157895,0.1390788679555044,-0.12676378245512498,0.2658426504106294,151.325,153.43450231097273,149.21549768902725,0.0,2.5892857142857144,2.5892857142857144,152.0,152.25,152.0,152.0,152.25,152.25,152.0,152.0,152.0,152.0,152.0,149.5,149.25,150.25,150.25,150.25,150.25,152.0,150.0,144.0,144.0,144.0,150.0,150.0,152.0,152.0,152.0,152.0,152.0,152.0,152.10714285714286,151.55357142857142,150.61666666666667,,
HUNA,,0,HUNAS FALLS,2021-06-30,164.0,30,6,2021,85.07462686567163,1.1383153888387767,-0.0845169093391897,1.2228322981779665,162.0125,174.51668351045592,149.50831648954406,-2.0,8.303571428571429,8.303571428571429,172.0,172.0,157.75,157.75,157.75,157.75,157.75,159.0,159.0,159.0,159.0,159.0,160.25,160.25,160.25,160.25,160.25,160.25,179.0,179.0,179.0,179.0,179.0,179.0,179.0,179.0,179.25,179.0,152.0,152.0,161.82142857142858,160.58928571428572,166.11666666666667,,N
HUNA,N,0,HUNAS FALLS,2021-11-22,259.75,22,11,2021,36.25254582484725,8.268309897687061,14.408820205349986,-6.140510307662925,266.6625,291.42892198410453,241.8960780158955,15.0,20.5,20.5,250.0,250.0,275.5,275.5,275.5,275.5,275.5,275.5,259.75,280.5,251.75,251.75,251.75,276.0,276.0,278.25,270.25,274.75,267.25,267.25,268.75,267.0,258.0,231.25,269.25,224.75,188.0,188.0,184.25,170.0,268.2142857142857,266.0357142857143,253.58333333333334,,
HUNA,N,0,HUNAS FALLS,2021-11-23,258.25,23,11,2021,46.13466334164588,6.314414685253098,12.78993910133061,-6.475524416077512,265.5,292.25325853247153,238.74674146752847,4.0,19.75,19.75,242.25,250.0,250.0,275.5,275.5,275.5,275.5,275.5,275.5,259.75,280.5,251.75,251.75,251.75,276.0,276.0,278.25,270.25,274.75,267.25,267.25,268.75,267.0,258.0,231.25,269.25,224.75,188.0,188.0,184.25,263.4642857142857,263.625,255.99166666666667,,
HUNA,N,0,HUNAS FALLS,2021-11-24,242.25,24,11,2021,45.23227383863081,4.5520818016053965,11.142367641385569,-6.590285839780172,263.8625,292.1944026986596,235.53059730134046,-16.0,19.517857142857142,19.517857142857142,244.0,242.25,250.0,250.0,275.5,275.5,275.5,275.5,275.5,275.5,259.75,280.5,251.75,251.75,251.75,276.0,276.0,278.25,270.25,274.75,267.25,267.25,268.75,267.0,258.0,231.25,269.25,224.75,188.0,188.0,258.9642857142857,263.07142857142856,257.98333333333335,,
HUNA,N,0,HUNAS FALLS,2021-11-25,244.25,25,11,2021,46.411483253588514,3.2989482682449136,9.573683766757437,-6.274735498512523,262.5625,292.0238372869739,233.1011627130261,-2.0,19.196428571428573,19.196428571428573,242.0,244.0,242.25,250.0,250.0,275.5,275.5,275.5,275.5,275.5,275.5,259.75,280.5,251.75,251.75,251.75,276.0,276.0,278.25,270.25,274.75,267.25,267.25,268.75,267.0,258.0,231.25,269.25,224.75,188.0,254.17857142857142,262.375,259.78333333333336,,
HUNA,N,0,HUNAS FALLS,2021-11-26,255.0,26,11,2021,49.32126696832579,5.05163341141548,8.669273695689046,-3.617640284273566,262.6,292.14719685698225,233.0528031430178,26.0,19.107142857142858,19.107142857142858,244.25,242.0,244.0,242.25,250.0,250.0,275.5,275.5,275.5,275.5,275.5,275.5,259.75,280.5,251.75,251.75,251.75,276.0,276.0,278.25,270.25,274.75,267.25,267.25,268.75,267.0,258.0,231.25,269.25,224.75,249.71428571428572,261.8392857142857,261.65833333333336,,
HUNA,N,0,HUNAS FALLS,2021-11-29,278.75,29,11,2021,60.724233983286915,6.367251305222453,8.208869217595728,-1.841617912373275,262.75,292.61240375279147,232.88759624720853,-29.0,17.0,17.0,279.0,244.25,242.0,244.0,242.25,250.0,250.0,275.5,275.5,275.5,275.5,275.5,275.5,259.75,280.5,251.75,251.75,251.75,276.0,276.0,278.25,270.25,274.75,267.25,267.25,268.75,267.0,258.0,231.25,269.25,250.21428571428572,261.73214285714283,263.46666666666664,,
HUNA,N,0,HUNAS FALLS,2021-11-30,279.0,30,11,2021,52.01342281879195,7.285558757006015,8.024207125477787,-0.7386483684717717,262.875,292.99078533453485,232.75921466546512,15.0,15.839285714285714,15.839285714285714,279.0,279.0,244.25,242.0,244.0,242.25,250.0,250.0,275.5,275.5,275.5,275.5,275.5,275.5,259.75,280.5,251.75,251.75,251.75,276.0,276.0,278.25,270.25,274.75,267.25,267.25,268.75,267.0,258.0,231.25,254.35714285714286,263.10714285714283,263.7916666666667,,
HUNA,N,0,HUNAS FALLS,2021-12-01,284.5,1,12,2021,55.03144654088051,8.32086449550303,8.083538599482836,0.23732589602019516,264.4625,295.44393544294326,233.48106455705673,1.0,16.25,16.25,278.5,279.0,279.0,244.25,242.0,244.0,242.25,250.0,250.0,275.5,275.5,275.5,275.5,275.5,275.5,259.75,280.5,251.75,251.75,251.75,276.0,276.0,278.25,270.25,274.75,267.25,267.25,268.75,267.0,258.0,258.42857142857144,263.32142857142856,265.3666666666667,,
HUNA,N,0,HUNAS FALLS,2021-12-02,261.25,2,12,2021,42.997542997543,7.262248028564727,7.919280485299214,-0.6570324567344867,264.9375,295.38498498817694,234.49001501182306,-14.0,17.25,17.25,283.5,278.5,279.0,279.0,244.25,242.0,244.0,242.25,250.0,250.0,275.5,275.5,275.5,275.5,275.5,275.5,259.75,280.5,251.75,251.75,251.75,276.0,276.0,278.25,270.25,274.75,267.25,267.25,268.75,267.0,264.32142857142856,263.89285714285717,266.21666666666664,,
HUNA,N,0,HUNAS FALLS,2021-12-06,283.5,6,12,2021,53.2258064516129,8.125015776364478,7.9604275435122664,0.16458823285221147,266.525,297.3854243242649,235.66457567573505,3.0,18.410714285714285,18.410714285714285,261.25,283.5,278.5,279.0,279.0,244.25,242.0,244.0,242.25,250.0,250.0,275.5,275.5,275.5,275.5,275.5,275.5,259.75,280.5,251.75,251.75,251.75,276.0,276.0,278.25,270.25,274.75,267.25,267.25,268.75,266.7857142857143,262.875,266.025,,
HUNA,N,0,HUNAS FALLS,2021-12-07,261.25,7,12,2021,53.2258064516129,8.708380641149347,8.110018163039683,0.5983624781096637,266.675,297.84900232650006,235.50099767349997,-2.0,18.267857142857142,18.267857142857142,283.5,261.25,283.5,278.5,279.0,279.0,244.25,242.0,244.0,242.25,250.0,250.0,275.5,275.5,275.5,275.5,275.5,275.5,259.75,280.5,251.75,251.75,251.75,276.0,276.0,278.25,270.25,274.75,267.25,267.25,272.7142857142857,263.44642857142856,266.51666666666665,,
HUNA,N,0,HUNAS FALLS,2021-12-08,280.0,8,12,2021,52.79999999999999,8.986420000839473,8.285298530599642,0.7011214702398316,267.8125,299.57720856983127,236.0477914301687,5.0,17.892857142857142,17.892857142857142,283.5,283.5,261.25,283.5,278.5,279.0,279.0,244.25,242.0,244.0,242.25,250.0,250.0,275.5,275.5,275.5,275.5,275.5,275.5,259.75,280.5,251.75,251.75,251.75,276.0,276.0,278.25,270.25,274.75,267.25,278.32142857142856,264.01785714285717,267.05833333333334,,
HUNA,N,0,HUNAS FALLS,2021-12-09,280.0,9,12,2021,78.76386687797148,13.748571407994518,9.377953106078618,4.370618301915901,271.075,316.59107581827254,225.55892418172743,35.0,20.607142857142858,20.607142857142858,282.5,283.5,283.5,261.25,283.5,278.5,279.0,279.0,244.25,242.0,244.0,242.25,250.0,250.0,275.5,275.5,275.5,275.5,275.5,275.5,259.75,280.5,251.75,251.75,251.75,276.0,276.0,278.25,270.25,274.75,278.82142857142856,264.51785714285717,267.56666666666666,,
HUNA,N,0,HUNAS FALLS,2021-12-10,400.0,10,12,2021,85.87987355110643,23.664803178181558,12.235323120499206,11.429480057682351,278.3125,359.1327806426574,197.49221935734263,-25.0,24.946428571428573,24.946428571428573,340.75,282.5,283.5,283.5,261.25,283.5,278.5,279.0,279.0,244.25,242.0,244.0,242.25,250.0,250.0,275.5,275.5,275.5,275.5,275.5,275.5,259.75,280.5,251.75,251.75,251.75,276.0,276.0,278.25,270.25,287.64285714285717,271.0,269.76666666666665,,
HUNA,N,0,HUNAS FALLS,2021-12-13,430.25,13,12,2021,92.29618548990277,39.52037162287877,17.692332820975118,21.828038801903652,290.7875,427.4860999812804,154.0889000187196,3.0,31.107142857142858,31.107142857142858,420.25,340.75,282.5,283.5,283.5,261.25,283.5,278.5,279.0,279.0,244.25,242.0,244.0,242.25,250.0,250.0,275.5,275.5,275.5,275.5,275.5,275.5,259.75,280.5,251.75,251.75,251.75,276.0,276.0,278.25,307.89285714285717,283.1607142857143,274.76666666666665,,
HUNA,N,0,HUNAS FALLS,2021-12-14,599.0,14,12,2021,94.38386041439476,61.543732978434946,26.462612852467085,35.08112012596786,309.5625,520.4404813691222,98.6845186308779,14.0,38.964285714285715,38.964285714285715,525.0,420.25,340.75,282.5,283.5,283.5,261.25,283.5,278.5,279.0,279.0,244.25,242.0,244.0,242.25,250.0,250.0,275.5,275.5,275.5,275.5,275.5,275.5,259.75,280.5,251.75,251.75,251.75,276.0,276.0,342.39285714285717,303.35714285714283,282.9916666666667,,
HUNA,N,0,HUNAS FALLS,2021-12-15,700.0,15,12,2021,96.11769513690233,90.48176557348967,39.266443396671605,51.21532217681806,336.1,641.3811215222697,30.81887847773038,6.0,49.30357142857143,49.30357142857143,651.0,525.0,420.25,340.75,282.5,283.5,283.5,261.25,283.5,278.5,279.0,279.0,244.25,242.0,244.0,242.25,250.0,250.0,275.5,275.5,275.5,275.5,275.5,275.5,259.75,280.5,251.75,251.75,251.75,276.0,398.07142857142856,332.42857142857144,295.4916666666667,,
HUNA,N,0,HUNAS FALLS,2021-12-16,700.0,16,12,2021,96.1033634126333,112.12288210154122,53.837731137645534,58.28515096389569,362.6375,731.4100184917347,-6.135018491734797,-25.0,59.660714285714285,59.660714285714285,806.25,651.0,525.0,420.25,340.75,282.5,283.5,283.5,261.25,283.5,278.5,279.0,279.0,244.25,242.0,244.0,242.25,250.0,250.0,275.5,275.5,275.5,275.5,275.5,275.5,259.75,280.5,251.75,251.75,251.75,472.75,372.73214285714283,313.1666666666667,,
HUNA,N,0,HUNAS FALLS,2021-12-17,806.25,17,12,2021,95.86776859504133,127.80041918646435,68.6302687474093,59.17015043905505,390.45,804.5696623402977,-23.66966234029769,65.0,57.410714285714285,57.410714285714285,806.25,806.25,651.0,525.0,420.25,340.75,282.5,283.5,283.5,261.25,283.5,278.5,279.0,279.0,244.25,242.0,244.0,242.25,250.0,250.0,275.5,275.5,275.5,275.5,275.5,275.5,259.75,280.5,251.75,251.75,547.4285714285714,412.875,331.65,,
HUNA,N,0,HUNAS FALLS,2021-12-20,806.25,20,12,2021,95.86776859504133,138.62697480358116,82.62960995864368,55.99736484493748,418.2625,866.015823623387,-29.490823623386973,-13.0,57.69642857142857,57.69642857142857,806.25,806.25,806.25,651.0,525.0,420.25,340.75,282.5,283.5,283.5,261.25,283.5,278.5,279.0,279.0,244.25,242.0,244.0,242.25,250.0,250.0,275.5,275.5,275.5,275.5,275.5,275.5,259.75,280.5,251.75,622.25,450.5357142857143,350.1333333333333,,
HUNA,N,0,HUNAS FALLS,2021-12-21,806.25,21,12,2021,95.95124074880279,145.52952436338973,95.20959283959289,50.31993152379684,446.4625,917.9536472908948,-25.02864729089481,-31.0,57.714285714285715,57.714285714285715,806.25,806.25,806.25,806.25,651.0,525.0,420.25,340.75,282.5,283.5,283.5,261.25,283.5,278.5,279.0,279.0,244.25,242.0,244.0,242.25,250.0,250.0,275.5,275.5,275.5,275.5,275.5,275.5,259.75,280.5,688.75,488.19642857142856,368.6166666666667,,
HUNA,N,0,HUNAS FALLS,2021-12-22,806.25,22,12,2021,95.91567852437417,149.2790486696398,106.02348400560227,43.25556466403752,474.575,962.0158493129679,-12.865849312967896,-17.0,57.05357142857143,57.05357142857143,806.25,806.25,806.25,806.25,806.25,651.0,525.0,420.25,340.75,282.5,283.5,283.5,261.25,283.5,278.5,279.0,279.0,244.25,242.0,244.0,242.25,250.0,250.0,275.5,275.5,275.5,275.5,275.5,275.5,259.75,743.8928571428571,525.8928571428571,386.14166666666665,,
HUNA,N,0,HUNAS FALLS,2021-12-23,806.25,23,12,2021,99.847850893876,159.3103962181874,116.6808664481193,42.6295297700681,508.3,1020.6839688933949,-4.0839688933949105,43.0,62.875,62.875,806.25,806.25,806.25,806.25,806.25,806.25,651.0,525.0,420.25,340.75,282.5,283.5,283.5,261.25,283.5,278.5,279.0,279.0,244.25,242.0,244.0,242.25,250.0,250.0,275.5,275.5,275.5,275.5,275.5,275.5,784.0714285714286,563.2321428571429,404.35833333333335,,
HUNA,N,0,HUNAS FALLS,2021-12-24,963.0,24,12,2021,99.8443579766537,165.95250160558874,126.53519347961318,39.41730812597555,542.2875,1070.8472928382969,13.727707161703165,-35.0,68.85714285714286,68.85714285714286,916.5,806.25,806.25,806.25,806.25,806.25,806.25,651.0,525.0,420.25,340.75,282.5,283.5,283.5,261.25,283.5,278.5,279.0,279.0,244.25,242.0,244.0,242.25,250.0,250.0,275.5,275.5,275.5,275.5,275.5,822.0,610.0357142857143,425.725,,
HUNA,N,0,HUNAS FALLS,2021-12-27,963.0,27,12,2021,99.84888553078957,170.80084626403038,135.38832403649664,35.41252222753374,575.5,1117.702647103752,33.297352896247844,8.0,75.375,75.375,924.0,916.5,806.25,806.25,806.25,806.25,806.25,806.25,651.0,525.0,420.25,340.75,282.5,283.5,283.5,261.25,283.5,278.5,279.0,279.0,244.25,242.0,244.0,242.25,250.0,250.0,275.5,275.5,275.5,275.5,838.8214285714286,655.7857142857143,447.34166666666664,,
HUNA,N,0,HUNAS FALLS,2021-12-28,975.0,28,12,2021,95.83031182015954,170.35951120994298,142.3825614711859,27.97694973875707,607.275,1150.7992429106353,63.75075708936481,-19.0,80.03571428571429,80.03571428571429,943.25,924.0,916.5,806.25,806.25,806.25,806.25,806.25,806.25,651.0,525.0,420.25,340.75,282.5,283.5,283.5,261.25,283.5,278.5,279.0,279.0,244.25,242.0,244.0,242.25,250.0,250.0,275.5,275.5,275.5,858.3928571428571,702.9107142857143,469.6,,
HUNA,N,0,HUNAS FALLS,2021-12-29,901.0,29,12,2021,95.69610778443113,171.00394088312305,148.10683735357333,22.897103529549724,640.9125,1182.029188335092,99.79581166490811,58.0,88.03571428571429,88.03571428571429,914.5,943.25,924.0,916.5,806.25,806.25,806.25,806.25,806.25,806.25,651.0,525.0,420.25,340.75,282.5,283.5,283.5,261.25,283.5,278.5,279.0,279.0,244.25,242.0,244.0,242.25,250.0,250.0,275.5,275.5,873.8571428571429,748.0535714285714,490.9,,
HUNA,N,0,HUNAS FALLS,2021-12-30,998.75,30,12,2021,95.11469838572643,169.56007306714582,152.39748449628783,17.16258857085799,674.3,1204.8619067009104,143.73809329908966,-24.0,86.92857142857143,86.92857142857143,951.25,914.5,943.25,924.0,916.5,806.25,806.25,806.25,806.25,806.25,806.25,651.0,525.0,420.25,340.75,282.5,283.5,283.5,261.25,283.5,278.5,279.0,279.0,244.25,242.0,244.0,242.25,250.0,250.0,275.5,894.5714285714286,791.6607142857143,513.425,,
HUNA,N,0,HUNAS FALLS,2021-12-31,998.75,31,12,2021,94.05684754521964,166.49652907380607,155.2172934117915,11.279235662014571,708.8,1215.4695590868503,202.13044091314964,-28.0,81.80357142857143,81.80357142857143,951.25,951.25,914.5,943.25,924.0,916.5,806.25,806.25,806.25,806.25,806.25,806.25,651.0,525.0,420.25,340.75,282.5,283.5,283.5,261.25,283.5,278.5,279.0,279.0,244.25,242.0,244.0,242.25,250.0,250.0,915.2857142857143,829.5892857142857,535.95,,
