COMPANY ID,MAIN TYPE,SUB TYPE,SHORT NAME,TRADING DATE,OPEN PRICE (Rs.),Unnamed: 12,Unnamed: 13,Unnamed: 14,Unnamed: 15,Date,Month,Year,RSI_14,MACD_Line,MACD_Signal,MACD_Hist,BB_Mid,BB_Upper,BB_Lower,Volume_Change,ATR,ATR_14,CLOSE PRICE (Lag 1),CLOSE PRICE (Lag 2),CLOSE PRICE (Lag 3),CLOSE PRICE (Lag 4),CLOSE PRICE (Lag 5),CLOSE PRICE (Lag 6),CLOSE PRICE (Lag 7),CLOSE PRICE (Lag 8),CLOSE PRICE (Lag 9),CLOSE PRICE (Lag 10),CLOSE PRICE (Lag 11),CLOSE PRICE (Lag 12),CLOSE PRICE (Lag 13),CLOSE PRICE (Lag 14),CLOSE PRICE (Lag 15),CLOSE PRICE (Lag 16),CLOSE PRICE (Lag 17),CLOSE PRICE (Lag 18),CLOSE PRICE (Lag 19),CLOSE PRICE (Lag 20),CLOSE PRICE (Lag 21),CLOSE PRICE (Lag 22),CLOSE PRICE (Lag 23),CLOSE PRICE (Lag 24),CLOSE PRICE (Lag 25),CLOSE PRICE (Lag 26),CLOSE PRICE (Lag 27),CLOSE PRICE (Lag 28),CLOSE PRICE (Lag 29),CLOSE PRICE (Lag 30),MA_7,MA_14,MA_30
KPHL,N,0,KAPRUKA,2023-02-15,8.9,,,,,15,2,2023,64.28571428571425,0.09329102652600696,0.09561210567786753,-0.0023210791518605695,8.8,9.075298880644672,8.52470111935533,-2.0,0.21428571428571427,0.21428571428571427,8.9,8.8,8.8,8.8,8.8,8.7,8.9,8.8,8.9,8.6,8.8,8.8,8.7,8.5,8.8,8.8,9.2,8.8,8.7,8.4,8.3,8.4,8.4,8.6,8.4,8.3,8.5,8.5,8.6,8.3,8.814285714285715,8.77142857142857,8.66
KPHL,N,0,KAPRUKA,2023-02-16,8.8,,,,,16,2,2023,46.66666666666669,0.06982475387847842,0.09045463531798972,-0.020629881439511305,8.795,9.081356421265523,8.508643578734477,-6.0,0.22142857142857153,0.22142857142857153,8.9,8.9,8.8,8.8,8.8,8.8,8.7,8.9,8.8,8.9,8.6,8.8,8.8,8.7,8.5,8.8,8.8,9.2,8.8,8.7,8.4,8.3,8.4,8.4,8.6,8.4,8.3,8.5,8.5,8.6,8.814285714285715,8.8,8.680000000000001
KPHL,N,0,KAPRUKA,2023-02-17,9.0,,,,,17,2,2023,42.85714285714284,0.05064377383977714,0.08249246302234721,-0.03184868918257007,8.785,9.084297422923116,8.485702577076884,10.0,0.22142857142857153,0.22142857142857153,8.6,8.9,8.9,8.8,8.8,8.8,8.8,8.7,8.9,8.8,8.9,8.6,8.8,8.8,8.7,8.5,8.8,8.8,9.2,8.8,8.7,8.4,8.3,8.4,8.4,8.6,8.4,8.3,8.5,8.5,8.799999999999999,8.792857142857143,8.68
KPHL,N,0,KAPRUKA,2023-02-20,8.6,,,,,20,2,2023,46.66666666666663,0.04301601142951483,0.07459717270378075,-0.03158116127426591,8.76,8.988496228230987,8.531503771769012,-6.0,0.22857142857142865,0.22857142857142865,8.6,8.6,8.9,8.9,8.8,8.8,8.8,8.8,8.7,8.9,8.8,8.9,8.6,8.8,8.8,8.7,8.5,8.8,8.8,9.2,8.8,8.7,8.4,8.3,8.4,8.4,8.6,8.4,8.3,8.5,8.77142857142857,8.778571428571428,8.683333333333334
KPHL,N,0,KAPRUKA,2023-02-21,8.7,,,,,21,2,2023,50.0,0.02857242536529725,0.06539222323608405,-0.036819797870786805,8.75,8.988415824271703,8.511584175728297,-1.0,0.2142857142857144,0.2142857142857144,8.7,8.6,8.6,8.9,8.9,8.8,8.8,8.8,8.8,8.7,8.9,8.8,8.9,8.6,8.8,8.8,8.7,8.5,8.8,8.8,9.2,8.8,8.7,8.4,8.3,8.4,8.4,8.6,8.4,8.3,8.757142857142856,8.77142857142857,8.690000000000001
KPHL,N,0,KAPRUKA,2023-02-22,8.6,,,,,22,2,2023,36.36363636363635,0.016930613772359493,0.055699901343339145,-0.03876928757097965,8.74,8.986234804500432,8.493765195499568,-1.0,0.2071428571428573,0.2071428571428573,8.6,8.7,8.6,8.6,8.9,8.9,8.8,8.8,8.8,8.8,8.7,8.9,8.8,8.9,8.6,8.8,8.8,8.7,8.5,8.8,8.8,9.2,8.8,8.7,8.4,8.3,8.4,8.4,8.6,8.4,8.728571428571428,8.771428571428572,8.7
KPHL,N,0,KAPRUKA,2023-02-23,8.6,,,,,23,2,2023,39.999999999999964,0.007616594846014735,0.04608324004387427,-0.038466645197859535,8.745000000000001,8.974186203313968,8.515813796686034,-3.0,0.20000000000000018,0.20000000000000018,8.6,8.6,8.7,8.6,8.6,8.9,8.9,8.8,8.8,8.8,8.8,8.7,8.9,8.8,8.9,8.6,8.8,8.8,8.7,8.5,8.8,8.8,9.2,8.8,8.7,8.4,8.3,8.4,8.4,8.6,8.7,8.75,8.706666666666669
KPHL,N,0,KAPRUKA,2023-02-24,8.7,,,,,24,2,2023,39.999999999999964,0.008209695745932777,0.038508531184285974,-0.030298835438353197,8.745,8.974186203313966,8.515813796686032,-1.0,0.20000000000000018,0.20000000000000018,8.6,8.6,8.6,8.7,8.6,8.6,8.9,8.9,8.8,8.8,8.8,8.8,8.7,8.9,8.8,8.9,8.6,8.8,8.8,8.7,8.5,8.8,8.8,9.2,8.8,8.7,8.4,8.3,8.4,8.4,8.657142857142857,8.735714285714286,8.706666666666667
KPHL,N,0,KAPRUKA,2023-02-27,8.7,,,,,27,2,2023,44.444444444444464,0.0006036101746893507,0.03092754698236665,-0.0303239368076773,8.735000000000001,8.971420677695718,8.498579322304284,1.0,0.19285714285714292,0.19285714285714292,8.7,8.6,8.6,8.6,8.7,8.6,8.6,8.9,8.9,8.8,8.8,8.8,8.8,8.7,8.9,8.8,8.9,8.6,8.8,8.8,8.7,8.5,8.8,8.8,9.2,8.8,8.7,8.4,8.3,8.4,8.62857142857143,8.721428571428572,8.716666666666667
KPHL,N,0,KAPRUKA,2023-02-28,8.9,,,,,28,2,2023,54.54545454545453,0.018569171505768978,0.028455871887047117,-0.00988670038127814,8.739999999999998,8.98623480450043,8.493765195499567,0.0,0.1857142857142858,0.1857142857142858,8.6,8.7,8.6,8.6,8.6,8.7,8.6,8.6,8.9,8.9,8.8,8.8,8.8,8.8,8.7,8.9,8.8,8.9,8.6,8.8,8.8,8.7,8.5,8.8,8.8,9.2,8.8,8.7,8.4,8.3,8.628571428571428,8.714285714285714,8.723333333333333
KPHL,N,0,KAPRUKA,2023-03-01,8.6,,,,,1,3,2023,46.1538461538461,0.016478723300711096,0.026060442169779912,-0.009581718869068816,8.745000000000001,8.983194966582548,8.506805033417454,7.0,0.2071428571428573,0.2071428571428573,8.9,8.6,8.7,8.6,8.6,8.6,8.7,8.6,8.6,8.9,8.9,8.8,8.8,8.8,8.8,8.7,8.9,8.8,8.9,8.6,8.8,8.8,8.7,8.5,8.8,8.8,9.2,8.8,8.7,8.4,8.671428571428573,8.721428571428572,8.743333333333334
KPHL,N,0,KAPRUKA,2023-03-02,8.9,,,,,2,3,2023,53.33333333333332,0.030607531991325487,0.026969860134089026,0.003637671857236461,8.745000000000001,8.983194966582548,8.506805033417454,-7.0,0.22142857142857167,0.22142857142857167,8.7,8.9,8.6,8.7,8.6,8.6,8.6,8.7,8.6,8.6,8.9,8.9,8.8,8.8,8.8,8.8,8.7,8.9,8.8,8.9,8.6,8.8,8.8,8.7,8.5,8.8,8.8,9.2,8.8,8.7,8.671428571428573,8.714285714285714,8.753333333333334
KPHL,N,0,KAPRUKA,2023-03-03,8.8,,,,,3,3,2023,50.0,0.03335109968920058,0.028246108045111337,0.0051049916440892434,8.745000000000001,8.983194966582548,8.506805033417454,0.0,0.21428571428571455,0.21428571428571455,8.9,8.7,8.9,8.6,8.7,8.6,8.6,8.6,8.7,8.6,8.6,8.9,8.9,8.8,8.8,8.8,8.8,8.7,8.9,8.8,8.9,8.6,8.8,8.8,8.7,8.5,8.8,8.8,9.2,8.8,8.714285714285714,8.721428571428572,8.76
KPHL,N,0,KAPRUKA,2023-03-07,8.8,,,,,7,3,2023,52.94117647058822,0.05107496498309949,0.03281187943270897,0.018263085550390523,8.75,9.005466549463398,8.494533450536602,14.0,0.22142857142857178,0.22142857142857178,8.8,8.9,8.7,8.9,8.6,8.7,8.6,8.6,8.6,8.7,8.6,8.6,8.9,8.9,8.8,8.8,8.8,8.8,8.7,8.9,8.8,8.9,8.6,8.8,8.8,8.7,8.5,8.8,8.8,9.2,8.742857142857144,8.721428571428572,8.76
KPHL,N,0,KAPRUKA,2023-03-08,8.8,,,,,8,3,2023,47.36842105263159,0.04842471739304166,0.03593444702477551,0.012490270368266151,8.754999999999999,9.010260444912326,8.499739555087672,-6.0,0.20714285714285754,0.20714285714285754,9.0,8.8,8.9,8.7,8.9,8.6,8.7,8.6,8.6,8.6,8.7,8.6,8.6,8.9,8.9,8.8,8.8,8.8,8.8,8.7,8.9,8.8,8.9,8.6,8.8,8.8,8.7,8.5,8.8,8.8,8.8,8.728571428571428,8.753333333333334
KPHL,N,0,KAPRUKA,2023-03-09,9.0,,,,,9,3,2023,58.823529411764724,0.05377367193196392,0.03950229200621319,0.014271379925750727,8.760000000000002,9.022778674132711,8.497221325867292,-4.0,0.20714285714285754,0.20714285714285754,8.8,9.0,8.8,8.9,8.7,8.9,8.6,8.7,8.6,8.6,8.6,8.7,8.6,8.6,8.9,8.9,8.8,8.8,8.8,8.8,8.7,8.9,8.8,8.9,8.6,8.8,8.8,8.7,8.5,8.8,8.814285714285715,8.72142857142857,8.753333333333332
KPHL,N,0,KAPRUKA,2023-03-10,9.0,,,,,10,3,2023,55.55555555555559,0.04937443492477378,0.04147672058992531,0.007897714334848469,8.76,9.02277867413271,8.49722132586729,12.0,0.20000000000000043,0.20000000000000043,8.9,8.8,9.0,8.8,8.9,8.7,8.9,8.6,8.7,8.6,8.6,8.6,8.7,8.6,8.6,8.9,8.9,8.8,8.8,8.8,8.8,8.7,8.9,8.8,8.9,8.6,8.8,8.8,8.7,8.5,8.857142857142856,8.742857142857142,8.756666666666668
KPHL,N,0,KAPRUKA,2023-03-13,8.7,,,,,13,3,2023,52.941176470588275,0.04536506764079462,0.04225439000009917,0.0031106776406954473,8.760000000000002,9.022778674132711,8.497221325867292,-10.0,0.20714285714285768,0.20714285714285768,8.8,8.9,8.8,9.0,8.8,8.9,8.7,8.9,8.6,8.7,8.6,8.6,8.6,8.7,8.6,8.6,8.9,8.9,8.8,8.8,8.8,8.8,8.7,8.9,8.8,8.9,8.6,8.8,8.8,8.7,8.842857142857142,8.757142857142856,8.76666666666667
KPHL,N,0,KAPRUKA,2023-03-14,8.6,,,,,14,3,2023,47.36842105263159,0.01777522070729809,0.037358556141538955,-0.019583335434240866,8.745000000000001,9.031356421265524,8.458643578734478,-5.0,0.2142857142857148,0.2142857142857148,8.8,8.8,8.9,8.8,9.0,8.8,8.9,8.7,8.9,8.6,8.7,8.6,8.6,8.6,8.7,8.6,8.6,8.9,8.9,8.8,8.8,8.8,8.8,8.7,8.9,8.8,8.9,8.6,8.8,8.8,8.857142857142856,8.764285714285714,8.770000000000001
KPHL,N,0,KAPRUKA,2023-03-15,8.6,,,,,15,3,2023,50.0,0.003933885124560277,0.03067362193814322,-0.026739736813582944,8.73,9.013586058598756,8.446413941401245,6.0,0.22142857142857192,0.22142857142857192,8.5,8.8,8.8,8.9,8.8,9.0,8.8,8.9,8.7,8.9,8.6,8.7,8.6,8.6,8.6,8.7,8.6,8.6,8.9,8.9,8.8,8.8,8.8,8.8,8.7,8.9,8.8,8.9,8.6,8.8,8.799999999999999,8.757142857142856,8.76
KPHL,N,0,KAPRUKA,2023-03-16,8.8,,,,,16,3,2023,54.54545454545457,0.008999119239229358,0.02633872139836045,-0.017339602159131093,8.725,8.99934131641941,8.45065868358059,-3.0,0.23571428571428626,0.23571428571428626,8.6,8.5,8.8,8.8,8.9,8.8,9.0,8.8,8.9,8.7,8.9,8.6,8.7,8.6,8.6,8.6,8.7,8.6,8.6,8.9,8.9,8.8,8.8,8.8,8.8,8.7,8.9,8.8,8.9,8.6,8.771428571428572,8.757142857142858,8.753333333333334
KPHL,N,0,KAPRUKA,2023-03-17,8.7,,,,,17,3,2023,52.380952380952415,0.012865053440302532,0.023643987806748867,-0.010778934366446336,8.735,9.004697686503352,8.465302313496647,6.0,0.24285714285714352,0.24285714285714352,8.8,8.6,8.5,8.8,8.8,8.9,8.8,9.0,8.8,8.9,8.7,8.9,8.6,8.7,8.6,8.6,8.6,8.7,8.6,8.6,8.9,8.9,8.8,8.8,8.8,8.8,8.7,8.9,8.8,8.9,8.742857142857144,8.771428571428572,8.76
KPHL,N,0,KAPRUKA,2023-03-20,8.7,,,,,20,3,2023,59.09090909090909,0.03170172492615464,0.025255535230630025,0.006446189695524615,8.754999999999999,9.041356421265522,8.468643578734476,2.0,0.2571428571428579,0.2571428571428579,8.8,8.8,8.6,8.5,8.8,8.8,8.9,8.8,9.0,8.8,8.9,8.7,8.9,8.6,8.7,8.6,8.6,8.6,8.7,8.6,8.6,8.9,8.9,8.8,8.8,8.8,8.8,8.7,8.9,8.8,8.742857142857142,8.778571428571428,8.756666666666668
KPHL,N,0,KAPRUKA,2023-03-21,8.9,,,,,21,3,2023,50.0,0.03812131968086874,0.02782869212067777,0.010292627560190969,8.765,9.057178748461673,8.472821251538328,-10.0,0.24285714285714352,0.24285714285714352,9.0,8.8,8.8,8.6,8.5,8.8,8.8,8.9,8.8,9.0,8.8,8.9,8.7,8.9,8.6,8.7,8.6,8.6,8.6,8.7,8.6,8.6,8.9,8.9,8.8,8.8,8.8,8.8,8.7,8.9,8.757142857142856,8.807142857142859,8.763333333333334
KPHL,N,0,KAPRUKA,2023-03-22,9.0,,,,,22,3,2023,52.63157894736846,0.03473927774019536,0.029210809244581287,0.005528468495614076,8.775,9.056910773491408,8.493089226508593,3.0,0.23571428571428626,0.23571428571428626,8.9,9.0,8.8,8.8,8.6,8.5,8.8,8.8,8.9,8.8,9.0,8.8,8.9,8.7,8.9,8.6,8.7,8.6,8.6,8.6,8.7,8.6,8.6,8.9,8.9,8.8,8.8,8.8,8.8,8.7,8.771428571428572,8.807142857142859,8.763333333333334
KPHL,N,0,KAPRUKA,2023-03-23,8.9,,,,,23,3,2023,47.05882352941177,0.03169364057595914,0.029707375510856858,0.0019862650651022787,8.785,9.054697686503353,8.515302313496647,4.0,0.24285714285714338,0.24285714285714338,8.8,8.9,9.0,8.8,8.8,8.6,8.5,8.8,8.8,8.9,8.8,9.0,8.8,8.9,8.7,8.9,8.6,8.7,8.6,8.6,8.6,8.7,8.6,8.6,8.9,8.9,8.8,8.8,8.8,8.8,8.77142857142857,8.814285714285715,8.76666666666667
KPHL,N,0,KAPRUKA,2023-03-24,8.9,,,,,24,3,2023,52.94117647058823,0.03692348450054972,0.031150597308795432,0.005772887191754287,8.8,9.059554273809216,8.540445726190786,-9.0,0.24285714285714338,0.24285714285714338,8.8,8.8,8.9,9.0,8.8,8.8,8.6,8.5,8.8,8.8,8.9,8.8,9.0,8.8,8.9,8.7,8.9,8.6,8.7,8.6,8.6,8.6,8.7,8.6,8.6,8.9,8.9,8.8,8.8,8.8,8.814285714285713,8.807142857142857,8.766666666666667
KPHL,N,0,KAPRUKA,2023-03-27,9.0,,,,,27,3,2023,43.750000000000014,0.03262295213946942,0.03144506827493023,0.0011778838645391879,8.805000000000001,9.060260444912329,8.549739555087674,1.0,0.23571428571428615,0.23571428571428615,8.9,8.8,8.8,8.9,9.0,8.8,8.8,8.6,8.5,8.8,8.8,8.9,8.8,9.0,8.8,8.9,8.7,8.9,8.6,8.7,8.6,8.6,8.6,8.7,8.6,8.6,8.9,8.9,8.8,8.8,8.857142857142858,8.814285714285715,8.770000000000001
KPHL,N,0,KAPRUKA,2023-03-28,8.8,,,,,28,3,2023,43.74999999999997,0.012927401689738716,0.02774153495789193,-0.014814133268153215,8.805,9.060260444912327,8.549739555087672,7.0,0.22857142857142904,0.22857142857142904,8.8,8.9,8.8,8.8,8.9,9.0,8.8,8.8,8.6,8.5,8.8,8.8,8.9,8.8,9.0,8.8,8.9,8.7,8.9,8.6,8.7,8.6,8.6,8.6,8.7,8.6,8.6,8.9,8.9,8.8,8.857142857142858,8.8,8.77
KPHL,N,0,KAPRUKA,2023-03-29,8.9,,,,,29,3,2023,31.578947368421026,-0.03455973785565902,0.015281280395181741,-0.049841018250840766,8.77,9.137638266148723,8.402361733851276,7.0,0.27142857142857185,0.27142857142857185,8.6,8.8,8.9,8.8,8.8,8.9,9.0,8.8,8.8,8.6,8.5,8.8,8.8,8.9,8.8,9.0,8.8,8.9,8.7,8.9,8.6,8.7,8.6,8.6,8.6,8.7,8.6,8.6,8.9,8.9,8.828571428571427,8.785714285714285,8.763333333333332
KPHL,N,0,KAPRUKA,2023-03-30,8.6,,,,,30,3,2023,45.45454545454543,-0.03946208664073758,0.004332606987997877,-0.04379469362873546,8.765,9.139306376058293,8.390693623941708,-12.0,0.27857142857142897,0.27857142857142897,8.2,8.6,8.8,8.9,8.8,8.8,8.9,9.0,8.8,8.8,8.6,8.5,8.8,8.8,8.9,8.8,9.0,8.8,8.9,8.7,8.9,8.6,8.7,8.6,8.6,8.6,8.7,8.6,8.6,8.9,8.714285714285714,8.735714285714284,8.739999999999998
KPHL,N,0,KAPRUKA,2023-03-31,8.1,,,,,31,3,2023,39.99999999999999,-0.06678487173855352,-0.009890888757312402,-0.05689398298124112,8.735,9.156900462194576,8.313099537805423,-2.0,0.3000000000000003,0.3000000000000003,8.6,8.2,8.6,8.8,8.9,8.8,8.8,8.9,9.0,8.8,8.8,8.6,8.5,8.8,8.8,8.9,8.8,9.0,8.8,8.9,8.7,8.9,8.6,8.7,8.6,8.6,8.6,8.7,8.6,8.6,8.671428571428573,8.72142857142857,8.729999999999999
KPHL,N,0,KAPRUKA,2023-04-03,8.3,,,,,3,4,2023,45.454545454545475,-0.08743053104039156,-0.025398817213928233,-0.062031713826463324,8.71,9.172942533662313,8.247057466337688,-3.0,0.27857142857142886,0.27857142857142886,8.3,8.6,8.2,8.6,8.8,8.9,8.8,8.8,8.9,9.0,8.8,8.8,8.6,8.5,8.8,8.8,8.9,8.8,9.0,8.8,8.9,8.7,8.9,8.6,8.7,8.6,8.6,8.6,8.7,8.6,8.6,8.685714285714285,8.719999999999999
KPHL,N,0,KAPRUKA,2023-04-04,8.7,,,,,4,4,2023,42.85714285714289,-0.10260954580917847,-0.040840962932978286,-0.061768582876200184,8.675,9.151279440311207,8.198720559688795,9.0,0.28571428571428586,0.28571428571428586,8.3,8.3,8.6,8.2,8.6,8.8,8.9,8.8,8.8,8.9,9.0,8.8,8.8,8.6,8.5,8.8,8.8,8.9,8.8,9.0,8.8,8.9,8.7,8.9,8.6,8.7,8.6,8.6,8.6,8.7,8.52857142857143,8.67142857142857,8.709999999999999
KPHL,N,0,KAPRUKA,2023-04-06,8.7,,,,,6,4,2023,47.826086956521706,-0.0814237648353302,-0.04895752331344867,-0.03246624152188153,8.67,9.142841355391445,8.197158644608555,-9.0,0.29999999999999993,0.29999999999999993,8.3,8.3,8.3,8.6,8.2,8.6,8.8,8.9,8.8,8.8,8.9,9.0,8.8,8.8,8.6,8.5,8.8,8.8,8.9,8.8,9.0,8.8,8.9,8.7,8.9,8.6,8.7,8.6,8.6,8.6,8.442857142857145,8.65,8.696666666666665
KPHL,N,0,KAPRUKA,2023-04-10,8.7,,,,,10,4,2023,43.99999999999998,-0.07985172829074472,-0.05513636430890789,-0.024715363981836824,8.65,9.115663081275676,8.184336918724325,8.0,0.31428571428571406,0.31428571428571406,8.7,8.3,8.3,8.3,8.6,8.2,8.6,8.8,8.9,8.8,8.8,8.9,9.0,8.8,8.8,8.6,8.5,8.8,8.8,8.9,8.8,9.0,8.8,8.9,8.7,8.9,8.6,8.7,8.6,8.6,8.428571428571429,8.642857142857142,8.7
KPHL,N,0,KAPRUKA,2023-04-11,8.4,,,,,11,4,2023,43.99999999999998,-0.06175566856731507,-0.056460225160589336,-0.005295443406725733,8.645,9.106005765462289,8.18399423453771,2.0,0.31428571428571395,0.31428571428571395,8.5,8.7,8.3,8.3,8.3,8.6,8.2,8.6,8.8,8.9,8.8,8.8,8.9,9.0,8.8,8.8,8.6,8.5,8.8,8.8,8.9,8.8,9.0,8.8,8.9,8.7,8.9,8.6,8.7,8.6,8.414285714285713,8.621428571428572,8.696666666666665
KPHL,N,0,KAPRUKA,2023-04-12,8.5,,,,,12,4,2023,43.99999999999998,-0.054851283672121554,-0.05613843686289578,0.001287153190774229,8.635,9.090492792709746,8.179507207290253,1.0,0.3285714285714283,0.3285714285714283,8.7,8.5,8.7,8.3,8.3,8.3,8.6,8.2,8.6,8.8,8.9,8.8,8.8,8.9,9.0,8.8,8.8,8.6,8.5,8.8,8.8,8.9,8.8,9.0,8.8,8.9,8.7,8.9,8.6,8.7,8.485714285714286,8.6,8.7
KPHL,N,0,KAPRUKA,2023-04-17,8.8,,,,,17,4,2023,47.99999999999997,-0.04083957147592088,-0.0530786637855008,0.012239092309579924,8.645,9.096780104871709,8.19321989512829,2.0,0.34999999999999976,0.34999999999999976,8.6,8.7,8.5,8.7,8.3,8.3,8.3,8.6,8.2,8.6,8.8,8.9,8.8,8.8,8.9,9.0,8.8,8.8,8.6,8.5,8.8,8.8,8.9,8.8,9.0,8.8,8.9,8.7,8.9,8.6,8.485714285714284,8.578571428571427,8.696666666666667
KPHL,N,0,KAPRUKA,2023-04-18,8.5,,,,,18,4,2023,42.85714285714284,-0.05332794999484136,-0.05312852102736892,-0.00019942896747244393,8.635000000000002,9.099644742617523,8.17035525738248,4.0,0.3714285714285711,0.3714285714285711,8.7,8.6,8.7,8.5,8.7,8.3,8.3,8.3,8.6,8.2,8.6,8.8,8.9,8.8,8.8,8.9,9.0,8.8,8.8,8.6,8.5,8.8,8.8,8.9,8.8,9.0,8.8,8.9,8.7,8.9,8.542857142857143,8.571428571428571,8.7
KPHL,N,0,KAPRUKA,2023-04-19,8.2,,,,,19,4,2023,37.93103448275859,-0.07845898216784342,-0.05819461325546382,-0.020264368912379593,8.605,9.10119605632833,8.10880394367167,-5.0,0.407142857142857,0.407142857142857,8.4,8.7,8.6,8.7,8.5,8.7,8.3,8.3,8.3,8.6,8.2,8.6,8.8,8.9,8.8,8.8,8.9,9.0,8.8,8.8,8.6,8.5,8.8,8.8,8.9,8.8,9.0,8.8,8.9,8.7,8.557142857142859,8.542857142857141,8.683333333333335
KPHL,N,0,KAPRUKA,2023-04-20,8.4,,,,,20,4,2023,41.37931034482757,-0.0892772098570287,-0.0644111325757768,-0.024866077281251897,8.580000000000002,9.085131561810229,8.074868438189775,-3.0,0.4071428571428571,0.4071428571428571,8.2,8.4,8.7,8.6,8.7,8.5,8.7,8.3,8.3,8.3,8.6,8.2,8.6,8.8,8.9,8.8,8.8,8.9,9.0,8.8,8.8,8.6,8.5,8.8,8.8,8.9,8.8,9.0,8.8,8.9,8.542857142857143,8.492857142857142,8.666666666666668
KPHL,N,0,KAPRUKA,2023-04-21,8.8,,,,,21,4,2023,44.44444444444446,-0.09673562517069989,-0.07087603109476141,-0.025859594075938477,8.545,9.023924233102301,8.066075766897699,3.0,0.4428571428571428,0.4428571428571428,8.3,8.2,8.4,8.7,8.6,8.7,8.5,8.7,8.3,8.3,8.3,8.6,8.2,8.6,8.8,8.9,8.8,8.8,8.9,9.0,8.8,8.8,8.6,8.5,8.8,8.8,8.9,8.8,9.0,8.8,8.485714285714284,8.457142857142856,8.646666666666668
KPHL,N,0,KAPRUKA,2023-04-24,8.7,,,,,24,4,2023,57.69230769230771,-0.07754508873359534,-0.07220984262252819,-0.005335246111067143,8.53,8.980029238816178,8.079970761183821,-6.0,0.4142857142857142,0.4142857142857142,8.3,8.3,8.2,8.4,8.7,8.6,8.7,8.5,8.7,8.3,8.3,8.3,8.6,8.2,8.6,8.8,8.9,8.8,8.8,8.9,9.0,8.8,8.8,8.6,8.5,8.8,8.8,8.9,8.8,9.0,8.457142857142857,8.435714285714285,8.63
KPHL,N,0,KAPRUKA,2023-04-25,8.7,,,,,25,4,2023,45.833333333333336,-0.07758047940271773,-0.07328396997856611,-0.0042965094241516205,8.51,8.944801830238722,8.075198169761277,2.0,0.407142857142857,0.407142857142857,8.6,8.3,8.3,8.2,8.4,8.7,8.6,8.7,8.5,8.7,8.3,8.3,8.3,8.6,8.2,8.6,8.8,8.9,8.8,8.8,8.9,9.0,8.8,8.8,8.6,8.5,8.8,8.8,8.9,8.8,8.442857142857143,8.464285714285714,8.616666666666667
KPHL,N,0,KAPRUKA,2023-04-26,8.5,,,,,26,4,2023,54.54545454545454,-0.06874689113034549,-0.07237655420892199,0.0036296630785764977,8.495000000000001,8.907820848106748,8.082179151893254,-5.0,0.3785714285714284,0.3785714285714284,8.4,8.6,8.3,8.3,8.2,8.4,8.7,8.6,8.7,8.5,8.7,8.3,8.3,8.3,8.6,8.2,8.6,8.8,8.9,8.8,8.8,8.9,9.0,8.8,8.8,8.6,8.5,8.8,8.8,8.9,8.414285714285713,8.45,8.603333333333333
KPHL,N,0,KAPRUKA,2023-04-27,8.5,,,,,27,4,2023,54.54545454545454,-0.061042548282983944,-0.07010975302373437,0.009067204740750429,8.475,8.841347548532516,8.108652451467483,-1.0,0.3928571428571426,0.3928571428571426,8.5,8.4,8.6,8.3,8.3,8.2,8.4,8.7,8.6,8.7,8.5,8.7,8.3,8.3,8.3,8.6,8.2,8.6,8.8,8.9,8.8,8.8,8.9,9.0,8.8,8.8,8.6,8.5,8.8,8.8,8.385714285714284,8.464285714285714,8.59
KPHL,N,0,KAPRUKA,2023-04-28,8.4,,,,,28,4,2023,47.99999999999997,-0.07824236459023304,-0.07173627533703411,-0.006506089253198927,8.445,8.797285769167432,8.092714230832568,10.0,0.39285714285714274,0.39285714285714274,8.5,8.5,8.4,8.6,8.3,8.3,8.2,8.4,8.7,8.6,8.7,8.5,8.7,8.3,8.3,8.3,8.6,8.2,8.6,8.8,8.9,8.8,8.8,8.9,9.0,8.8,8.8,8.6,8.5,8.8,8.4,8.47857142857143,8.580000000000002
KPHL,N,0,KAPRUKA,2023-05-02,8.6,,,,,2,5,2023,38.09523809523808,-0.09082635326867283,-0.07555429092336186,-0.015272062345310977,8.425,8.785555127546392,8.06444487245361,2.0,0.4071428571428571,0.4071428571428571,8.2,8.5,8.5,8.4,8.6,8.3,8.3,8.2,8.4,8.7,8.6,8.7,8.5,8.7,8.3,8.3,8.3,8.6,8.2,8.6,8.8,8.9,8.8,8.8,8.9,9.0,8.8,8.8,8.6,8.5,8.4,8.471428571428572,8.56
KPHL,N,0,KAPRUKA,2023-05-03,8.4,,,,,3,5,2023,39.99999999999998,-0.10762775347806297,-0.08196898343430209,-0.02565877004376088,8.42,8.796129876785294,8.043870123214706,-10.0,0.4000000000000001,0.4000000000000001,8.2,8.2,8.5,8.5,8.4,8.6,8.3,8.3,8.2,8.4,8.7,8.6,8.7,8.5,8.7,8.3,8.3,8.3,8.6,8.2,8.6,8.8,8.9,8.8,8.8,8.9,9.0,8.8,8.8,8.6,8.385714285714286,8.435714285714287,8.550000000000002
KPHL,N,0,KAPRUKA,2023-05-04,8.3,,,,,4,5,2023,33.33333333333333,-0.1195647165654421,-0.0894881300605301,-0.030076586504912003,8.395,8.786891499484762,8.003108500515237,0.0,0.3928571428571431,0.3928571428571431,8.1,8.2,8.2,8.5,8.5,8.4,8.6,8.3,8.3,8.2,8.4,8.7,8.6,8.7,8.5,8.7,8.3,8.3,8.3,8.6,8.2,8.6,8.8,8.9,8.8,8.8,8.9,9.0,8.8,8.8,8.357142857142858,8.407142857142857,8.533333333333333
KPHL,N,0,KAPRUKA,2023-05-08,8.1,,,,,8,5,2023,35.294117647058826,-0.1275544772001087,-0.09710139948844583,-0.030453077711662876,8.385,8.79679964469195,7.973200355308051,-4.0,0.3714285714285716,0.3714285714285716,8.1,8.1,8.2,8.2,8.5,8.5,8.4,8.6,8.3,8.3,8.2,8.4,8.7,8.6,8.7,8.5,8.7,8.3,8.3,8.3,8.6,8.2,8.6,8.8,8.9,8.8,8.8,8.9,9.0,8.8,8.285714285714285,8.364285714285714,8.510000000000002
KPHL,N,0,KAPRUKA,2023-05-09,8.2,,,,,9,5,2023,38.888888888888935,-0.1164062329429374,-0.10096236617934415,-0.015443866763593245,8.385,8.79679964469195,7.973200355308051,8.0,0.3571428571428574,0.3571428571428574,8.1,8.1,8.1,8.2,8.2,8.5,8.5,8.4,8.6,8.3,8.3,8.2,8.4,8.7,8.6,8.7,8.5,8.7,8.3,8.3,8.3,8.6,8.2,8.6,8.8,8.9,8.8,8.8,8.9,9.0,8.242857142857144,8.328571428571427,8.486666666666668
KPHL,N,0,KAPRUKA,2023-05-10,8.3,,,,,10,5,2023,50.0,-0.09836807880477672,-0.10044350870443067,0.002075429899653952,8.39,8.799878030638379,7.980121969361623,-4.0,0.3214285714285717,0.3214285714285717,8.3,8.1,8.1,8.1,8.2,8.2,8.5,8.5,8.4,8.6,8.3,8.3,8.2,8.4,8.7,8.6,8.7,8.5,8.7,8.3,8.3,8.3,8.6,8.2,8.6,8.8,8.9,8.8,8.8,8.9,8.214285714285714,8.3,8.463333333333335
KPHL,N,0,KAPRUKA,2023-05-11,8.3,,,,,11,5,2023,53.33333333333338,-0.09109182608906963,-0.09857317218135847,0.007481346092288843,8.370000000000001,8.754433965310307,7.985566034689695,5.0,0.28571428571428586,0.28571428571428586,8.4,8.3,8.1,8.1,8.1,8.2,8.2,8.5,8.5,8.4,8.6,8.3,8.3,8.2,8.4,8.7,8.6,8.7,8.5,8.7,8.3,8.3,8.3,8.6,8.2,8.6,8.8,8.9,8.8,8.8,8.200000000000001,8.3,8.446666666666667
KPHL,N,0,KAPRUKA,2023-05-12,8.3,,,,,12,5,2023,50.0,-0.08435297480366977,-0.09572913270582073,0.011376157902150963,8.36,8.740581272874996,7.979418727125003,-3.0,0.27142857142857146,0.27142857142857146,8.3,8.4,8.3,8.1,8.1,8.1,8.2,8.2,8.5,8.5,8.4,8.6,8.3,8.3,8.2,8.4,8.7,8.6,8.7,8.5,8.7,8.3,8.3,8.3,8.6,8.2,8.6,8.8,8.9,8.8,8.214285714285714,8.307142857142855,8.43
KPHL,N,0,KAPRUKA,2023-05-15,8.8,,,,,15,5,2023,50.0,-0.07811196055096481,-0.09220569827484955,0.014093737723884739,8.34,8.68580189034824,7.9941981096517605,-4.0,0.2571428571428571,0.2571428571428571,8.3,8.3,8.4,8.3,8.1,8.1,8.1,8.2,8.2,8.5,8.5,8.4,8.6,8.3,8.3,8.2,8.4,8.7,8.6,8.7,8.5,8.7,8.3,8.3,8.3,8.6,8.2,8.6,8.8,8.9,8.22857142857143,8.307142857142859,8.413333333333334
KPHL,N,0,KAPRUKA,2023-05-16,8.8,,,,,16,5,2023,41.666666666666686,-0.06435490424983037,-0.08663553946984572,0.022280635220015346,8.330000000000002,8.655091080354893,8.00490891964511,14.0,0.2571428571428571,0.2571428571428571,8.3,8.3,8.3,8.4,8.3,8.1,8.1,8.1,8.2,8.2,8.5,8.5,8.4,8.6,8.3,8.3,8.2,8.4,8.7,8.6,8.7,8.5,8.7,8.3,8.3,8.3,8.6,8.2,8.6,8.8,8.257142857142858,8.307142857142859,8.393333333333334
KPHL,N,0,KAPRUKA,2023-05-17,8.4,,,,,17,5,2023,45.454545454545475,-0.06082040254096732,-0.08147251208407004,0.020652109543102717,8.309999999999999,8.584533096461293,8.035466903538705,-10.0,0.25,0.25,8.4,8.3,8.3,8.3,8.4,8.3,8.1,8.1,8.1,8.2,8.2,8.5,8.5,8.4,8.6,8.3,8.3,8.2,8.4,8.7,8.6,8.7,8.5,8.7,8.3,8.3,8.3,8.6,8.2,8.6,8.3,8.292857142857144,8.38
KPHL,N,0,KAPRUKA,2023-05-18,8.2,,,,,18,5,2023,30.769230769230774,-0.0812897199765743,-0.08143595366257089,0.00014623368599658848,8.29,8.59366186180649,7.986338138193508,9.0,0.26428571428571435,0.26428571428571435,8.3,8.4,8.3,8.3,8.3,8.4,8.3,8.1,8.1,8.1,8.2,8.2,8.5,8.5,8.4,8.6,8.3,8.3,8.2,8.4,8.7,8.6,8.7,8.5,8.7,8.3,8.3,8.3,8.6,8.2,8.328571428571431,8.285714285714286,8.37
KPHL,N,0,KAPRUKA,2023-05-19,8.3,,,,,19,5,2023,39.99999999999998,-0.08044613996200489,-0.08123799092245769,0.0007918509604527973,8.290000000000001,8.593661861806492,7.98633813819351,3.0,0.29285714285714304,0.29285714285714304,8.0,8.3,8.4,8.3,8.3,8.3,8.4,8.3,8.1,8.1,8.1,8.2,8.2,8.5,8.5,8.4,8.6,8.3,8.3,8.2,8.4,8.7,8.6,8.7,8.5,8.7,8.3,8.3,8.3,8.6,8.285714285714285,8.25,8.363333333333335
KPHL,N,0,KAPRUKA,2023-05-22,8.0,,,,,22,5,2023,50.0,-0.07886845032139256,-0.08076408280224467,0.0018956324808521163,8.285,8.591250671320417,7.9787493286795845,-18.0,0.27857142857142864,0.27857142857142864,8.2,8.0,8.3,8.4,8.3,8.3,8.3,8.4,8.3,8.1,8.1,8.1,8.2,8.2,8.5,8.5,8.4,8.6,8.3,8.3,8.2,8.4,8.7,8.6,8.7,8.5,8.7,8.3,8.3,8.3,8.257142857142856,8.22857142857143,8.35
KPHL,N,0,KAPRUKA,2023-05-23,8.0,,,,,23,5,2023,57.14285714285719,-0.060779166981067334,-0.0767670996380092,0.015987932656941872,8.290000000000001,8.600517395054728,7.979482604945273,3.0,0.2642857142857144,0.2642857142857144,8.2,8.2,8.0,8.3,8.4,8.3,8.3,8.3,8.4,8.3,8.1,8.1,8.1,8.2,8.2,8.5,8.5,8.4,8.6,8.3,8.3,8.2,8.4,8.7,8.6,8.7,8.5,8.7,8.3,8.3,8.242857142857144,8.228571428571428,8.346666666666668
KPHL,N,0,KAPRUKA,2023-05-24,8.5,,,,,24,5,2023,53.33333333333332,-0.06186842741835186,-0.07378736519407775,0.01191893777572589,8.27,8.546062540587789,7.993937459412211,-1.0,0.2642857142857144,0.2642857142857144,8.4,8.2,8.2,8.0,8.3,8.4,8.3,8.3,8.3,8.4,8.3,8.1,8.1,8.1,8.2,8.2,8.5,8.5,8.4,8.6,8.3,8.3,8.2,8.4,8.7,8.6,8.7,8.5,8.7,8.3,8.257142857142856,8.242857142857142,8.35
KPHL,N,0,KAPRUKA,2023-05-25,7.9,,,,,25,5,2023,44.444444444444464,-0.08594840722057207,-0.07621957359937662,-0.009728833621195448,8.245000000000001,8.559391643119142,7.93060835688086,4.0,0.2714285714285714,0.2714285714285714,8.2,8.4,8.2,8.2,8.0,8.3,8.4,8.3,8.3,8.3,8.4,8.3,8.1,8.1,8.1,8.2,8.2,8.5,8.5,8.4,8.6,8.3,8.3,8.2,8.4,8.7,8.6,8.7,8.5,8.7,8.242857142857142,8.249999999999998,8.346666666666666
KPHL,N,0,KAPRUKA,2023-05-26,8.2,,,,,26,5,2023,44.444444444444464,-0.10383501923404204,-0.0817426627263097,-0.022092356507732336,8.215,8.54122239750142,7.88877760249858,-1.0,0.29285714285714276,0.29285714285714276,7.9,8.2,8.4,8.2,8.2,8.0,8.3,8.4,8.3,8.3,8.3,8.4,8.3,8.1,8.1,8.1,8.2,8.2,8.5,8.5,8.4,8.6,8.3,8.3,8.2,8.4,8.7,8.6,8.7,8.5,8.171428571428573,8.235714285714286,8.319999999999999
KPHL,N,0,KAPRUKA,2023-05-29,8.4,,,,,29,5,2023,31.578947368421026,-0.14059706546415107,-0.09351354327387798,-0.04708352219027309,8.17,8.570525969983938,7.769474030016061,12.0,0.32857142857142846,0.32857142857142846,7.9,7.9,8.2,8.4,8.2,8.2,8.0,8.3,8.4,8.3,8.3,8.3,8.4,8.3,8.1,8.1,8.1,8.2,8.2,8.5,8.5,8.4,8.6,8.3,8.3,8.2,8.4,8.7,8.6,8.7,8.114285714285714,8.221428571428572,8.3
KPHL,N,0,KAPRUKA,2023-05-30,7.6,,,,,30,5,2023,27.77777777777777,-0.16779699267618486,-0.10837023315433936,-0.05942675952184551,8.139999999999999,8.614175184149438,7.665824815850559,-17.0,0.32142857142857134,0.32142857142857134,7.6,7.9,7.9,8.2,8.4,8.2,8.2,8.0,8.3,8.4,8.3,8.3,8.3,8.4,8.3,8.1,8.1,8.1,8.2,8.2,8.5,8.5,8.4,8.6,8.3,8.3,8.2,8.4,8.7,8.6,8.057142857142859,8.171428571428573,8.263333333333334
KPHL,N,0,KAPRUKA,2023-05-31,7.8,,,,,31,5,2023,36.84210526315788,-0.17124084456394595,-0.1209443554362607,-0.05029648912768525,8.120000000000001,8.61672612384015,7.623273876159851,9.0,0.3357142857142857,0.3357142857142857,7.6,7.6,7.9,7.9,8.2,8.4,8.2,8.2,8.0,8.3,8.4,8.3,8.3,8.3,8.4,8.3,8.1,8.1,8.1,8.2,8.2,8.5,8.5,8.4,8.6,8.3,8.3,8.2,8.4,8.7,7.971428571428571,8.114285714285714,8.23
KPHL,N,0,KAPRUKA,2023-06-01,7.8,,,,,1,6,2023,42.85714285714284,-0.15603314054935513,-0.1279621124588796,-0.02807102809047554,8.115,8.61457876993365,7.615421230066351,-6.0,0.35,0.35,7.8,7.6,7.6,7.9,7.9,8.2,8.4,8.2,8.2,8.0,8.3,8.4,8.3,8.3,8.3,8.4,8.3,8.1,8.1,8.1,8.2,8.2,8.5,8.5,8.4,8.6,8.3,8.3,8.2,8.4,7.914285714285714,8.078571428571427,8.200000000000001
KPHL,N,0,KAPRUKA,2023-06-02,8.2,,,,,2,6,2023,40.9090909090909,-0.15031732526100772,-0.13243315501930522,-0.017884170241702496,8.105,8.613765275213586,7.596234724786416,8.0,0.3428571428571428,0.3428571428571428,8.0,7.8,7.6,7.6,7.9,7.9,8.2,8.4,8.2,8.2,8.0,8.3,8.4,8.3,8.3,8.3,8.4,8.3,8.1,8.1,8.1,8.2,8.2,8.5,8.5,8.4,8.6,8.3,8.3,8.2,7.857142857142857,8.057142857142859,8.186666666666667
KPHL,N,0,KAPRUKA,2023-06-05,8.0,,,,,5,6,2023,48.00000000000001,-0.11221727253924207,-0.1283899785232926,0.016172705984050517,8.114999999999998,8.631159909942234,7.598840090057764,18.0,0.3642857142857142,0.3642857142857142,7.9,8.0,7.8,7.6,7.6,7.9,7.9,8.2,8.4,8.2,8.2,8.0,8.3,8.4,8.3,8.3,8.3,8.4,8.3,8.1,8.1,8.1,8.2,8.2,8.5,8.5,8.4,8.6,8.3,8.3,7.814285714285714,8.028571428571428,8.176666666666668
KPHL,N,0,KAPRUKA,2023-06-07,8.3,,,,,7,6,2023,51.99999999999999,-0.07311076658869453,-0.11733413613637299,0.04422336954767846,8.120000000000001,8.645557348265427,7.594442651734575,-25.0,0.3857142857142857,0.3857142857142857,8.3,7.9,8.0,7.8,7.6,7.6,7.9,7.9,8.2,8.4,8.2,8.2,8.0,8.3,8.4,8.3,8.3,8.3,8.4,8.3,8.1,8.1,8.1,8.2,8.2,8.5,8.5,8.4,8.6,8.3,7.871428571428572,8.021428571428572,8.176666666666668
KPHL,N,0,KAPRUKA,2023-06-08,8.4,,,,,8,6,2023,50.0,-0.07354742697970451,-0.10857679430503929,0.03502936732533478,8.1,8.6109330989268,7.589066901073199,5.0,0.3999999999999999,0.3999999999999999,8.4,8.3,7.9,8.0,7.8,7.6,7.6,7.9,7.9,8.2,8.4,8.2,8.2,8.0,8.3,8.4,8.3,8.3,8.3,8.4,8.3,8.1,8.1,8.1,8.2,8.2,8.5,8.5,8.4,8.6,7.942857142857143,8.02857142857143,8.18
KPHL,N,0,KAPRUKA,2023-06-09,8.0,,,,,9,6,2023,45.83333333333335,-0.07305139250565418,-0.10147171394516227,0.028420321439508095,8.084999999999999,8.58877522138768,7.5812247786123175,-4.0,0.39285714285714274,0.39285714285714274,8.0,8.4,8.3,7.9,8.0,7.8,7.6,7.6,7.9,7.9,8.2,8.4,8.2,8.2,8.0,8.3,8.4,8.3,8.3,8.3,8.4,8.3,8.1,8.1,8.1,8.2,8.2,8.5,8.5,8.4,8.0,8.02857142857143,8.16
KPHL,N,0,KAPRUKA,2023-06-12,7.9,,,,,12,6,2023,42.30769230769233,-0.08778468296039676,-0.09873430774820918,0.010949624787812418,8.06,8.568454831611886,7.551545168388115,8.0,0.3928571428571428,0.3928571428571428,8.0,8.0,8.4,8.3,7.9,8.0,7.8,7.6,7.6,7.9,7.9,8.2,8.4,8.2,8.2,8.0,8.3,8.4,8.3,8.3,8.3,8.4,8.3,8.1,8.1,8.1,8.2,8.2,8.5,8.5,8.057142857142857,8.014285714285716,8.146666666666667
KPHL,N,0,KAPRUKA,2023-06-13,8.3,,,,,13,6,2023,36.0,-0.10630467197239657,-0.10024838059304667,-0.006056291379349904,8.03,8.549513942875551,7.510486057124448,9.0,0.43571428571428567,0.43571428571428567,7.8,8.0,8.0,8.4,8.3,7.9,8.0,7.8,7.6,7.6,7.9,7.9,8.2,8.4,8.2,8.2,8.0,8.3,8.4,8.3,8.3,8.3,8.4,8.3,8.1,8.1,8.1,8.2,8.2,8.5,8.057142857142857,7.985714285714287,8.123333333333331
KPHL,N,0,KAPRUKA,2023-06-14,8.2,,,,,14,6,2023,48.14814814814815,-0.0876943537114574,-0.09773757521672881,0.010043221505271413,8.014999999999999,8.50607829796972,7.523921702030277,-18.0,0.44999999999999984,0.44999999999999984,7.7,7.8,8.0,8.0,8.4,8.3,7.9,8.0,7.8,7.6,7.6,7.9,7.9,8.2,8.4,8.2,8.2,8.0,8.3,8.4,8.3,8.3,8.3,8.4,8.3,8.1,8.1,8.1,8.2,8.2,8.014285714285714,7.935714285714285,8.096666666666666
KPHL,N,0,KAPRUKA,2023-06-15,8.0,,,,,15,6,2023,48.148148148148145,-0.09604587810859755,-0.09739923579510257,0.001353357686505019,7.99,8.470788825511615,7.509211174488385,0.0,0.4499999999999999,0.4499999999999999,8.1,7.7,7.8,8.0,8.0,8.4,8.3,7.9,8.0,7.8,7.6,7.6,7.9,7.9,8.2,8.4,8.2,8.2,8.0,8.3,8.4,8.3,8.3,8.3,8.4,8.3,8.1,8.1,8.1,8.2,8.042857142857143,7.928571428571429,8.093333333333334
KPHL,N,0,KAPRUKA,2023-06-16,8.1,,,,,16,6,2023,53.33333333333332,-0.0775629313757733,-0.09343197491123671,0.01586904353546341,7.995,8.478300059350728,7.5116999406492715,-3.0,0.45,0.45,7.8,8.1,7.7,7.8,8.0,8.0,8.4,8.3,7.9,8.0,7.8,7.6,7.6,7.9,7.9,8.2,8.4,8.2,8.2,8.0,8.3,8.4,8.3,8.3,8.3,8.4,8.3,8.1,8.1,8.1,7.971428571428571,7.921428571428571,8.080000000000002
KPHL,N,0,KAPRUKA,2023-06-19,7.9,,,,,19,6,2023,57.14285714285715,-0.07017529013067669,-0.08878063795512472,0.018605347824448032,7.984999999999999,8.458619878672422,7.511380121327576,4.0,0.40714285714285703,0.40714285714285703,8.1,7.8,8.1,7.7,7.8,8.0,8.0,8.4,8.3,7.9,8.0,7.8,7.6,7.6,7.9,7.9,8.2,8.4,8.2,8.2,8.0,8.3,8.4,8.3,8.3,8.3,8.4,8.3,8.1,8.1,7.928571428571429,7.935714285714285,8.080000000000002
KPHL,N,0,KAPRUKA,2023-06-20,8.0,,,,,20,6,2023,55.172413793103466,-0.07156474168929616,-0.08533745870195901,0.013772717012662847,7.970000000000001,8.43385115579983,7.506148844200171,4.0,0.43571428571428555,0.43571428571428555,8.0,8.1,7.8,8.1,7.7,7.8,8.0,8.0,8.4,8.3,7.9,8.0,7.8,7.6,7.6,7.9,7.9,8.2,8.4,8.2,8.2,8.0,8.3,8.4,8.3,8.3,8.3,8.4,8.3,8.1,7.928571428571429,7.964285714285714,8.076666666666668
KPHL,N,0,KAPRUKA,2023-06-21,8.2,,,,,21,6,2023,51.85185185185187,-0.07183779072594199,-0.08263752510675562,0.010799734380813636,7.945,8.362889433878586,7.527110566121415,-5.0,0.4357142857142855,0.4357142857142855,7.9,8.0,8.1,7.8,8.1,7.7,7.8,8.0,8.0,8.4,8.3,7.9,8.0,7.8,7.6,7.6,7.9,7.9,8.2,8.4,8.2,8.2,8.0,8.3,8.4,8.3,8.3,8.3,8.4,8.3,7.914285714285714,7.985714285714287,8.070000000000002
KPHL,N,0,KAPRUKA,2023-06-22,7.9,,,,,22,6,2023,48.00000000000001,-0.07123305375207867,-0.08035663083582023,0.009123577083741563,7.93,8.330525969983938,7.529474030016061,7.0,0.4285714285714283,0.4285714285714283,7.9,7.9,8.0,8.1,7.8,8.1,7.7,7.8,8.0,8.0,8.4,8.3,7.9,8.0,7.8,7.6,7.6,7.9,7.9,8.2,8.4,8.2,8.2,8.0,8.3,8.4,8.3,8.3,8.3,8.4,7.928571428571429,7.992857142857143,8.056666666666668
KPHL,N,0,KAPRUKA,2023-06-23,8.0,,,,,23,6,2023,53.84615384615383,-0.05399306833093842,-0.07508391833484387,0.021090850003905454,7.94,8.347301776134234,7.532698223865767,2.0,0.42142857142857115,0.42142857142857115,7.9,7.9,7.9,8.0,8.1,7.8,8.1,7.7,7.8,8.0,8.0,8.4,8.3,7.9,8.0,7.8,7.6,7.6,7.9,7.9,8.2,8.4,8.2,8.2,8.0,8.3,8.4,8.3,8.3,8.3,7.957142857142857,7.985714285714287,8.040000000000001
KPHL,N,0,KAPRUKA,2023-06-26,8.0,,,,,26,6,2023,43.4782608695652,-0.04784785960120175,-0.06963670658811545,0.021788846986913704,7.945,8.352689252146517,7.537310747853484,-8.0,0.3785714285714282,0.3785714285714282,8.1,7.9,7.9,7.9,8.0,8.1,7.8,8.1,7.7,7.8,8.0,8.0,8.4,8.3,7.9,8.0,7.8,7.6,7.6,7.9,7.9,8.2,8.4,8.2,8.2,8.0,8.3,8.4,8.3,8.3,7.957142857142856,8.0,8.033333333333335
KPHL,N,0,KAPRUKA,2023-06-27,8.1,,,,,27,6,2023,43.4782608695652,-0.03451075464655151,-0.06261151619980267,0.028100761553251155,7.970000000000001,8.348918127526803,7.591081872473199,0.0,0.35714285714285676,0.35714285714285676,8.0,8.1,7.9,7.9,7.9,8.0,8.1,7.8,8.1,7.7,7.8,8.0,8.0,8.4,8.3,7.9,8.0,7.8,7.6,7.6,7.9,7.9,8.2,8.4,8.2,8.2,8.0,8.3,8.4,8.3,7.985714285714286,7.978571428571429,8.023333333333333
KPHL,N,0,KAPRUKA,2023-06-28,8.0,,,,,28,6,2023,50.0,-0.031645378916878464,-0.05641828874321783,0.024772909826339368,7.99,8.326545922415848,7.653454077584153,4.0,0.3357142857142853,0.3357142857142853,8.1,8.0,8.1,7.9,7.9,7.9,8.0,8.1,7.8,8.1,7.7,7.8,8.0,8.0,8.4,8.3,7.9,8.0,7.8,7.6,7.6,7.9,7.9,8.2,8.4,8.2,8.2,8.0,8.3,8.4,7.985714285714286,7.957142857142856,8.016666666666667
KPHL,N,0,KAPRUKA,2023-07-04,7.8,,,,,4,7,2023,50.0,-0.029039795323351214,-0.05094259005924451,0.021902794735893294,8.0,8.32444284226152,7.6755571577384805,12.0,0.3285714285714281,0.3285714285714281,8.0,8.1,8.0,8.1,7.9,7.9,7.9,8.0,8.1,7.8,8.1,7.7,7.8,8.0,8.0,8.4,8.3,7.9,8.0,7.8,7.6,7.6,7.9,7.9,8.2,8.4,8.2,8.2,8.0,8.3,7.985714285714286,7.957142857142856,8.003333333333334
KPHL,N,0,KAPRUKA,2023-07-05,7.8,,,,,5,7,2023,55.55555555555557,-0.026667445837560422,-0.046087561214907695,0.019420115377347273,8.0,8.32444284226152,7.6755571577384805,5.0,0.3571428571428567,0.3571428571428567,8.0,8.0,8.1,8.0,8.1,7.9,7.9,7.9,8.0,8.1,7.8,8.1,7.7,7.8,8.0,8.0,8.4,8.3,7.9,8.0,7.8,7.6,7.6,7.9,7.9,8.2,8.4,8.2,8.2,8.0,8.0,7.957142857142856,7.993333333333331
KPHL,N,0,KAPRUKA,2023-07-06,8.1,,,,,6,7,2023,61.11111111111112,-0.016527656971625504,-0.04017558036625126,0.023647923394625757,8.01,8.333793306390287,7.686206693609712,-20.0,0.30714285714285666,0.30714285714285666,8.0,8.0,8.0,8.1,8.0,8.1,7.9,7.9,7.9,8.0,8.1,7.8,8.1,7.7,7.8,8.0,8.0,8.4,8.3,7.9,8.0,7.8,7.6,7.6,7.9,7.9,8.2,8.4,8.2,8.2,8.014285714285714,7.971428571428571,7.993333333333333
KPHL,N,0,KAPRUKA,2023-07-07,8.1,,,,,7,7,2023,53.33333333333332,-0.0004178206012017682,-0.032224028413241367,0.0318062078120396,8.004999999999999,8.312622461708122,7.697377538291877,10.0,0.29285714285714254,0.29285714285714254,8.1,8.0,8.0,8.0,8.1,8.0,8.1,7.9,7.9,7.9,8.0,8.1,7.8,8.1,7.7,7.8,8.0,8.0,8.4,8.3,7.9,8.0,7.8,7.6,7.6,7.9,7.9,8.2,8.4,8.2,8.042857142857143,8.0,7.989999999999999
KPHL,N,0,KAPRUKA,2023-07-10,8.4,,,,,10,7,2023,73.33333333333339,0.03614023149073908,-0.018551176432445277,0.05469140792318436,8.01,8.346545922415848,7.673454077584153,20.0,0.2999999999999997,0.2999999999999997,8.2,8.1,8.0,8.0,8.0,8.1,8.0,8.1,7.9,7.9,7.9,8.0,8.1,7.8,8.1,7.7,7.8,8.0,8.0,8.4,8.3,7.9,8.0,7.8,7.6,7.6,7.9,7.9,8.2,8.4,8.057142857142857,8.007142857142858,7.99
KPHL,N,0,KAPRUKA,2023-07-11,8.5,,,,,11,7,2023,61.53846153846158,0.05639351752869004,-0.0035622376402182146,0.059955755168908255,8.03,8.408918127526801,7.651081872473197,-26.0,0.29285714285714254,0.29285714285714254,8.5,8.2,8.1,8.0,8.0,8.0,8.1,8.0,8.1,7.9,7.9,7.9,8.0,8.1,7.8,8.1,7.7,7.8,8.0,8.0,8.4,8.3,7.9,8.0,7.8,7.6,7.6,7.9,7.9,8.2,8.128571428571428,8.057142857142859,7.993333333333333
KPHL,N,0,KAPRUKA,2023-07-12,8.5,,,,,12,7,2023,69.23076923076927,0.07959602348402228,0.013069414584629886,0.0665266088993924,8.055,8.487739133768526,7.622260866231474,-3.0,0.2857142857142854,0.2857142857142854,8.4,8.5,8.2,8.1,8.0,8.0,8.0,8.1,8.0,8.1,7.9,7.9,7.9,8.0,8.1,7.8,8.1,7.7,7.8,8.0,8.0,8.4,8.3,7.9,8.0,7.8,7.6,7.6,7.9,7.9,8.17142857142857,8.07857142857143,8.0
KPHL,N,0,KAPRUKA,2023-07-13,8.5,,,,,13,7,2023,75.00000000000003,0.09686754782527629,0.02982904123275917,0.06703850659251712,8.09,8.548372406627944,7.631627593372056,19.0,0.2785714285714282,0.2785714285714282,8.5,8.4,8.5,8.2,8.1,8.0,8.0,8.0,8.1,8.0,8.1,7.9,7.9,7.9,8.0,8.1,7.8,8.1,7.7,7.8,8.0,8.0,8.4,8.3,7.9,8.0,7.8,7.6,7.6,7.9,8.242857142857142,8.114285714285714,8.020000000000001
KPHL,N,0,KAPRUKA,2023-07-14,8.4,,,,,14,7,2023,80.00000000000004,0.13322708914306425,0.050508650814820186,0.08271843832824406,8.145,8.666031365860565,7.623968634139435,-17.0,0.2928571428571426,0.2928571428571426,8.5,8.5,8.4,8.5,8.2,8.1,8.0,8.0,8.0,8.1,8.0,8.1,7.9,7.9,7.9,8.0,8.1,7.8,8.1,7.7,7.8,8.0,8.0,8.4,8.3,7.9,8.0,7.8,7.6,7.6,8.314285714285713,8.157142857142857,8.040000000000001
KPHL,N,0,KAPRUKA,2023-07-17,8.9,,,,,17,7,2023,74.99999999999997,0.1522184438604981,0.07085060942395577,0.08136783443654233,8.175,8.75128574783513,7.598714252164871,16.0,0.30714285714285694,0.30714285714285694,8.8,8.5,8.5,8.4,8.5,8.2,8.1,8.0,8.0,8.0,8.1,8.0,8.1,7.9,7.9,7.9,8.0,8.1,7.8,8.1,7.7,7.8,8.0,8.0,8.4,8.3,7.9,8.0,7.8,7.6,8.428571428571429,8.221428571428572,8.080000000000002
KPHL,N,0,KAPRUKA,2023-07-18,8.8,,,,,18,7,2023,62.500000000000014,0.1494086113016735,0.08656220979949932,0.06284640150217417,8.209999999999999,8.775313140983314,7.644686859016684,-9.0,0.30714285714285705,0.30714285714285705,8.7,8.8,8.5,8.5,8.4,8.5,8.2,8.1,8.0,8.0,8.0,8.1,8.0,8.1,7.9,7.9,7.9,8.0,8.1,7.8,8.1,7.7,7.8,8.0,8.0,8.4,8.3,7.9,8.0,7.8,8.514285714285714,8.278571428571427,8.116666666666669
KPHL,N,0,KAPRUKA,2023-07-19,8.8,,,,,19,7,2023,72.22222222222223,0.16943613723078066,0.10313699528575558,0.06629914194502508,8.245000000000001,8.86561090446176,7.624389095538241,-7.0,0.31428571428571433,0.31428571428571433,8.5,8.7,8.8,8.5,8.5,8.4,8.5,8.2,8.1,8.0,8.0,8.0,8.1,8.0,8.1,7.9,7.9,7.9,8.0,8.1,7.8,8.1,7.7,7.8,8.0,8.0,8.4,8.3,7.9,8.0,8.557142857142857,8.307142857142855,8.140000000000002
KPHL,N,0,KAPRUKA,2023-07-20,8.8,,,,,20,7,2023,70.58823529411767,0.18319632264839036,0.11914886075828254,0.06404746189010782,8.285,8.94122525015986,7.62877474984014,9.0,0.30714285714285733,0.30714285714285733,8.8,8.5,8.7,8.8,8.5,8.5,8.4,8.5,8.2,8.1,8.0,8.0,8.0,8.1,8.0,8.1,7.9,7.9,7.9,8.0,8.1,7.8,8.1,7.7,7.8,8.0,8.0,8.4,8.3,7.9,8.6,8.364285714285712,8.166666666666668
KPHL,N,0,KAPRUKA,2023-07-21,8.9,,,,,21,7,2023,75.0,0.19188938731861782,0.1336969660703496,0.058192421248268233,8.33,8.998383753621576,7.661616246378424,-2.0,0.3214285714285717,0.3214285714285717,8.8,8.8,8.5,8.7,8.8,8.5,8.5,8.4,8.5,8.2,8.1,8.0,8.0,8.0,8.1,8.0,8.1,7.9,7.9,7.9,8.0,8.1,7.8,8.1,7.7,7.8,8.0,8.0,8.4,8.3,8.657142857142857,8.414285714285715,8.196666666666667
KPHL,N,0,KAPRUKA,2023-07-24,8.6,,,,,24,7,2023,70.5882352941176,0.1885362113500637,0.14466481512629242,0.043871396223771286,8.37,9.025663585112143,7.714336414887855,0.0,0.32142857142857173,0.32142857142857173,8.8,8.8,8.8,8.5,8.7,8.8,8.5,8.5,8.4,8.5,8.2,8.1,8.0,8.0,8.0,8.1,8.0,8.1,7.9,7.9,7.9,8.0,8.1,7.8,8.1,7.7,7.8,8.0,8.0,8.4,8.700000000000001,8.471428571428572,8.213333333333333
KPHL,N,0,KAPRUKA,2023-07-25,8.9,,,,,25,7,2023,72.22222222222219,0.19173772634507102,0.15407939737004817,0.03765832897502286,8.415000000000001,9.05826469954772,7.771735300452282,-8.0,0.3000000000000003,0.3000000000000003,8.7,8.8,8.8,8.8,8.5,8.7,8.8,8.5,8.5,8.4,8.5,8.2,8.1,8.0,8.0,8.0,8.1,8.0,8.1,7.9,7.9,7.9,8.0,8.1,7.8,8.1,7.7,7.8,8.0,8.0,8.728571428571428,8.52142857142857,8.223333333333334
KPHL,N,0,KAPRUKA,2023-07-26,8.8,,,,,26,7,2023,70.58823529411762,0.19206099049961978,0.1616757159959625,0.030385274503657272,8.45,9.097261437458666,7.802738562541332,36.0,0.31428571428571456,0.31428571428571456,8.8,8.7,8.8,8.8,8.8,8.5,8.7,8.8,8.5,8.5,8.4,8.5,8.2,8.1,8.0,8.0,8.0,8.1,8.0,8.1,7.9,7.9,7.9,8.0,8.1,7.8,8.1,7.7,7.8,8.0,8.72857142857143,8.57857142857143,8.25
KPHL,N,0,KAPRUKA,2023-07-27,8.9,,,,,27,7,2023,68.74999999999999,0.19012553089991258,0.16736567897675253,0.022759851923160046,8.489999999999998,9.118783286238301,7.861216713761696,-27.0,0.31428571428571456,0.31428571428571456,8.8,8.8,8.7,8.8,8.8,8.8,8.5,8.7,8.8,8.5,8.5,8.4,8.5,8.2,8.1,8.0,8.0,8.0,8.1,8.0,8.1,7.9,7.9,7.9,8.0,8.1,7.8,8.1,7.7,7.8,8.742857142857144,8.62857142857143,8.276666666666667
KPHL,N,0,KAPRUKA,2023-07-28,8.9,,,,,28,7,2023,61.538461538461526,0.18644247245683943,0.17118103767276993,0.015261434784069494,8.525,9.140159371733528,7.9098406282664735,4.0,0.30714285714285744,0.30714285714285744,8.8,8.8,8.8,8.7,8.8,8.8,8.8,8.5,8.7,8.8,8.5,8.5,8.4,8.5,8.2,8.1,8.0,8.0,8.0,8.1,8.0,8.1,7.9,7.9,7.9,8.0,8.1,7.8,8.1,7.7,8.785714285714286,8.671428571428573,8.309999999999999
KPHL,N,0,KAPRUKA,2023-07-31,8.9,,,,,31,7,2023,57.14285714285709,0.16547776886232946,0.17004038391068185,-0.0045626150483523975,8.555,9.118728191315832,7.991271808684168,4.0,0.3285714285714289,0.3285714285714289,8.8,8.8,8.8,8.8,8.7,8.8,8.8,8.8,8.5,8.7,8.8,8.5,8.5,8.4,8.5,8.2,8.1,8.0,8.0,8.0,8.1,8.0,8.1,7.9,7.9,7.9,8.0,8.1,7.8,8.1,8.785714285714286,8.692857142857145,8.346666666666668
KPHL,N,0,KAPRUKA,2023-08-02,8.9,,,,,2,8,2023,64.70588235294113,0.1790754766573741,0.17184740246002034,0.007228074197353773,8.605,9.138015256027353,8.071984743972648,-12.0,0.35714285714285754,0.35714285714285754,8.6,8.8,8.8,8.8,8.8,8.7,8.8,8.8,8.8,8.5,8.7,8.8,8.5,8.5,8.4,8.5,8.2,8.1,8.0,8.0,8.0,8.1,8.0,8.1,7.9,7.9,7.9,8.0,8.1,7.8,8.757142857142856,8.707142857142857,8.363333333333333
KPHL,N,0,KAPRUKA,2023-08-03,9.0,,,,,3,8,2023,61.11111111111108,0.17971099727562923,0.17342012142314212,0.00629087585248711,8.65,9.115663081275688,8.184336918724313,15.0,0.378571428571429,0.378571428571429,9.0,8.6,8.8,8.8,8.8,8.8,8.7,8.8,8.8,8.8,8.5,8.7,8.8,8.5,8.5,8.4,8.5,8.2,8.1,8.0,8.0,8.0,8.1,8.0,8.1,7.9,7.9,7.9,8.0,8.1,8.785714285714286,8.742857142857144,8.403333333333332
KPHL,N,0,KAPRUKA,2023-08-04,8.9,,,,,4,8,2023,61.11111111111104,0.20209254764861306,0.17915460666823632,0.022937940980376742,8.705,9.156780104871723,8.253219895128277,13.0,0.38571428571428623,0.38571428571428623,8.9,9.0,8.6,8.8,8.8,8.8,8.8,8.7,8.8,8.8,8.8,8.5,8.7,8.8,8.5,8.5,8.4,8.5,8.2,8.1,8.0,8.0,8.0,8.1,8.0,8.1,7.9,7.9,7.9,8.0,8.814285714285713,8.77142857142857,8.43
KPHL,N,0,KAPRUKA,2023-08-07,9.3,,,,,7,8,2023,52.380952380952415,0.18541606947760592,0.18040689923011025,0.00500917024749567,8.735000000000001,9.120391120537935,8.349608879462068,-31.0,0.40714285714285775,0.40714285714285775,9.2,8.9,9.0,8.6,8.8,8.8,8.8,8.8,8.7,8.8,8.8,8.8,8.5,8.7,8.8,8.5,8.5,8.4,8.5,8.2,8.1,8.0,8.0,8.0,8.1,8.0,8.1,7.9,7.9,7.9,8.87142857142857,8.8,8.47
KPHL,N,0,KAPRUKA,2023-08-08,9.1,,,,,8,8,2023,61.90476190476189,0.18619186499060447,0.1815638923822091,0.00462797260839537,8.760000000000002,9.146073349998366,8.373926650001637,10.0,0.4071428571428576,0.4071428571428576,8.8,9.2,8.9,9.0,8.6,8.8,8.8,8.8,8.8,8.7,8.8,8.8,8.8,8.5,8.7,8.8,8.5,8.5,8.4,8.5,8.2,8.1,8.0,8.0,8.0,8.1,8.0,8.1,7.9,7.9,8.87142857142857,8.807142857142857,8.5
KPHL,N,0,KAPRUKA,2023-08-09,9.1,,,,,9,8,2023,59.99999999999996,0.20063225332710566,0.18537756457118842,0.015254688755917234,8.8,9.194701752826388,8.405298247173613,4.0,0.4142857142857147,0.4142857142857147,9.0,8.8,9.2,8.9,9.0,8.6,8.8,8.8,8.8,8.8,8.7,8.8,8.8,8.8,8.5,8.7,8.8,8.5,8.5,8.4,8.5,8.2,8.1,8.0,8.0,8.0,8.1,8.0,8.1,7.9,8.9,8.842857142857143,8.536666666666665
KPHL,N,0,KAPRUKA,2023-08-10,9.3,,,,,10,8,2023,57.142857142857125,0.2016823324702095,0.18863851815099264,0.013043814319216862,8.830000000000002,9.219871773792377,8.440128226207626,-9.0,0.42857142857142894,0.42857142857142894,9.2,9.0,8.8,9.2,8.9,9.0,8.6,8.8,8.8,8.8,8.8,8.7,8.8,8.8,8.8,8.5,8.7,8.8,8.5,8.5,8.4,8.5,8.2,8.1,8.0,8.0,8.0,8.1,8.0,8.1,8.957142857142857,8.87142857142857,8.58
KPHL,N,0,KAPRUKA,2023-08-11,8.9,,,,,11,8,2023,57.142857142857125,0.20020666989035973,0.19095214849886608,0.009254521391493659,8.860000000000001,9.235008771827252,8.48499122817275,4.0,0.42857142857142894,0.42857142857142894,9.1,9.2,9.0,8.8,9.2,8.9,9.0,8.6,8.8,8.8,8.8,8.8,8.7,8.8,8.8,8.8,8.5,8.7,8.8,8.5,8.5,8.4,8.5,8.2,8.1,8.0,8.0,8.0,8.1,8.0,9.028571428571428,8.892857142857142,8.613333333333333
KPHL,N,0,KAPRUKA,2023-08-14,9.3,,,,,14,8,2023,57.14285714285717,0.1887917585256318,0.19052007050421924,-0.0017283119785874435,8.870000000000001,9.248918127526826,8.491081872473176,-10.0,0.44285714285714334,0.44285714285714334,9.1,9.1,9.2,9.0,8.8,9.2,8.9,9.0,8.6,8.8,8.8,8.8,8.8,8.7,8.8,8.8,8.8,8.5,8.7,8.8,8.5,8.5,8.4,8.5,8.2,8.1,8.0,8.0,8.0,8.1,9.042857142857143,8.914285714285713,8.65
KPHL,N,0,KAPRUKA,2023-08-15,9.1,,,,,15,8,2023,47.826086956521706,0.15376535493758858,0.18316912739089314,-0.029403772453304555,8.870000000000001,9.248918127526826,8.491081872473176,-3.0,0.45000000000000046,0.45000000000000046,9.0,9.1,9.1,9.2,9.0,8.8,9.2,8.9,9.0,8.6,8.8,8.8,8.8,8.8,8.7,8.8,8.8,8.8,8.5,8.7,8.8,8.5,8.5,8.4,8.5,8.2,8.1,8.0,8.0,8.0,9.057142857142859,8.935714285714285,8.68
KPHL,N,0,KAPRUKA,2023-08-16,9.0,,,,,16,8,2023,43.99999999999998,0.10861628825251124,0.16825855956321678,-0.05964227131070554,8.870000000000001,9.248918127526826,8.491081872473176,8.0,0.45000000000000046,0.45000000000000046,8.7,9.0,9.1,9.1,9.2,9.0,8.8,9.2,8.9,9.0,8.6,8.8,8.8,8.8,8.8,8.7,8.8,8.8,8.8,8.5,8.7,8.8,8.5,8.5,8.4,8.5,8.2,8.1,8.0,8.0,8.985714285714284,8.928571428571427,8.703333333333331
KPHL,N,0,KAPRUKA,2023-08-17,9.0,,,,,17,8,2023,43.99999999999998,0.07200529539950118,0.14900790673047368,-0.0770026113309725,8.855,9.26782084810677,8.442179151893232,-7.0,0.4642857142857147,0.4642857142857147,8.5,8.7,9.0,9.1,9.1,9.2,9.0,8.8,9.2,8.9,9.0,8.6,8.8,8.8,8.8,8.8,8.7,8.8,8.8,8.8,8.5,8.7,8.8,8.5,8.5,8.4,8.5,8.2,8.1,8.0,8.942857142857141,8.907142857142857,8.719999999999999
KPHL,N,0,KAPRUKA,2023-08-18,9.0,,,,,18,8,2023,40.740740740740726,0.02654647996880044,0.12451562137813904,-0.0979691414093386,8.830000000000002,9.311663783151708,8.348336216848296,23.0,0.5071428571428575,0.5071428571428575,8.5,8.5,8.7,9.0,9.1,9.1,9.2,9.0,8.8,9.2,8.9,9.0,8.6,8.8,8.8,8.8,8.8,8.7,8.8,8.8,8.8,8.5,8.7,8.8,8.5,8.5,8.4,8.5,8.2,8.1,8.871428571428572,8.885714285714284,8.736666666666666
KPHL,N,0,KAPRUKA,2023-08-21,8.9,,,,,21,8,2023,39.28571428571428,-0.03330354898651855,0.09295178730520753,-0.12625533629172608,8.790000000000001,9.398362772659462,8.18163722734054,1.0,0.5428571428571433,0.5428571428571433,8.3,8.5,8.5,8.7,9.0,9.1,9.1,9.2,9.0,8.8,9.2,8.9,9.0,8.6,8.8,8.8,8.8,8.8,8.7,8.8,8.8,8.8,8.5,8.7,8.8,8.5,8.5,8.4,8.5,8.2,8.742857142857144,8.85,8.743333333333334
KPHL,N,0,KAPRUKA,2023-08-22,8.7,,,,,22,8,2023,26.923076923076877,-0.09576948564397547,0.05520753271537094,-0.1509770183593464,8.745000000000001,9.497469618201162,7.99253038179884,8.0,0.578571428571429,0.578571428571429,8.0,8.3,8.5,8.5,8.7,9.0,9.1,9.1,9.2,9.0,8.8,9.2,8.9,9.0,8.6,8.8,8.8,8.8,8.8,8.7,8.8,8.8,8.8,8.5,8.7,8.8,8.5,8.5,8.4,8.5,8.585714285714285,8.807142857142857,8.736666666666668
KPHL,N,0,KAPRUKA,2023-08-23,8.4,,,,,23,8,2023,25.925925925925867,-0.15957306011185146,0.012251414149926462,-0.17182447426177794,8.684999999999999,9.594077033386933,7.775922966613065,4.0,0.6000000000000004,0.6000000000000004,7.8,8.0,8.3,8.5,8.5,8.7,9.0,9.1,9.1,9.2,9.0,8.8,9.2,8.9,9.0,8.6,8.8,8.8,8.8,8.8,8.7,8.8,8.8,8.8,8.5,8.7,8.8,8.5,8.5,8.4,8.4,8.721428571428572,8.713333333333333
KPHL,N,0,KAPRUKA,2023-08-24,8.0,,,,,24,8,2023,16.66666666666663,-0.20774311919509536,-0.03174749251907791,-0.17599562667601745,8.625,9.652772245915259,7.597227754084742,3.0,0.5928571428571432,0.5928571428571432,7.6,7.8,8.0,8.3,8.5,8.5,8.7,9.0,9.1,9.1,9.2,9.0,8.8,9.2,8.9,9.0,8.6,8.8,8.8,8.8,8.8,8.7,8.8,8.8,8.8,8.5,8.7,8.8,8.5,8.5,8.200000000000001,8.628571428571428,8.686666666666667
KPHL,N,0,KAPRUKA,2023-08-25,7.5,,,,,25,8,2023,19.999999999999943,-0.24311575102162486,-0.0740211442195873,-0.16909460680203756,8.565000000000001,9.685667094565606,7.444332905434398,-21.0,0.585714285714286,0.585714285714286,7.6,7.6,7.8,8.0,8.3,8.5,8.5,8.7,9.0,9.1,9.1,9.2,9.0,8.8,9.2,8.9,9.0,8.6,8.8,8.8,8.8,8.8,8.7,8.8,8.8,8.8,8.5,8.7,8.8,8.5,8.042857142857143,8.514285714285714,8.656666666666668
KPHL,N,0,KAPRUKA,2023-08-28,7.6,,,,,28,8,2023,11.111111111111072,-0.26805880158632256,-0.11282867569293437,-0.1552301258933882,8.504999999999999,9.698799771627069,7.311200228372928,-1.0,0.6000000000000002,0.6000000000000002,7.6,7.6,7.6,7.8,8.0,8.3,8.5,8.5,8.7,9.0,9.1,9.1,9.2,9.0,8.8,9.2,8.9,9.0,8.6,8.8,8.8,8.8,8.8,8.7,8.8,8.8,8.8,8.5,8.7,8.8,7.914285714285713,8.428571428571427,8.626666666666667
KPHL,N,0,KAPRUKA,2023-08-29,8.0,,,,,29,8,2023,11.111111111111128,-0.2685918605576809,-0.14398131266588368,-0.12461054789179724,8.465,9.69835229952226,7.23164770047774,-12.0,0.6000000000000002,0.6000000000000002,7.6,7.6,7.6,7.6,7.8,8.0,8.3,8.5,8.5,8.7,9.0,9.1,9.1,9.2,9.0,8.8,9.2,8.9,9.0,8.6,8.8,8.8,8.8,8.8,8.7,8.8,8.8,8.8,8.5,8.7,7.785714285714286,8.328571428571427,8.586666666666668
KPHL,N,0,KAPRUKA,2023-08-31,7.9,,,,,31,8,2023,11.111111111111128,-0.27392583142632,-0.16997021641797094,-0.10395561500834904,8.4,9.651525385069629,7.148474614930371,8.0,0.5928571428571431,0.5928571428571431,7.8,7.6,7.6,7.6,7.6,7.8,8.0,8.3,8.5,8.5,8.7,9.0,9.1,9.1,9.2,9.0,8.8,9.2,8.9,9.0,8.6,8.8,8.8,8.8,8.8,8.7,8.8,8.8,8.8,8.5,7.714285714285714,8.228571428571428,8.556666666666668
KPHL,N,0,KAPRUKA,2023-09-01,8.0,,,,,1,9,2023,11.111111111111128,-0.2749832065350679,-0.19097281444139036,-0.08401039209367756,8.34,9.605576631629358,7.074423368370642,-18.0,0.585714285714286,0.585714285714286,7.7,7.8,7.6,7.6,7.6,7.6,7.8,8.0,8.3,8.5,8.5,8.7,9.0,9.1,9.1,9.2,9.0,8.8,9.2,8.9,9.0,8.6,8.8,8.8,8.8,8.8,8.7,8.8,8.8,8.8,7.671428571428572,8.128571428571428,8.530000000000001
KPHL,N,0,KAPRUKA,2023-09-04,8.0,,,,,4,9,2023,16.666666666666657,-0.2647007145942286,-0.20571839447195803,-0.05898232012227059,8.27,9.48931818739214,7.050681812607859,18.0,0.5642857142857143,0.5642857142857143,7.7,7.7,7.8,7.6,7.6,7.6,7.6,7.8,8.0,8.3,8.5,8.5,8.7,9.0,9.1,9.1,9.2,9.0,8.8,9.2,8.9,9.0,8.6,8.8,8.8,8.8,8.8,8.7,8.8,8.8,7.6571428571428575,8.028571428571428,8.493333333333336
KPHL,N,0,KAPRUKA,2023-09-05,8.0,,,,,5,9,2023,18.75,-0.2616053067819566,-0.21689577693395773,-0.04470952984799886,8.215,9.432892917252877,6.997107082747122,3.0,0.5571428571428572,0.5571428571428572,7.8,7.7,7.7,7.8,7.6,7.6,7.6,7.6,7.8,8.0,8.3,8.5,8.5,8.7,9.0,9.1,9.1,9.2,9.0,8.8,9.2,8.9,9.0,8.6,8.8,8.8,8.8,8.8,8.7,8.8,7.685714285714286,7.942857142857143,8.46
KPHL,N,0,KAPRUKA,2023-09-06,8.0,,,,,6,9,2023,21.42857142857143,-0.256198872663715,-0.2247563960799092,-0.031442476583805806,8.15,9.329652045040573,6.970347954959427,-2.0,0.55,0.55,7.7,7.8,7.7,7.7,7.8,7.6,7.6,7.6,7.6,7.8,8.0,8.3,8.5,8.5,8.7,9.0,9.1,9.1,9.2,9.0,8.8,9.2,8.9,9.0,8.6,8.8,8.8,8.8,8.8,8.7,7.7,7.871428571428571,8.423333333333334
KPHL,N,0,KAPRUKA,2023-09-07,8.0,,,,,7,9,2023,35.294117647058826,-0.22511179325297181,-0.22482747551452173,-0.000284317738450085,8.09,9.161938725664358,7.018061274335642,-11.0,0.5428571428571428,0.5428571428571428,7.7,7.7,7.8,7.7,7.7,7.8,7.6,7.6,7.6,7.6,7.8,8.0,8.3,8.5,8.5,8.7,9.0,9.1,9.1,9.2,9.0,8.8,9.2,8.9,9.0,8.6,8.8,8.8,8.8,8.8,7.714285714285714,7.814285714285712,8.39
KPHL,N,0,KAPRUKA,2023-09-08,7.8,,,,,8,9,2023,35.2941176470588,-0.21414485874879396,-0.2226909521613762,0.008546093412582223,8.024999999999999,8.991545666958249,7.058454333041749,0.0,0.49999999999999994,0.49999999999999994,8.0,7.7,7.7,7.8,7.7,7.7,7.8,7.6,7.6,7.6,7.6,7.8,8.0,8.3,8.5,8.5,8.7,9.0,9.1,9.1,9.2,9.0,8.8,9.2,8.9,9.0,8.6,8.8,8.8,8.8,7.771428571428571,7.778571428571427,8.363333333333335
KPHL,N,0,KAPRUKA,2023-09-11,8.1,,,,,11,9,2023,46.66666666666668,-0.19513492591789827,-0.21717974691268063,0.02204482099478236,7.964999999999999,8.789046498432533,7.140953501567464,5.0,0.4714285714285714,0.4714285714285714,7.8,8.0,7.7,7.7,7.8,7.7,7.7,7.8,7.6,7.6,7.6,7.6,7.8,8.0,8.3,8.5,8.5,8.7,9.0,9.1,9.1,9.2,9.0,8.8,9.2,8.9,9.0,8.6,8.8,8.8,7.771428571428572,7.742857142857141,8.33
KPHL,N,0,KAPRUKA,2023-09-12,8.2,,,,,12,9,2023,60.0,-0.1620629281054553,-0.20615638315123558,0.04409345504578027,7.919999999999999,8.589956793579354,7.250043206420644,-8.0,0.4214285714285714,0.4214285714285714,7.9,7.8,8.0,7.7,7.7,7.8,7.7,7.7,7.8,7.6,7.6,7.6,7.6,7.8,8.0,8.3,8.5,8.5,8.7,9.0,9.1,9.1,9.2,9.0,8.8,9.2,8.9,9.0,8.6,8.8,7.8,7.735714285714283,8.3
KPHL,N,0,KAPRUKA,2023-09-13,8.2,,,,,13,9,2023,75.00000000000003,-0.11037332380105624,-0.1869997712811997,0.07662644748014347,7.904999999999999,8.511890261475381,7.2981097385246185,7.0,0.37857142857142856,0.37857142857142856,8.1,7.9,7.8,8.0,7.7,7.7,7.8,7.7,7.7,7.8,7.6,7.6,7.6,7.6,7.8,8.0,8.3,8.5,8.5,8.7,9.0,9.1,9.1,9.2,9.0,8.8,9.2,8.9,9.0,8.6,7.857142857142857,7.757142857142855,8.276666666666667
KPHL,N,0,KAPRUKA,2023-09-14,8.3,,,,,14,9,2023,75.00000000000003,-0.06861795491526301,-0.16332340800801237,0.09470545309274936,7.9,8.487590978397991,7.312409021602009,7.0,0.35,0.35,8.4,8.1,7.9,7.8,8.0,7.7,7.7,7.8,7.7,7.7,7.8,7.6,7.6,7.6,7.6,7.8,8.0,8.3,8.5,8.5,8.7,9.0,9.1,9.1,9.2,9.0,8.8,9.2,8.9,9.0,7.942857142857143,7.814285714285714,8.27
KPHL,N,0,KAPRUKA,2023-09-15,8.3,,,,,15,9,2023,75.00000000000003,-0.03512166356695978,-0.13768305911980186,0.10256139555284208,7.8950000000000005,8.462450438364419,7.327549561635581,-9.0,0.32857142857142846,0.32857142857142846,8.4,8.4,8.1,7.9,7.8,8.0,7.7,7.7,7.8,7.7,7.7,7.8,7.6,7.6,7.6,7.6,7.8,8.0,8.3,8.5,8.5,8.7,9.0,9.1,9.1,9.2,9.0,8.8,9.2,8.9,8.042857142857143,7.871428571428571,8.25
KPHL,N,0,KAPRUKA,2023-09-18,8.5,,,,,18,9,2023,70.58823529411768,-0.0164550915582673,-0.11343746560749496,0.09698237404922766,7.894999999999999,8.462450438364417,7.327549561635579,15.0,0.307142857142857,0.307142857142857,8.4,8.4,8.4,8.1,7.9,7.8,8.0,7.7,7.7,7.8,7.7,7.7,7.8,7.6,7.6,7.6,7.6,7.8,8.0,8.3,8.5,8.5,8.7,9.0,9.1,9.1,9.2,9.0,8.8,9.2,8.142857142857142,7.928571428571428,8.233333333333333
KPHL,N,0,KAPRUKA,2023-09-19,8.5,,,,,19,9,2023,66.66666666666671,-0.0016427620180294866,-0.09107852488960187,0.08943576287157239,7.909999999999999,8.504359451758537,7.315640548241461,0.0,0.2999999999999999,0.2999999999999999,8.3,8.4,8.4,8.4,8.1,7.9,7.8,8.0,7.7,7.7,7.8,7.7,7.7,7.8,7.6,7.6,7.6,7.6,7.8,8.0,8.3,8.5,8.5,8.7,9.0,9.1,9.1,9.2,9.0,8.8,8.185714285714285,7.978571428571429,8.203333333333333
KPHL,N,0,KAPRUKA,2023-09-20,8.5,,,,,20,9,2023,71.42857142857146,0.009981060408289721,-0.07086660783002356,0.08084766823831328,7.9350000000000005,8.551526774080306,7.3184732259196945,-7.0,0.30714285714285705,0.30714285714285705,8.3,8.3,8.4,8.4,8.4,8.1,7.9,7.8,8.0,7.7,7.7,7.8,7.7,7.7,7.8,7.6,7.6,7.6,7.6,7.8,8.0,8.3,8.5,8.5,8.7,9.0,9.1,9.1,9.2,9.0,8.257142857142856,8.014285714285716,8.186666666666666
KPHL,N,0,KAPRUKA,2023-09-21,8.4,,,,,21,9,2023,62.49999999999998,0.0030198835581582983,-0.05608930955238719,0.05910919311054549,7.960000000000001,8.559649020151285,7.3603509798487154,14.0,0.34285714285714286,0.34285714285714286,8.3,8.3,8.3,8.4,8.4,8.4,8.1,7.9,7.8,8.0,7.7,7.7,7.8,7.7,7.7,7.8,7.6,7.6,7.6,7.6,7.8,8.0,8.3,8.5,8.5,8.7,9.0,9.1,9.1,9.2,8.314285714285715,8.057142857142857,8.163333333333332
KPHL,N,0,KAPRUKA,2023-09-22,8.1,,,,,22,9,2023,50.0,-0.026400068487479444,-0.050151461339405644,0.0237513928519262,7.970000000000001,8.550743624928172,7.389256375071829,-22.0,0.3642857142857143,0.3642857142857143,8.1,8.3,8.3,8.3,8.4,8.4,8.4,8.1,7.9,7.8,8.0,7.7,7.7,7.8,7.7,7.7,7.8,7.6,7.6,7.6,7.6,7.8,8.0,8.3,8.5,8.5,8.7,9.0,9.1,9.1,8.314285714285713,8.085714285714285,8.126666666666667
KPHL,N,0,KAPRUKA,2023-09-25,8.4,,,,,25,9,2023,63.63636363636363,-0.009262993098875683,-0.04197376769129966,0.032710774592423976,8.004999999999999,8.576148427570072,7.4338515724299254,-2.0,0.3857142857142858,0.3857142857142858,7.8,8.1,8.3,8.3,8.3,8.4,8.4,8.4,8.1,7.9,7.8,8.0,7.7,7.7,7.8,7.7,7.7,7.8,7.6,7.6,7.6,7.6,7.8,8.0,8.3,8.5,8.5,8.7,9.0,9.1,8.228571428571428,8.085714285714285,8.083333333333334
KPHL,N,0,KAPRUKA,2023-09-26,8.3,,,,,26,9,2023,65.21739130434781,0.01224625961981829,-0.031129762229076072,0.04337602184889436,8.045,8.608728191315807,7.481271808684194,14.0,0.3642857142857143,0.3642857142857143,8.3,7.8,8.1,8.3,8.3,8.3,8.4,8.4,8.4,8.1,7.9,7.8,8.0,7.7,7.7,7.8,7.7,7.7,7.8,7.6,7.6,7.6,7.6,7.8,8.0,8.3,8.5,8.5,8.7,9.0,8.214285714285714,8.12857142857143,8.056666666666667
KPHL,N,0,KAPRUKA,2023-09-27,8.4,,,,,27,9,2023,60.0,0.02895867973138877,-0.019112073836983105,0.04807075356837187,8.075,8.647620936433594,7.502379063566405,-18.0,0.3357142857142858,0.3357142857142858,8.4,8.3,7.8,8.1,8.3,8.3,8.3,8.4,8.4,8.4,8.1,7.9,7.8,8.0,7.7,7.7,7.8,7.7,7.7,7.8,7.6,7.6,7.6,7.6,7.8,8.0,8.3,8.5,8.5,8.7,8.214285714285714,8.178571428571429,8.036666666666667
KPHL,N,0,KAPRUKA,2023-10-02,8.3,,,,,2,10,2023,54.54545454545455,0.009813610819014329,-0.01332693690578362,0.023140547724797948,8.09,8.636375617857766,7.543624382142234,6.0,0.34285714285714297,0.34285714285714297,8.4,8.4,8.3,7.8,8.1,8.3,8.3,8.3,8.4,8.4,8.4,8.1,7.9,7.8,8.0,7.7,7.7,7.8,7.7,7.7,7.8,7.6,7.6,7.6,7.6,7.8,8.0,8.3,8.5,8.5,8.228571428571428,8.207142857142859,8.026666666666667
KPHL,N,0,KAPRUKA,2023-10-03,8.3,,,,,3,10,2023,52.38095238095237,-0.005297923067534072,-0.01172113413813371,0.006423211070599639,8.105,8.621975007031017,7.588024992968983,-9.0,0.32142857142857156,0.32142857142857156,8.0,8.4,8.4,8.3,7.8,8.1,8.3,8.3,8.3,8.4,8.4,8.4,8.1,7.9,7.8,8.0,7.7,7.7,7.8,7.7,7.7,7.8,7.6,7.6,7.6,7.6,7.8,8.0,8.3,8.5,8.185714285714285,8.221428571428572,8.01
KPHL,N,0,KAPRUKA,2023-10-04,8.0,,,,,4,10,2023,40.909090909090935,-0.04100869265879048,-0.017578645842265067,-0.023430046816525413,8.1,8.631135823643893,7.568864176356106,57.0,0.3714285714285716,0.3714285714285716,8.0,8.0,8.4,8.4,8.3,7.8,8.1,8.3,8.3,8.3,8.4,8.4,8.4,8.1,7.9,7.8,8.0,7.7,7.7,7.8,7.7,7.7,7.8,7.6,7.6,7.6,7.6,7.8,8.0,8.3,8.142857142857142,8.22857142857143,7.993333333333334
KPHL,N,0,KAPRUKA,2023-10-05,7.8,,,,,5,10,2023,30.0,-0.07649708829115731,-0.029362334332043518,-0.04713475395911379,8.095,8.643586700915211,7.54641329908479,-40.0,0.37857142857142867,0.37857142857142867,7.7,8.0,8.0,8.4,8.4,8.3,7.8,8.1,8.3,8.3,8.3,8.4,8.4,8.4,8.1,7.9,7.8,8.0,7.7,7.7,7.8,7.7,7.7,7.8,7.6,7.6,7.6,7.6,7.8,8.0,8.085714285714285,8.2,7.973333333333333
KPHL,N,0,KAPRUKA,2023-10-06,7.6,,,,,6,10,2023,30.0,-0.10342962517359489,-0.04417579250035379,-0.059253832673241094,8.09,8.6553131409833,7.5246868590167,-16.0,0.39285714285714307,0.39285714285714307,7.6,7.7,8.0,8.0,8.4,8.4,8.3,7.8,8.1,8.3,8.3,8.3,8.4,8.4,8.4,8.1,7.9,7.8,8.0,7.7,7.7,7.8,7.7,7.7,7.8,7.6,7.6,7.6,7.6,7.8,8.057142857142859,8.142857142857142,7.96
KPHL,N,0,KAPRUKA,2023-10-09,7.8,,,,,9,10,2023,33.33333333333336,-0.1153747224441819,-0.058415578489119414,-0.056959143955062484,8.075,8.665717672345286,7.484282327654712,-1.0,0.3928571428571431,0.3928571428571431,7.6,7.6,7.7,8.0,8.0,8.4,8.4,8.3,7.8,8.1,8.3,8.3,8.3,8.4,8.4,8.4,8.1,7.9,7.8,8.0,7.7,7.7,7.8,7.7,7.7,7.8,7.6,7.6,7.6,7.6,7.957142857142856,8.085714285714285,7.953333333333332
KPHL,N,0,KAPRUKA,2023-10-10,7.6,,,,,10,10,2023,33.33333333333333,-0.1313958132123716,-0.07301162543376985,-0.05838418777860174,8.065000000000001,8.681526774080313,7.448473225919689,0.0,0.38571428571428606,0.38571428571428606,7.7,7.6,7.6,7.7,8.0,8.0,8.4,8.4,8.3,7.8,8.1,8.3,8.3,8.3,8.4,8.4,8.4,8.1,7.9,7.8,8.0,7.7,7.7,7.8,7.7,7.7,7.8,7.6,7.6,7.6,7.857142857142856,8.035714285714285,7.956666666666666
KPHL,N,0,KAPRUKA,2023-10-11,7.5,,,,,11,10,2023,31.818181818181827,-0.15042776964656746,-0.08849485427632937,-0.06193291537023808,8.045,8.7082456082343,7.381754391765701,4.0,0.3714285714285717,0.3714285714285717,7.6,7.7,7.6,7.6,7.7,8.0,8.0,8.4,8.4,8.3,7.8,8.1,8.3,8.3,8.3,8.4,8.4,8.4,8.1,7.9,7.8,8.0,7.7,7.7,7.8,7.7,7.7,7.8,7.6,7.6,7.742857142857143,7.985714285714285,7.956666666666666
KPHL,N,0,KAPRUKA,2023-10-12,7.6,,,,,12,10,2023,31.818181818181827,-0.16362457004775788,-0.10352079743061508,-0.060103772617142795,8.015,8.72069115057508,7.309308849424921,1.0,0.36428571428571443,0.36428571428571443,7.5,7.6,7.7,7.6,7.6,7.7,8.0,8.0,8.4,8.4,8.3,7.8,8.1,8.3,8.3,8.3,8.4,8.4,8.4,8.1,7.9,7.8,8.0,7.7,7.7,7.8,7.7,7.7,7.8,7.6,7.671428571428572,7.928571428571429,7.953333333333333
KPHL,N,0,KAPRUKA,2023-10-13,7.6,,,,,13,10,2023,35.00000000000003,-0.17209927611652187,-0.11723649316779644,-0.05486278294872543,7.970000000000001,8.687011341024585,7.252988658975417,-5.0,0.3142857142857144,0.3142857142857144,7.5,7.5,7.6,7.7,7.6,7.6,7.7,8.0,8.0,8.4,8.4,8.3,7.8,8.1,8.3,8.3,8.3,8.4,8.4,8.4,8.1,7.9,7.8,8.0,7.7,7.7,7.8,7.7,7.7,7.8,7.6000000000000005,7.871428571428572,7.95
KPHL,N,0,KAPRUKA,2023-10-16,7.7,,,,,16,10,2023,44.44444444444444,-0.16880054980439585,-0.12754930449511634,-0.04125124530927951,7.93,8.635168886079578,7.224831113920422,1.0,0.28571428571428575,0.28571428571428575,7.5,7.5,7.5,7.6,7.7,7.6,7.6,7.7,8.0,8.0,8.4,8.4,8.3,7.8,8.1,8.3,8.3,8.3,8.4,8.4,8.4,8.1,7.9,7.8,8.0,7.7,7.7,7.8,7.7,7.7,7.571428571428572,7.828571428571429,7.9399999999999995
KPHL,N,0,KAPRUKA,2023-10-17,7.6,,,,,17,10,2023,21.428571428571416,-0.1722696326105151,-0.1364933701181961,-0.035776262492318994,7.885,8.578655458233275,7.191344541766724,0.0,0.25,0.25,7.6,7.5,7.5,7.5,7.6,7.7,7.6,7.6,7.7,8.0,8.0,8.4,8.4,8.3,7.8,8.1,8.3,8.3,8.3,8.4,8.4,8.4,8.1,7.9,7.8,8.0,7.7,7.7,7.8,7.7,7.571428571428572,7.814285714285715,7.9366666666666665
KPHL,N,0,KAPRUKA,2023-10-18,7.6,,,,,18,10,2023,15.384615384615387,-0.17302438828356514,-0.14379957375126992,-0.029224814532295224,7.844999999999999,8.530104678901408,7.159895321098589,1.0,0.25,0.25,7.5,7.6,7.5,7.5,7.5,7.6,7.7,7.6,7.6,7.7,8.0,8.0,8.4,8.4,8.3,7.8,8.1,8.3,8.3,8.3,8.4,8.4,8.4,8.1,7.9,7.8,8.0,7.7,7.7,7.8,7.557142857142858,7.757142857142858,7.930000000000001
KPHL,N,0,KAPRUKA,2023-10-19,7.6,,,,,19,10,2023,21.428571428571416,-0.16366672519796577,-0.14777300404060909,-0.015893721157356683,7.81,8.468227284374255,7.151772715625744,0.0,0.2571428571428571,0.2571428571428571,7.5,7.5,7.6,7.5,7.5,7.5,7.6,7.7,7.6,7.6,7.7,8.0,8.0,8.4,8.4,8.3,7.8,8.1,8.3,8.3,8.3,8.4,8.4,8.4,8.1,7.9,7.8,8.0,7.7,7.7,7.528571428571429,7.692857142857143,7.92
KPHL,N,0,KAPRUKA,2023-10-20,7.7,,,,,20,10,2023,36.36363636363638,-0.14649286693776187,-0.14751697662003965,0.001024109682277785,7.779999999999999,8.397635559379879,7.162364440620121,5.0,0.24285714285714283,0.24285714285714283,7.6,7.5,7.5,7.6,7.5,7.5,7.5,7.6,7.7,7.6,7.6,7.7,8.0,8.0,8.4,8.4,8.3,7.8,8.1,8.3,8.3,8.3,8.4,8.4,8.4,8.1,7.9,7.8,8.0,7.7,7.528571428571429,7.635714285714285,7.916666666666668
KPHL,N,0,KAPRUKA,2023-10-23,7.7,,,,,23,10,2023,33.33333333333333,-0.13934533847819708,-0.14588264899167114,0.0065373105134740594,7.755,8.358411354846645,7.151588645153355,-6.0,0.23571428571428563,0.23571428571428563,7.7,7.6,7.5,7.5,7.6,7.5,7.5,7.5,7.6,7.7,7.6,7.6,7.7,8.0,8.0,8.4,8.4,8.3,7.8,8.1,8.3,8.3,8.3,8.4,8.4,8.4,8.1,7.9,7.8,8.0,7.557142857142857,7.614285714285714,7.916666666666668
KPHL,N,0,KAPRUKA,2023-10-24,7.8,,,,,24,10,2023,40.0,-0.14013464993035374,-0.14473304917940766,0.004598399249053919,7.739999999999999,8.353531623171573,7.1264683768284245,1.0,0.18571428571428564,0.18571428571428564,7.6,7.7,7.6,7.5,7.5,7.6,7.5,7.5,7.5,7.6,7.7,7.6,7.6,7.7,8.0,8.0,8.4,8.4,8.3,7.8,8.1,8.3,8.3,8.3,8.4,8.4,8.4,8.1,7.9,7.8,7.571428571428571,7.5857142857142845,7.903333333333335
KPHL,N,0,KAPRUKA,2023-10-25,7.6,,,,,25,10,2023,44.444444444444464,-0.13915608027115667,-0.14361765539775745,0.004461575126600781,7.7,8.261951486948988,7.138048513051014,0.0,0.1642857142857142,0.1642857142857142,7.5,7.6,7.7,7.6,7.5,7.5,7.6,7.5,7.5,7.5,7.6,7.7,7.6,7.6,7.7,8.0,8.0,8.4,8.4,8.3,7.8,8.1,8.3,8.3,8.3,8.4,8.4,8.4,8.1,7.9,7.571428571428571,7.57142857142857,7.893333333333334
KPHL,N,0,KAPRUKA,2023-10-26,7.6,,,,,26,10,2023,50.0,-0.12882636238692857,-0.14065939679559167,0.011833034408663096,7.659999999999999,8.116070170039617,7.203929829960382,-1.0,0.16428571428571415,0.16428571428571415,7.5,7.5,7.6,7.7,7.6,7.5,7.5,7.6,7.5,7.5,7.5,7.6,7.7,7.6,7.6,7.7,8.0,8.0,8.4,8.4,8.3,7.8,8.1,8.3,8.3,8.3,8.4,8.4,8.4,8.1,7.557142857142857,7.564285714285714,7.880000000000001
KPHL,N,0,KAPRUKA,2023-10-27,7.6,,,,,27,10,2023,33.333333333333314,-0.14319679581225664,-0.14116687659892466,-0.002029919213331982,7.6049999999999995,7.932510546234316,7.277489453765683,6.0,0.17142857142857126,0.17142857142857126,7.6,7.5,7.5,7.6,7.7,7.6,7.5,7.5,7.6,7.5,7.5,7.5,7.6,7.7,7.6,7.6,7.7,8.0,8.0,8.4,8.4,8.3,7.8,8.1,8.3,8.3,8.3,8.4,8.4,8.4,7.571428571428572,7.564285714285714,7.863333333333335
KPHL,N,0,KAPRUKA,2023-10-30,7.3,,,,,30,10,2023,36.36363636363635,-0.15282381008210244,-0.14349826329556023,-0.00932554678654221,7.5699999999999985,7.868063928148174,7.271936071851823,-9.0,0.1857142857142855,0.1857142857142855,7.3,7.6,7.5,7.5,7.6,7.7,7.6,7.5,7.5,7.6,7.5,7.5,7.5,7.6,7.7,7.6,7.6,7.7,8.0,8.0,8.4,8.4,8.3,7.8,8.1,8.3,8.3,8.3,8.4,8.4,7.542857142857144,7.535714285714285,7.826666666666668
KPHL,N,0,KAPRUKA,2023-10-31,7.6,,,,,31,10,2023,53.84615384615383,-0.13469313681680095,-0.1417372379998084,0.00704410118300744,7.55,7.770047841687985,7.329952158312015,2.0,0.1999999999999998,0.1999999999999998,7.3,7.3,7.6,7.5,7.5,7.6,7.7,7.6,7.5,7.5,7.6,7.5,7.5,7.5,7.6,7.7,7.6,7.6,7.7,8.0,8.0,8.4,8.4,8.3,7.8,8.1,8.3,8.3,8.3,8.4,7.500000000000001,7.514285714285713,7.790000000000002
KPHL,N,0,KAPRUKA,2023-11-01,7.6,,,,,1,11,2023,46.66666666666667,-0.13490764480761275,-0.14037131936136926,0.0054636745537565146,7.534999999999999,7.752884566251232,7.317115433748767,2.0,0.207142857142857,0.207142857142857,7.6,7.3,7.3,7.6,7.5,7.5,7.6,7.7,7.6,7.5,7.5,7.6,7.5,7.5,7.5,7.6,7.7,7.6,7.6,7.7,8.0,8.0,8.4,8.4,8.3,7.8,8.1,8.3,8.3,8.3,7.485714285714286,7.5214285714285705,7.763333333333335
KPHL,N,0,KAPRUKA,2023-11-02,7.6,,,,,2,11,2023,43.749999999999986,-0.14151550554334769,-0.14060015659776495,-0.0009153489455827335,7.5200000000000005,7.759297216646366,7.280702783353635,15.0,0.22142857142857128,0.22142857142857128,7.4,7.6,7.3,7.3,7.6,7.5,7.5,7.6,7.7,7.6,7.5,7.5,7.6,7.5,7.5,7.5,7.6,7.7,7.6,7.6,7.7,8.0,8.0,8.4,8.4,8.3,7.8,8.1,8.3,8.3,7.457142857142857,7.514285714285713,7.733333333333335
KPHL,N,0,KAPRUKA,2023-11-03,7.6,,,,,3,11,2023,50.0,-0.1211482681648679,-0.13670977891118555,0.015561510746317647,7.519999999999999,7.759297216646364,7.280702783353633,-18.0,0.2285714285714284,0.2285714285714284,7.3,7.4,7.6,7.3,7.3,7.6,7.5,7.5,7.6,7.7,7.6,7.5,7.5,7.6,7.5,7.5,7.5,7.6,7.7,7.6,7.6,7.7,8.0,8.0,8.4,8.4,8.3,7.8,8.1,8.3,7.428571428571429,7.499999999999999,7.700000000000001
KPHL,N,0,KAPRUKA,2023-11-06,7.9,,,,,6,11,2023,52.94117647058823,-0.1038104238579125,-0.13012990790053094,0.02631948404261844,7.514999999999999,7.742341616353618,7.28765838364638,-2.0,0.24285714285714274,0.24285714285714274,7.6,7.3,7.4,7.6,7.3,7.3,7.6,7.5,7.5,7.6,7.7,7.6,7.5,7.5,7.6,7.5,7.5,7.5,7.6,7.7,7.6,7.6,7.7,8.0,8.0,8.4,8.4,8.3,7.8,8.1,7.442857142857142,7.499999999999999,7.676666666666667
KPHL,N,0,KAPRUKA,2023-11-07,7.9,,,,,7,11,2023,60.000000000000014,-0.06511199400080603,-0.11712632512058596,0.05201433111977993,7.529999999999999,7.813586058598689,7.246413941401309,14.0,0.29999999999999993,0.29999999999999993,7.6,7.6,7.3,7.4,7.6,7.3,7.3,7.6,7.5,7.5,7.6,7.7,7.6,7.5,7.5,7.6,7.5,7.5,7.5,7.6,7.7,7.6,7.6,7.7,8.0,8.0,8.4,8.4,8.3,7.8,7.442857142857142,7.507142857142855,7.660000000000001
KPHL,N,0,KAPRUKA,2023-11-08,7.5,,,,,8,11,2023,57.89473684210528,-0.03405069432357699,-0.10051119896118418,0.06646050463760719,7.55,7.877671208763592,7.222328791236408,-8.0,0.32142857142857145,0.32142857142857145,7.9,7.6,7.6,7.3,7.4,7.6,7.3,7.3,7.6,7.5,7.5,7.6,7.7,7.6,7.5,7.5,7.6,7.5,7.5,7.5,7.6,7.7,7.6,7.6,7.7,8.0,8.0,8.4,8.4,8.3,7.528571428571429,7.535714285714285,7.663333333333335
KPHL,N,0,KAPRUKA,2023-11-09,7.6,,,,,9,11,2023,47.619047619047606,-0.033258500054254014,-0.08706065917979816,0.05380215912554415,7.555,7.882510546234315,7.227489453765685,-4.0,0.3285714285714286,0.3285714285714286,7.9,7.9,7.6,7.6,7.3,7.4,7.6,7.3,7.3,7.6,7.5,7.5,7.6,7.7,7.6,7.5,7.5,7.6,7.5,7.5,7.5,7.6,7.7,7.6,7.6,7.7,8.0,8.0,8.4,8.4,7.614285714285714,7.557142857142856,7.65
KPHL,N,0,KAPRUKA,2023-11-10,7.9,,,,,10,11,2023,50.0,-0.032258820782798736,-0.07610029150039828,0.04384147071759954,7.56,7.8870280850645935,7.232971914935406,0.0,0.3357142857142858,0.3357142857142858,7.6,7.9,7.9,7.6,7.6,7.3,7.4,7.6,7.3,7.3,7.6,7.5,7.5,7.6,7.7,7.6,7.5,7.5,7.6,7.5,7.5,7.5,7.6,7.7,7.6,7.6,7.7,8.0,8.0,8.4,7.614285714285714,7.549999999999999,7.623333333333332
KPHL,N,0,KAPRUKA,2023-11-13,7.9,,,,,13,11,2023,50.0,-0.03908518237031533,-0.0686972696743817,0.029612087304066365,7.555,7.882510546234315,7.227489453765685,2.0,0.34285714285714297,0.34285714285714297,7.6,7.6,7.9,7.9,7.6,7.6,7.3,7.4,7.6,7.3,7.3,7.6,7.5,7.5,7.6,7.7,7.6,7.5,7.5,7.6,7.5,7.5,7.5,7.6,7.7,7.6,7.6,7.7,8.0,8.0,7.642857142857143,7.549999999999999,7.596666666666666
KPHL,N,0,KAPRUKA,2023-11-14,7.6,,,,,14,11,2023,50.0,-0.043988056179676605,-0.06375542697544068,0.019767370795764072,7.555,7.882510546234315,7.227489453765685,10.0,0.37142857142857155,0.37142857142857155,7.5,7.6,7.6,7.9,7.9,7.6,7.6,7.3,7.4,7.6,7.3,7.3,7.6,7.5,7.5,7.6,7.7,7.6,7.5,7.5,7.6,7.5,7.5,7.5,7.6,7.7,7.6,7.6,7.7,8.0,7.671428571428572,7.549999999999999,7.579999999999998
KPHL,N,0,KAPRUKA,2023-11-15,7.5,,,,,15,11,2023,54.54545454545455,-0.02339642675761322,-0.05568362693187519,0.03228720017426197,7.57,7.913970622980578,7.226029377019422,-10.0,0.3785714285714287,0.3785714285714287,7.5,7.5,7.6,7.6,7.9,7.9,7.6,7.6,7.3,7.4,7.6,7.3,7.3,7.6,7.5,7.5,7.6,7.7,7.6,7.5,7.5,7.6,7.5,7.5,7.5,7.6,7.7,7.6,7.6,7.7,7.6571428571428575,7.549999999999999,7.563333333333332
KPHL,N,0,KAPRUKA,2023-11-16,8.0,,,,,16,11,2023,63.15789473684211,-0.00699675781716369,-0.04594625310893289,0.0389494952917692,7.580000000000001,7.938945824969621,7.221054175030381,-2.0,0.3785714285714287,0.3785714285714287,7.8,7.5,7.5,7.6,7.6,7.9,7.9,7.6,7.6,7.3,7.4,7.6,7.3,7.3,7.6,7.5,7.5,7.6,7.7,7.6,7.5,7.5,7.6,7.5,7.5,7.5,7.6,7.7,7.6,7.6,7.685714285714285,7.564285714285714,7.5666666666666655
KPHL,N,0,KAPRUKA,2023-11-17,8.0,,,,,17,11,2023,54.54545454545455,-0.017999903145105023,-0.04035698311616732,0.022357079971062295,7.57,7.9260011827300945,7.213998817269906,5.0,0.40714285714285736,0.40714285714285736,7.8,7.8,7.5,7.5,7.6,7.6,7.9,7.9,7.6,7.6,7.3,7.4,7.6,7.3,7.3,7.6,7.5,7.5,7.6,7.7,7.6,7.5,7.5,7.6,7.5,7.5,7.5,7.6,7.7,7.6,7.671428571428572,7.6,7.573333333333333
KPHL,N,0,KAPRUKA,2023-11-20,7.7,,,,,20,11,2023,42.857142857142854,-0.042369889904659175,-0.040759564473865695,-0.00161032543079348,7.555,7.93042957851109,7.17957042148891,2.0,0.41428571428571453,0.41428571428571453,7.5,7.8,7.8,7.5,7.5,7.6,7.6,7.9,7.9,7.6,7.6,7.3,7.4,7.6,7.3,7.3,7.6,7.5,7.5,7.6,7.7,7.6,7.5,7.5,7.6,7.5,7.5,7.5,7.6,7.7,7.614285714285715,7.614285714285714,7.5699999999999985
KPHL,N,0,KAPRUKA,2023-11-21,7.6,,,,,21,11,2023,47.36842105263156,-0.06098033662619429,-0.04480371890433142,-0.016176617721862865,7.545,7.93689149948472,7.1531085005152795,-7.0,0.4214285714285717,0.4214285714285717,7.3,7.5,7.8,7.8,7.5,7.5,7.6,7.6,7.9,7.9,7.6,7.6,7.3,7.4,7.6,7.3,7.3,7.6,7.5,7.5,7.6,7.7,7.6,7.5,7.5,7.6,7.5,7.5,7.5,7.6,7.571428571428572,7.5928571428571425,7.556666666666667
KPHL,N,0,KAPRUKA,2023-11-22,7.6,,,,,22,11,2023,57.14285714285714,-0.05093461440943514,-0.04602989800535217,-0.004904716404082972,7.55,7.942025777884921,7.157974222115079,10.0,0.4214285714285717,0.4214285714285717,7.3,7.3,7.5,7.8,7.8,7.5,7.5,7.6,7.6,7.9,7.9,7.6,7.6,7.3,7.4,7.6,7.3,7.3,7.6,7.5,7.5,7.6,7.7,7.6,7.5,7.5,7.6,7.5,7.5,7.5,7.528571428571429,7.5857142857142845,7.546666666666666
KPHL,N,0,KAPRUKA,2023-11-23,7.7,,,,,23,11,2023,50.0,-0.04248358287881793,-0.04532063498004532,0.002837052101227394,7.55,7.942025777884921,7.157974222115079,-10.0,0.4142857142857146,0.4142857142857146,7.6,7.3,7.3,7.5,7.8,7.8,7.5,7.5,7.6,7.6,7.9,7.9,7.6,7.6,7.3,7.4,7.6,7.3,7.3,7.6,7.5,7.5,7.6,7.7,7.6,7.5,7.5,7.6,7.5,7.5,7.542857142857143,7.607142857142856,7.55
KPHL,N,0,KAPRUKA,2023-11-24,7.5,,,,,24,11,2023,47.36842105263159,-0.04335546891176634,-0.044927601766389526,0.0015721328546231886,7.56,7.935008771827181,7.1849912281728185,2.0,0.41428571428571453,0.41428571428571453,7.6,7.6,7.3,7.3,7.5,7.8,7.8,7.5,7.5,7.6,7.6,7.9,7.9,7.6,7.6,7.3,7.4,7.6,7.3,7.3,7.6,7.5,7.5,7.6,7.7,7.6,7.5,7.5,7.6,7.5,7.557142857142856,7.607142857142857,7.553333333333332
KPHL,N,0,KAPRUKA,2023-11-27,7.5,,,,,27,11,2023,33.333333333333314,-0.05949890704115113,-0.04784186282134185,-0.01165704421980928,7.5600000000000005,7.935008771827182,7.184991228172819,4.0,0.3714285714285716,0.3714285714285716,7.5,7.6,7.6,7.3,7.3,7.5,7.8,7.8,7.5,7.5,7.6,7.6,7.9,7.9,7.6,7.6,7.3,7.4,7.6,7.3,7.3,7.6,7.5,7.5,7.6,7.7,7.6,7.5,7.5,7.6,7.514285714285713,7.6000000000000005,7.553333333333332
KPHL,N,0,KAPRUKA,2023-11-28,7.2,,,,,28,11,2023,31.57894736842104,-0.07944605763207946,-0.05416270178348938,-0.02528335584859008,7.539999999999999,7.94730177613419,7.132698223865808,3.0,0.3714285714285716,0.3714285714285716,7.3,7.5,7.6,7.6,7.3,7.3,7.5,7.8,7.8,7.5,7.5,7.6,7.6,7.9,7.9,7.6,7.6,7.3,7.4,7.6,7.3,7.3,7.6,7.5,7.5,7.6,7.7,7.6,7.5,7.5,7.442857142857142,7.557142857142857,7.543333333333332
KPHL,N,0,KAPRUKA,2023-11-29,7.4,,,,,29,11,2023,33.33333333333333,-0.11012321484568854,-0.06535480439592922,-0.04476841044975932,7.5200000000000005,7.990609906621702,7.049390093378299,4.0,0.38571428571428584,0.38571428571428584,7.2,7.3,7.5,7.6,7.6,7.3,7.3,7.5,7.8,7.8,7.5,7.5,7.6,7.6,7.9,7.9,7.6,7.6,7.3,7.4,7.6,7.3,7.3,7.6,7.5,7.5,7.6,7.7,7.6,7.5,7.3999999999999995,7.507142857142855,7.533333333333332
KPHL,N,0,KAPRUKA,2023-11-30,7.4,,,,,30,11,2023,42.857142857142854,-0.10897143528546138,-0.07407813057383567,-0.03489330471162572,7.5200000000000005,7.990609906621702,7.049390093378299,-12.0,0.39285714285714296,0.39285714285714296,7.0,7.2,7.3,7.5,7.6,7.6,7.3,7.3,7.5,7.8,7.8,7.5,7.5,7.6,7.6,7.9,7.9,7.6,7.6,7.3,7.4,7.6,7.3,7.3,7.6,7.5,7.5,7.6,7.7,7.6,7.357142857142857,7.4642857142857135,7.516666666666666
KPHL,N,0,KAPRUKA,2023-12-01,7.2,,,,,1,12,2023,39.130434782608695,-0.13075882810539152,-0.08541427008014685,-0.045344558025244674,7.49,8.01274578706547,6.967254212934532,18.0,0.3857142857142858,0.3857142857142858,7.3,7.0,7.2,7.3,7.5,7.6,7.6,7.3,7.3,7.5,7.8,7.8,7.5,7.5,7.6,7.6,7.9,7.9,7.6,7.6,7.3,7.4,7.6,7.3,7.3,7.6,7.5,7.5,7.6,7.7,7.357142857142857,7.442857142857142,7.506666666666666
KPHL,N,0,KAPRUKA,2023-12-04,7.2,,,,,4,12,2023,48.14814814814815,-0.11442976176083075,-0.09121736841628364,-0.02321239334454711,7.480000000000001,8.001536192416173,6.958463807583829,9.0,0.4071428571428572,0.4071428571428572,7.0,7.3,7.0,7.2,7.3,7.5,7.6,7.6,7.3,7.3,7.5,7.8,7.8,7.5,7.5,7.6,7.6,7.9,7.9,7.6,7.6,7.3,7.4,7.6,7.3,7.3,7.6,7.5,7.5,7.6,7.271428571428571,7.407142857142857,7.483333333333333
KPHL,N,0,KAPRUKA,2023-12-05,7.6,,,,,5,12,2023,37.03703703703703,-0.12426391477565346,-0.09782667768815761,-0.026437237087495846,7.44,7.948454831611847,6.931545168388154,-27.0,0.4142857142857143,0.4142857142857143,7.4,7.0,7.3,7.0,7.2,7.3,7.5,7.6,7.6,7.3,7.3,7.5,7.8,7.8,7.5,7.5,7.6,7.6,7.9,7.9,7.6,7.6,7.3,7.4,7.6,7.3,7.3,7.6,7.5,7.5,7.242857142857142,7.3999999999999995,7.4766666666666675
KPHL,N,0,KAPRUKA,2023-12-06,7.6,,,,,6,12,2023,50.0,-0.07471216668440928,-0.09320377548740796,0.018491608802998688,7.435,7.926078297969681,6.943921702030318,12.0,0.44285714285714295,0.44285714285714295,7.1,7.4,7.0,7.3,7.0,7.2,7.3,7.5,7.6,7.6,7.3,7.3,7.5,7.8,7.8,7.5,7.5,7.6,7.6,7.9,7.9,7.6,7.6,7.3,7.4,7.6,7.3,7.3,7.6,7.5,7.185714285714285,7.349999999999999,7.463333333333334
KPHL,N,0,KAPRUKA,2023-12-07,7.6,,,,,7,12,2023,53.12500000000001,-0.04301535930027889,-0.08316609224998216,0.04015073294970327,7.44,7.940105252079852,6.939894747920149,-11.0,0.4071428571428572,0.4071428571428572,7.8,7.1,7.4,7.0,7.3,7.0,7.2,7.3,7.5,7.6,7.6,7.3,7.3,7.5,7.8,7.8,7.5,7.5,7.6,7.6,7.9,7.9,7.6,7.6,7.3,7.4,7.6,7.3,7.3,7.6,7.257142857142857,7.349999999999999,7.473333333333334
KPHL,N,0,KAPRUKA,2023-12-08,7.7,,,,,8,12,2023,56.66666666666667,-0.01769147477652755,-0.07007116875529124,0.052379693978763686,7.445,7.953765275213547,6.936234724786454,-3.0,0.3785714285714286,0.3785714285714286,7.7,7.8,7.1,7.4,7.0,7.3,7.0,7.2,7.3,7.5,7.6,7.6,7.3,7.3,7.5,7.8,7.8,7.5,7.5,7.6,7.6,7.9,7.9,7.6,7.6,7.3,7.4,7.6,7.3,7.3,7.328571428571428,7.364285714285713,7.476666666666668
KPHL,N,0,KAPRUKA,2023-12-11,7.2,,,,,11,12,2023,54.83870967741936,-0.005626420237672569,-0.057182219051767506,0.05155579881409494,7.45,7.962989176042536,6.937010823957464,7.0,0.38571428571428573,0.38571428571428573,7.7,7.7,7.8,7.1,7.4,7.0,7.3,7.0,7.2,7.3,7.5,7.6,7.6,7.3,7.3,7.5,7.8,7.8,7.5,7.5,7.6,7.6,7.9,7.9,7.6,7.6,7.3,7.4,7.6,7.3,7.428571428571428,7.3928571428571415,7.49
KPHL,N,0,KAPRUKA,2023-12-12,7.7,,,,,12,12,2023,48.27586206896552,-0.004086831408225855,-0.04656314152305918,0.04247631011483333,7.45,7.962989176042536,6.937010823957464,-2.0,0.4,0.4,7.6,7.7,7.7,7.8,7.1,7.4,7.0,7.3,7.0,7.2,7.3,7.5,7.6,7.6,7.3,7.3,7.5,7.8,7.8,7.5,7.5,7.6,7.6,7.9,7.9,7.6,7.6,7.3,7.4,7.6,7.471428571428571,7.414285714285713,7.5
KPHL,N,0,KAPRUKA,2023-12-13,7.7,,,,,13,12,2023,48.27586206896552,-0.0028340272665428046,-0.03781731867175591,0.034983291405213106,7.435,7.921772398992599,6.9482276010074004,-5.0,0.4,0.4,7.5,7.6,7.7,7.7,7.8,7.1,7.4,7.0,7.3,7.0,7.2,7.3,7.5,7.6,7.6,7.3,7.3,7.5,7.8,7.8,7.5,7.5,7.6,7.6,7.9,7.9,7.6,7.6,7.3,7.4,7.542857142857143,7.407142857142857,7.496666666666667
KPHL,N,0,KAPRUKA,2023-12-14,7.6,,,,,14,12,2023,50.0,-0.0018201889530704563,-0.030617892728018823,0.028797703774948367,7.419999999999999,7.8769924564619345,6.963007543538064,24.0,0.3928571428571429,0.3928571428571429,7.5,7.5,7.6,7.7,7.7,7.8,7.1,7.4,7.0,7.3,7.0,7.2,7.3,7.5,7.6,7.6,7.3,7.3,7.5,7.8,7.8,7.5,7.5,7.6,7.6,7.9,7.9,7.6,7.6,7.3,7.557142857142857,7.3999999999999995,7.500000000000001
KPHL,N,0,KAPRUKA,2023-12-15,7.7,,,,,15,12,2023,53.846153846153854,-0.0010051282920526816,-0.024695339840825593,0.023690211548772912,7.419999999999999,7.8769924564619345,6.963007543538064,-22.0,0.3857142857142858,0.3857142857142858,7.5,7.5,7.5,7.6,7.7,7.7,7.8,7.1,7.4,7.0,7.3,7.0,7.2,7.3,7.5,7.6,7.6,7.3,7.3,7.5,7.8,7.8,7.5,7.5,7.6,7.6,7.9,7.9,7.6,7.6,7.614285714285715,7.3999999999999995,7.506666666666666
KPHL,N,0,KAPRUKA,2023-12-18,7.7,,,,,18,12,2023,57.69230769230768,0.007622114428597726,-0.018231848986940934,0.02585396341553866,7.4350000000000005,7.895091524075671,6.97490847592433,6.0,0.3928571428571429,0.3928571428571429,7.5,7.5,7.5,7.5,7.6,7.7,7.7,7.8,7.1,7.4,7.0,7.3,7.0,7.2,7.3,7.5,7.6,7.6,7.3,7.3,7.5,7.8,7.8,7.5,7.5,7.6,7.6,7.9,7.9,7.6,7.571428571428572,7.414285714285714,7.503333333333333
KPHL,N,0,KAPRUKA,2023-12-19,7.9,,,,,19,12,2023,65.38461538461539,0.030248904429921453,-0.008535698303568456,0.03878460273348991,7.459999999999999,7.942973247597312,6.977026752402686,-5.0,0.37857142857142867,0.37857142857142867,7.6,7.5,7.5,7.5,7.5,7.6,7.7,7.7,7.8,7.1,7.4,7.0,7.3,7.0,7.2,7.3,7.5,7.6,7.6,7.3,7.3,7.5,7.8,7.8,7.5,7.5,7.6,7.6,7.9,7.9,7.557142857142858,7.442857142857143,7.503333333333333
KPHL,N,0,KAPRUKA,2023-12-20,7.8,,,,,20,12,2023,60.869565217391305,0.04763172959414952,0.0026977872759751395,0.04493394231817438,7.470000000000001,7.9730433694811085,6.966956630518893,1.0,0.3642857142857144,0.3642857142857144,7.8,7.6,7.5,7.5,7.5,7.5,7.6,7.7,7.7,7.8,7.1,7.4,7.0,7.3,7.0,7.2,7.3,7.5,7.6,7.6,7.3,7.3,7.5,7.8,7.8,7.5,7.5,7.6,7.6,7.9,7.571428571428571,7.5,7.500000000000001
KPHL,N,0,KAPRUKA,2023-12-21,7.8,,,,,21,12,2023,69.99999999999999,0.06070794042544936,0.014299817905869984,0.046408122519579376,7.4799999999999995,8.001536192416172,6.9584638075838265,-3.0,0.35714285714285726,0.35714285714285726,7.8,7.8,7.6,7.5,7.5,7.5,7.5,7.6,7.7,7.7,7.8,7.1,7.4,7.0,7.3,7.0,7.2,7.3,7.5,7.6,7.6,7.3,7.3,7.5,7.8,7.8,7.5,7.5,7.6,7.6,7.6000000000000005,7.535714285714286,7.496666666666667
KPHL,N,0,KAPRUKA,2023-12-22,7.6,,,,,22,12,2023,62.49999999999998,0.07026100657047962,0.025492055638791915,0.04476895093168771,7.495,8.03585701972835,6.95414298027165,0.0,0.32142857142857156,0.32142857142857156,7.8,7.8,7.8,7.6,7.5,7.5,7.5,7.5,7.6,7.7,7.7,7.8,7.1,7.4,7.0,7.3,7.0,7.2,7.3,7.5,7.6,7.6,7.3,7.3,7.5,7.8,7.8,7.5,7.5,7.6,7.642857142857143,7.5928571428571425,7.503333333333334
KPHL,N,0,KAPRUKA,2023-12-27,7.8,,,,,27,12,2023,52.63157894736843,0.0290816594582326,0.026209976402680055,0.002871683055552545,7.489999999999999,8.040215268876848,6.939784731123151,16.0,0.34285714285714297,0.34285714285714297,7.8,7.8,7.8,7.8,7.6,7.5,7.5,7.5,7.5,7.6,7.7,7.7,7.8,7.1,7.4,7.0,7.3,7.0,7.2,7.3,7.5,7.6,7.6,7.3,7.3,7.5,7.8,7.8,7.5,7.5,7.685714285714285,7.621428571428571,7.510000000000001
KPHL,N,0,KAPRUKA,2023-12-28,7.6,,,,,28,12,2023,47.05882352941177,0.03637326317988254,0.028242633758120556,0.008130629421761987,7.515000000000001,8.055077967080937,6.974922032919065,-10.0,0.3357142857142858,0.3357142857142858,7.2,7.8,7.8,7.8,7.8,7.6,7.5,7.5,7.5,7.5,7.6,7.7,7.7,7.8,7.1,7.4,7.0,7.3,7.0,7.2,7.3,7.5,7.6,7.6,7.3,7.3,7.5,7.8,7.8,7.5,7.642857142857143,7.628571428571428,7.500000000000002
KPHL,N,0,KAPRUKA,2023-12-29,7.7,,,,,29,12,2023,44.444444444444436,0.02571713204237369,0.027737533414971184,-0.0020204013725974926,7.540000000000001,8.022973247597317,7.057026752402685,-2.0,0.3357142857142858,0.3357142857142858,7.7,7.2,7.8,7.8,7.8,7.8,7.6,7.5,7.5,7.5,7.5,7.6,7.7,7.7,7.8,7.1,7.4,7.0,7.3,7.0,7.2,7.3,7.5,7.6,7.6,7.3,7.3,7.5,7.8,7.8,7.671428571428571,7.621428571428572,7.506666666666667
