COMPANY ID,MAIN TYPE,SUB TYPE,SHORT NAME,TRADING DATE,OPEN PRICE (Rs.),Date,Month,Year,RSI_14,MACD_Line,MACD_Signal,MACD_Hist,BB_Mid,BB_Upper,BB_Lower,Volume_Change,ATR,ATR_14,CLOSE PRICE (Lag 1),CLOSE PRICE (Lag 2),CLOSE PRICE (Lag 3),CLOSE PRICE (Lag 4),CLOSE PRICE (Lag 5),CLOSE PRICE (Lag 6),CLOSE PRICE (Lag 7),CLOSE PRICE (Lag 8),CLOSE PRICE (Lag 9),CLOSE PRICE (Lag 10),CLOSE PRICE (Lag 11),CLOSE PRICE (Lag 12),CLOSE PRICE (Lag 13),CLOSE PRICE (Lag 14),CLOSE PRICE (Lag 15),CLOSE PRICE (Lag 16),CLOSE PRICE (Lag 17),CLOSE PRICE (Lag 18),CLOSE PRICE (Lag 19),CLOSE PRICE (Lag 20),CLOSE PRICE (Lag 21),CLOSE PRICE (Lag 22),CLOSE PRICE (Lag 23),CLOSE PRICE (Lag 24),CLOSE PRICE (Lag 25),CLOSE PRICE (Lag 26),CLOSE PRICE (Lag 27),CLOSE PRICE (Lag 28),CLOSE PRICE (Lag 29),CLOSE PRICE (Lag 30),MA_7,MA_14,MA_30, MAIN TYPE 
KPHL,N,0,KAPRUKA ,2022-02-24,13.1,24,2,2022,4.444444444444471,-1.5417640709560612,-1.442068915829669,-0.09969515512639227,15.429999999999998,18.015058280927054,12.844941719072944,-9.0,0.7785714285714288,0.7785714285714288,13.1,13.8,14.8,15.0,15.3,15.1,15.1,15.1,15.1,15.3,15.3,15.6,16.0,16.6,16.7,16.7,17.1,17.2,17.2,17.2,17.7,18.6,18.6,18.8,20.0,20.0,20.1,20.1,20.7,22.3,14.599999999999998,15.085714285714287,17.006666666666668,
KPHL,N,0,KAPRUKA ,2022-02-25,12.4,25,2,2022,17.7777777777778,-1.5446845045409834,-1.4625920335719318,-0.08209247096905159,15.225,17.868661734870994,12.581338265129006,6.0,0.8142857142857144,0.8142857142857144,12.5,13.1,13.8,14.8,15.0,15.3,15.1,15.1,15.1,15.1,15.3,15.3,15.6,16.0,16.6,16.7,16.7,17.1,17.2,17.2,17.2,17.7,18.6,18.6,18.8,20.0,20.0,20.1,20.1,20.7,14.228571428571428,14.792857142857144,16.68,
KPHL,N,0,KAPRUKA ,2022-02-28,13.7,28,2,2022,26.66666666666667,-1.4974605194061983,-1.4695657307387853,-0.027894788667413017,15.040000000000001,17.618779801215677,12.461220198784325,-28.0,0.8,0.8,13.1,12.5,13.1,13.8,14.8,15.0,15.3,15.1,15.1,15.1,15.1,15.3,15.3,15.6,16.0,16.6,16.7,16.7,17.1,17.2,17.2,17.2,17.7,18.6,18.6,18.8,20.0,20.0,20.1,20.1,13.942857142857141,14.585714285714287,16.42666666666667,
KPHL,N,0,KAPRUKA ,2022-03-02,13.2,2,3,2022,25.000000000000014,-1.4912598413728908,-1.4739045528656063,-0.017355288507284516,14.829999999999998,17.386395488717834,12.273604511282162,-11.0,0.7999999999999999,0.7999999999999999,13.5,13.1,12.5,13.1,13.8,14.8,15.0,15.3,15.1,15.1,15.1,15.1,15.3,15.3,15.6,16.0,16.6,16.7,16.7,17.1,17.2,17.2,17.2,17.7,18.6,18.6,18.8,20.0,20.0,20.1,13.685714285714285,14.435714285714287,16.206666666666667,
KPHL,N,0,KAPRUKA ,2022-03-03,13.1,3,3,2022,24.0,-1.4853617621003803,-1.4761959947125611,-0.009165767387819157,14.63,17.196258796483,12.063741203517,-2.0,0.7428571428571429,0.7428571428571429,12.9,13.5,13.1,12.5,13.1,13.8,14.8,15.0,15.3,15.1,15.1,15.1,15.1,15.3,15.3,15.6,16.0,16.6,16.7,16.7,17.1,17.2,17.2,17.2,17.7,18.6,18.6,18.8,20.0,20.0,13.385714285714284,14.264285714285714,15.966666666666667,
KPHL,N,0,KAPRUKA ,2022-03-04,12.7,4,3,2022,24.0,-1.4797679762076683,-1.4769103910115826,-0.002857585196085699,14.419999999999998,16.96028593500397,11.879714064996026,2.0,0.7428571428571428,0.7428571428571428,12.7,12.9,13.5,13.1,12.5,13.1,13.8,14.8,15.0,15.3,15.1,15.1,15.1,15.1,15.3,15.3,15.6,16.0,16.6,16.7,16.7,17.1,17.2,17.2,17.2,17.7,18.6,18.6,18.8,20.0,13.085714285714285,14.078571428571427,15.723333333333333,
KPHL,N,0,KAPRUKA ,2022-03-07,12.5,7,3,2022,21.052631578947384,-1.5143623835429203,-1.4844007895178501,-0.02996159402507015,14.179999999999998,16.759759270695017,11.600240729304979,27.0,0.7857142857142856,0.7857142857142856,12.5,12.7,12.9,13.5,13.1,12.5,13.1,13.8,14.8,15.0,15.3,15.1,15.1,15.1,15.1,15.3,15.3,15.6,16.0,16.6,16.7,16.7,17.1,17.2,17.2,17.2,17.7,18.6,18.6,18.8,12.9,13.89285714285714,15.473333333333334,
KPHL,N,0,KAPRUKA ,2022-03-08,11.6,8,3,2022,18.461538461538467,-1.5880262367709062,-1.5051258789684614,-0.08290035780244476,13.929999999999998,16.727066132104937,11.13293386789506,5.0,0.8785714285714283,0.8785714285714283,11.8,12.5,12.7,12.9,13.5,13.1,12.5,13.1,13.8,14.8,15.0,15.3,15.1,15.1,15.1,15.1,15.3,15.3,15.6,16.0,16.6,16.7,16.7,17.1,17.2,17.2,17.2,17.7,18.6,18.6,12.714285714285714,13.657142857142858,15.24,
KPHL,N,0,KAPRUKA ,2022-03-09,11.0,9,3,2022,18.181818181818187,-1.6356201247783488,-1.531224728130439,-0.10439539664790987,13.695000000000002,16.6844375461122,10.705562453887804,-30.0,0.8928571428571426,0.8928571428571426,11.0,11.8,12.5,12.7,12.9,13.5,13.1,12.5,13.1,13.8,14.8,15.0,15.3,15.1,15.1,15.1,15.1,15.3,15.3,15.6,16.0,16.6,16.7,16.7,17.1,17.2,17.2,17.2,17.7,18.6,12.5,13.364285714285714,14.986666666666668,
KPHL,N,0,KAPRUKA ,2022-03-10,11.5,10,3,2022,16.92307692307692,-1.6462920299149104,-1.5542381884873335,-0.09205384142757689,13.48,16.599109184569084,10.360890815430917,1.0,0.8714285714285711,0.8714285714285711,10.9,11.0,11.8,12.5,12.7,12.9,13.5,13.1,12.5,13.1,13.8,14.8,15.0,15.3,15.1,15.1,15.1,15.1,15.3,15.3,15.6,16.0,16.6,16.7,16.7,17.1,17.2,17.2,17.2,17.7,12.185714285714287,13.064285714285717,14.729999999999997,
KPHL,N,0,KAPRUKA ,2022-03-11,11.0,11,3,2022,15.277777777777771,-1.7156641261909655,-1.58652337602806,-0.1291407501629056,13.215,16.5743702417347,9.855629758265296,53.0,0.9071428571428568,0.9071428571428568,11.0,10.9,11.0,11.8,12.5,12.7,12.9,13.5,13.1,12.5,13.1,13.8,14.8,15.0,15.3,15.1,15.1,15.1,15.1,15.3,15.3,15.6,16.0,16.6,16.7,16.7,17.1,17.2,17.2,17.2,11.828571428571431,12.757142857142858,14.506666666666666,
KPHL,N,0,KAPRUKA ,2022-03-14,10.0,14,3,2022,15.714285714285708,-1.750463755738405,-1.619311451970129,-0.13115230376827602,12.959999999999999,16.486978727943857,9.433021272056141,-74.0,0.8928571428571426,0.8928571428571426,10.0,11.0,10.9,11.0,11.8,12.5,12.7,12.9,13.5,13.1,12.5,13.1,13.8,14.8,15.0,15.3,15.1,15.1,15.1,15.1,15.3,15.3,15.6,16.0,16.6,16.7,16.7,17.1,17.2,17.2,11.414285714285715,12.400000000000002,14.266666666666667,
KPHL,N,0,KAPRUKA ,2022-03-15,10.0,15,3,2022,17.460317460317455,-1.781711741785676,-1.6517915099332385,-0.1299202318524375,12.690000000000001,16.351406114710873,9.02859388528913,9.0,0.8428571428571426,0.8428571428571426,10.0,10.0,11.0,10.9,11.0,11.8,12.5,12.7,12.9,13.5,13.1,12.5,13.1,13.8,14.8,15.0,15.3,15.1,15.1,15.1,15.1,15.3,15.3,15.6,16.0,16.6,16.7,16.7,17.1,17.2,11.028571428571428,12.057142857142859,14.026666666666667,
KPHL,N,0,KAPRUKA ,2022-03-16,9.9,16,3,2022,18.33333333333333,-1.817798206731137,-1.6849928492928183,-0.13280535743831856,12.4,16.17470807515384,8.62529192484616,7.0,0.7999999999999998,0.7999999999999998,9.7,10.0,10.0,11.0,10.9,11.0,11.8,12.5,12.7,12.9,13.5,13.1,12.5,13.1,13.8,14.8,15.0,15.3,15.1,15.1,15.1,15.1,15.3,15.3,15.6,16.0,16.6,16.7,16.7,17.1,10.62857142857143,11.764285714285716,13.776666666666669,
KPHL,N,0,KAPRUKA ,2022-03-18,9.5,18,3,2022,21.818181818181813,-1.8173782210703884,-1.7114699236483324,-0.10590829742205599,12.114999999999998,15.892091612951903,8.337908387048094,-16.0,0.7357142857142855,0.7357142857142855,9.3,9.7,10.0,10.0,11.0,10.9,11.0,11.8,12.5,12.7,12.9,13.5,13.1,12.5,13.1,13.8,14.8,15.0,15.3,15.1,15.1,15.1,15.1,15.3,15.3,15.6,16.0,16.6,16.7,16.7,10.271428571428572,11.492857142857144,13.51666666666667,
KPHL,N,0,KAPRUKA ,2022-03-21,9.6,21,3,2022,13.999999999999986,-1.7883611015803957,-1.726848159234745,-0.061512942345650634,11.825,15.460425118122187,8.189574881877812,19.0,0.6714285714285712,0.6714285714285712,9.4,9.3,9.7,10.0,10.0,11.0,10.9,11.0,11.8,12.5,12.7,12.9,13.5,13.1,12.5,13.1,13.8,14.8,15.0,15.3,15.1,15.1,15.1,15.1,15.3,15.3,15.6,16.0,16.6,16.7,10.042857142857144,11.271428571428572,13.273333333333335,
KPHL,N,0,KAPRUKA ,2022-03-22,9.5,22,3,2022,6.382978723404236,-1.753223915637177,-1.7321233105152314,-0.02110060512194556,11.545,15.009390278245226,8.080609721754774,20.0,0.6714285714285712,0.6714285714285712,9.5,9.4,9.3,9.7,10.0,10.0,11.0,10.9,11.0,11.8,12.5,12.7,12.9,13.5,13.1,12.5,13.1,13.8,14.8,15.0,15.3,15.1,15.1,15.1,15.1,15.3,15.3,15.6,16.0,16.6,9.842857142857143,11.014285714285714,13.033333333333337,
KPHL,N,0,KAPRUKA ,2022-03-23,9.4,23,3,2022,6.666666666666643,-1.7376238535376487,-1.733223419119715,-0.004400434417933807,11.254999999999999,14.538435299868276,7.971564700131722,71.0,0.664285714285714,0.664285714285714,9.4,9.5,9.4,9.3,9.7,10.0,10.0,11.0,10.9,11.0,11.8,12.5,12.7,12.9,13.5,13.1,12.5,13.1,13.8,14.8,15.0,15.3,15.1,15.1,15.1,15.1,15.3,15.3,15.6,16.0,9.614285714285714,10.721428571428573,12.793333333333335,
KPHL,N,0,KAPRUKA ,2022-03-24,9.1,24,3,2022,9.090909090909065,-1.6976223934478476,-1.7261032139853414,0.02848082053749379,11.02,14.207871753347286,7.832128246652713,-103.0,0.6571428571428569,0.6571428571428569,9.0,9.4,9.5,9.4,9.3,9.7,10.0,10.0,11.0,10.9,11.0,11.8,12.5,12.7,12.9,13.5,13.1,12.5,13.1,13.8,14.8,15.0,15.3,15.1,15.1,15.1,15.1,15.3,15.3,15.6,9.471428571428572,10.442857142857141,12.560000000000004,
KPHL,N,0,KAPRUKA ,2022-03-25,9.3,25,3,2022,9.302325581395323,-1.6549133019991658,-1.7118652315881064,0.056951929588940686,10.815,13.966791470526601,7.663208529473398,38.0,0.6714285714285714,0.6714285714285714,9.1,9.0,9.4,9.5,9.4,9.3,9.7,10.0,10.0,11.0,10.9,11.0,11.8,12.5,12.7,12.9,13.5,13.1,12.5,13.1,13.8,14.8,15.0,15.3,15.1,15.1,15.1,15.1,15.3,15.3,9.342857142857143,10.185714285714287,12.343333333333337,
KPHL,N,0,KAPRUKA ,2022-03-28,8.8,28,3,2022,11.111111111111072,-1.6025923522658783,-1.690010655723661,0.08741830345778268,10.639999999999999,13.786526907392878,7.49347309260712,-14.0,0.6285714285714284,0.6285714285714284,9.0,9.1,9.0,9.4,9.5,9.4,9.3,9.7,10.0,10.0,11.0,10.9,11.0,11.8,12.5,12.7,12.9,13.5,13.1,12.5,13.1,13.8,14.8,15.0,15.3,15.1,15.1,15.1,15.1,15.3,9.242857142857144,9.935714285714287,12.133333333333336,
KPHL,N,0,KAPRUKA ,2022-03-29,9.1,29,3,2022,17.241379310344797,-1.5353597864946025,-1.6590804818778493,0.12372069538324681,10.44,13.432903888234728,7.447096111765271,-13.0,0.5857142857142856,0.5857142857142856,9.0,9.0,9.1,9.0,9.4,9.5,9.4,9.3,9.7,10.0,10.0,11.0,10.9,11.0,11.8,12.5,12.7,12.9,13.5,13.1,12.5,13.1,13.8,14.8,15.0,15.3,15.1,15.1,15.1,15.1,9.200000000000001,9.735714285714286,11.923333333333337,
KPHL,N,0,KAPRUKA ,2022-03-30,8.7,30,3,2022,13.888888888888843,-1.5290053855456591,-1.6330654626114112,0.10406007706575204,10.18,12.948697204557831,7.411302795442168,36.0,0.6357142857142856,0.6357142857142856,9.1,9.0,9.0,9.1,9.0,9.4,9.5,9.4,9.3,9.7,10.0,10.0,11.0,10.9,11.0,11.8,12.5,12.7,12.9,13.5,13.1,12.5,13.1,13.8,14.8,15.0,15.3,15.1,15.1,15.1,9.157142857142857,9.6,11.723333333333336,
KPHL,N,0,KAPRUKA ,2022-03-31,8.5,31,3,2022,8.333333333333314,-1.6103060071891306,-1.6285135715269552,0.018207564337824556,9.885,12.690464592353182,7.0795354076468175,39.0,0.7714285714285714,0.7714285714285714,8.3,9.1,9.0,9.0,9.1,9.0,9.4,9.5,9.4,9.3,9.7,10.0,10.0,11.0,10.9,11.0,11.8,12.5,12.7,12.9,13.5,13.1,12.5,13.1,13.8,14.8,15.0,15.3,15.1,15.1,8.985714285714286,9.414285714285715,11.49666666666667,
KPHL,N,0,KAPRUKA ,2022-06-06,7.9,6,6,2022,49.01960784313726,0.045361185306783014,0.17579150759676676,-0.13043032228998375,8.375,9.513558645601398,7.236441354398602,-3.0,0.6357142857142859,0.6357142857142859,8.1,7.3,8.3,8.8,8.9,8.7,8.8,9.0,9.1,9.5,8.7,8.5,8.5,8.0,8.2,7.8,7.5,8.0,7.9,7.1,7.7,7.9,7.9,7.8,7.9,9.1,8.6,9.2,9.1,7.4,8.414285714285713,8.585714285714285,8.309999999999999,
KPHL,N,0,KAPRUKA ,2022-06-07,7.8,7,6,2022,37.037037037037045,-0.05347449624659717,0.12993830682809399,-0.18341280307469116,8.334999999999999,9.593696067155882,7.076303932844116,19.0,0.6500000000000002,0.6500000000000002,7.9,8.1,7.3,8.3,8.8,8.9,8.7,8.8,9.0,9.1,9.5,8.7,8.5,8.5,8.0,8.2,7.8,7.5,8.0,7.9,7.1,7.7,7.9,7.9,7.8,7.9,9.1,8.6,9.2,9.1,8.285714285714286,8.57857142857143,8.326666666666666,
KPHL,N,0,KAPRUKA ,2022-06-08,7.5,8,6,2022,42.37288135593221,-0.09041442343233186,0.08586776077600881,-0.1762821842083407,8.315000000000001,9.608343280844366,7.021656719155636,-8.0,0.6642857142857146,0.6642857142857146,7.1,7.9,8.1,7.3,8.3,8.8,8.9,8.7,8.8,9.0,9.1,9.5,8.7,8.5,8.5,8.0,8.2,7.8,7.5,8.0,7.9,7.1,7.7,7.9,7.9,7.8,7.9,9.1,8.6,9.2,8.057142857142857,8.478571428571428,8.26,
KPHL,N,0,KAPRUKA ,2022-06-09,7.6,9,6,2022,38.98305084745764,-0.13428001398033018,0.041838205824741015,-0.1761182198050712,8.309999999999999,9.617307397507927,7.002692602492071,0.0,0.6428571428571431,0.6428571428571431,7.6,7.1,7.9,8.1,7.3,8.3,8.8,8.9,8.7,8.8,9.0,9.1,9.5,8.7,8.5,8.5,8.0,8.2,7.8,7.5,8.0,7.9,7.1,7.7,7.9,7.9,7.8,7.9,9.1,8.6,7.871428571428571,8.414285714285715,8.206666666666667,
KPHL,N,0,KAPRUKA ,2022-06-10,7.5,10,6,2022,28.301886792452834,-0.18307180128739198,-0.0031437955976855864,-0.1799280056897064,8.28,9.661989412709847,6.898010587290152,18.0,0.6214285714285717,0.6214285714285717,7.4,7.6,7.1,7.9,8.1,7.3,8.3,8.8,8.9,8.7,8.8,9.0,9.1,9.5,8.7,8.5,8.5,8.0,8.2,7.8,7.5,8.0,7.9,7.1,7.7,7.9,7.9,7.8,7.9,9.1,7.671428571428572,8.321428571428571,8.166666666666666,
KPHL,N,0,KAPRUKA ,2022-06-13,7.5,13,6,2022,32.0,-0.2112354887640091,-0.044762134230950296,-0.1664733545330588,8.235,9.684900178052196,6.785099821947803,-24.0,0.6071428571428574,0.6071428571428574,7.2,7.4,7.6,7.1,7.9,8.1,7.3,8.3,8.8,8.9,8.7,8.8,9.0,9.1,9.5,8.7,8.5,8.5,8.0,8.2,7.8,7.5,8.0,7.9,7.1,7.7,7.9,7.9,7.8,7.9,7.514285714285714,8.157142857142857,8.103333333333333,
KPHL,N,0,KAPRUKA ,2022-06-15,7.5,15,6,2022,32.65306122448979,-0.23089381383812047,-0.08198847015238434,-0.14890534368573613,8.2,9.706477243177117,6.6935227568228814,10.0,0.6071428571428574,0.6071428571428574,7.3,7.2,7.4,7.6,7.1,7.9,8.1,7.3,8.3,8.8,8.9,8.7,8.8,9.0,9.1,9.5,8.7,8.5,8.5,8.0,8.2,7.8,7.5,8.0,7.9,7.1,7.7,7.9,7.9,7.8,7.514285714285714,8.028571428571428,8.083333333333334,
KPHL,N,0,KAPRUKA ,2022-06-16,7.0,16,6,2022,34.04255319148936,-0.24366436694361404,-0.11432364951063029,-0.12934071743298375,8.14,9.691094689837506,6.588905310162494,-11.0,0.5928571428571431,0.5928571428571431,7.3,7.3,7.2,7.4,7.6,7.1,7.9,8.1,7.3,8.3,8.8,8.9,8.7,8.8,9.0,9.1,9.5,8.7,8.5,8.5,8.0,8.2,7.8,7.5,8.0,7.9,7.1,7.7,7.9,7.9,7.4,7.9071428571428575,8.066666666666666,
KPHL,N,0,KAPRUKA ,2022-06-17,7.4,17,6,2022,32.653061224489804,-0.27482460807249254,-0.14642384122300273,-0.1284007668494898,8.065000000000001,9.686273054050268,6.443726945949735,0.0,0.585714285714286,0.585714285714286,7.3,7.3,7.3,7.2,7.4,7.6,7.1,7.9,8.1,7.3,8.3,8.8,8.9,8.7,8.8,9.0,9.1,9.5,8.7,8.5,8.5,8.0,8.2,7.8,7.5,8.0,7.9,7.1,7.7,7.9,7.314285714285715,7.8,8.046666666666667,
KPHL,N,0,KAPRUKA ,2022-06-20,7.0,20,6,2022,32.65306122448979,-0.28015158208432034,-0.17316938939526627,-0.10698219268905407,7.99,9.626298775960715,6.353701224039286,1.0,0.542857142857143,0.542857142857143,7.0,7.3,7.3,7.3,7.2,7.4,7.6,7.1,7.9,8.1,7.3,8.3,8.8,8.9,8.7,8.8,9.0,9.1,9.5,8.7,8.5,8.5,8.0,8.2,7.8,7.5,8.0,7.9,7.1,7.7,7.3,7.678571428571429,8.016666666666667,
KPHL,N,0,KAPRUKA ,2022-06-21,7.1,21,6,2022,32.65306122448979,-0.28910973457695643,-0.1963574584316043,-0.09275227614535214,7.87,9.387754574155,6.352245425845,-2.0,0.5285714285714287,0.5285714285714287,7.2,7.0,7.3,7.3,7.3,7.2,7.4,7.6,7.1,7.9,8.1,7.3,8.3,8.8,8.9,8.7,8.8,9.0,9.1,9.5,8.7,8.5,8.5,8.0,8.2,7.8,7.5,8.0,7.9,7.1,7.242857142857143,7.557142857142856,8.0,
KPHL,N,0,KAPRUKA ,2022-06-22,7.1,22,6,2022,35.55555555555554,-0.3008107402668907,-0.21724811479866157,-0.08356262546822912,7.764999999999999,9.213447444679993,6.316552555320005,-1.0,0.4928571428571429,0.4928571428571429,7.1,7.2,7.0,7.3,7.3,7.3,7.2,7.4,7.6,7.1,7.9,8.1,7.3,8.3,8.8,8.9,8.7,8.8,9.0,9.1,9.5,8.7,8.5,8.5,8.0,8.2,7.8,7.5,8.0,7.9,7.2,7.435714285714285,8.000000000000002,
KPHL,N,0,KAPRUKA ,2022-06-23,7.2,23,6,2022,47.222222222222214,-0.2985729442659366,-0.23351308069211657,-0.06505986357382004,7.669999999999999,9.023513945255091,6.316486054744907,2.0,0.41428571428571426,0.41428571428571426,7.0,7.1,7.2,7.0,7.3,7.3,7.3,7.2,7.4,7.6,7.1,7.9,8.1,7.3,8.3,8.8,8.9,8.7,8.8,9.0,9.1,9.5,8.7,8.5,8.5,8.0,8.2,7.8,7.5,8.0,7.171428571428571,7.342857142857142,7.970000000000001,
KPHL,N,0,KAPRUKA ,2022-06-24,7.2,24,6,2022,38.70967741935485,-0.2694855206838094,-0.24070756869045515,-0.02877795199335423,7.6,8.848156535392139,6.351843464607859,5.0,0.3785714285714286,0.3785714285714286,7.1,7.0,7.1,7.2,7.0,7.3,7.3,7.3,7.2,7.4,7.6,7.1,7.9,8.1,7.3,8.3,8.8,8.9,8.7,8.8,9.0,9.1,9.5,8.7,8.5,8.5,8.0,8.2,7.8,7.5,7.1428571428571415,7.328571428571428,7.94,
KPHL,N,0,KAPRUKA ,2022-06-27,7.3,27,6,2022,41.379310344827594,-0.2436251686387374,-0.2412910886801116,-0.0023340799586258065,7.534999999999999,8.6724486685931,6.397551331406899,-10.0,0.3714285714285715,0.3714285714285715,7.4,7.1,7.0,7.1,7.2,7.0,7.3,7.3,7.3,7.2,7.4,7.6,7.1,7.9,8.1,7.3,8.3,8.8,8.9,8.7,8.8,9.0,9.1,9.5,8.7,8.5,8.5,8.0,8.2,7.8,7.1571428571428575,7.278571428571429,7.9366666666666665,
KPHL,N,0,KAPRUKA ,2022-06-28,6.8,28,6,2022,52.17391304347828,-0.2365422698155184,-0.24034132490719295,0.0037990550916745525,7.45,8.395905302926922,6.5040946970730795,25.0,0.3642857142857143,0.3642857142857143,7.4,7.4,7.1,7.0,7.1,7.2,7.0,7.3,7.3,7.3,7.2,7.4,7.6,7.1,7.9,8.1,7.3,8.3,8.8,8.9,8.7,8.8,9.0,9.1,9.5,8.7,8.5,8.5,8.0,8.2,7.171428571428572,7.242857142857142,7.923333333333333,
KPHL,N,0,KAPRUKA ,2022-06-29,7.5,29,6,2022,47.61904761904763,-0.2043657277766373,-0.23314620548108184,0.02878047770444453,7.385,8.087701553779567,6.682298446220433,-17.0,0.35714285714285715,0.35714285714285715,7.2,7.4,7.4,7.1,7.0,7.1,7.2,7.0,7.3,7.3,7.3,7.2,7.4,7.6,7.1,7.9,8.1,7.3,8.3,8.8,8.9,8.7,8.8,9.0,9.1,9.5,8.7,8.5,8.5,8.0,7.200000000000001,7.25,7.89,
KPHL,N,0,KAPRUKA ,2022-06-30,7.5,30,6,2022,57.14285714285714,-0.16087281617607108,-0.2186915276200797,0.05781871144400863,7.3549999999999995,7.933473490271918,6.776526509728081,14.0,0.35714285714285715,0.35714285714285715,7.5,7.2,7.4,7.4,7.1,7.0,7.1,7.2,7.0,7.3,7.3,7.3,7.2,7.4,7.6,7.1,7.9,8.1,7.3,8.3,8.8,8.9,8.7,8.8,9.0,9.1,9.5,8.7,8.5,8.5,7.242857142857143,7.242857142857143,7.873333333333333,
KPHL,N,0,KAPRUKA ,2022-08-16,10.0,16,8,2022,80.76923076923077,0.44866597993683577,0.3311185576043254,0.11754742233251037,9.005,10.105191370913069,7.904808629086934,8.0,0.38571428571428584,0.38571428571428584,10.1,9.8,9.6,9.3,9.1,9.0,9.0,9.2,9.0,8.6,8.6,8.5,8.8,8.5,8.5,8.9,8.9,8.5,8.1,8.2,8.3,8.2,8.1,8.0,7.5,7.9,7.5,7.5,7.5,8.0,9.414285714285715,9.078571428571427,8.556666666666667,
KPHL,N,0,KAPRUKA ,2022-08-17,10.3,17,8,2022,75.0,0.46337257394164055,0.3575693608717884,0.10580321306985213,9.1,10.199282062362327,8.000717937637672,-40.0,0.39285714285714296,0.39285714285714296,10.1,10.1,9.8,9.6,9.3,9.1,9.0,9.0,9.2,9.0,8.6,8.6,8.5,8.8,8.5,8.5,8.9,8.9,8.5,8.1,8.2,8.3,8.2,8.1,8.0,7.5,7.9,7.5,7.5,7.5,9.571428571428571,9.192857142857141,8.626666666666665,
KPHL,N,0,KAPRUKA ,2022-08-18,10.2,18,8,2022,85.71428571428575,0.4696142350685779,0.37997833571114636,0.08963589935743155,9.175,10.306138225068235,8.043861774931766,6.0,0.3785714285714286,0.3785714285714286,10.0,10.1,10.1,9.8,9.6,9.3,9.1,9.0,9.0,9.2,9.0,8.6,8.6,8.5,8.8,8.5,8.5,8.9,8.9,8.5,8.1,8.2,8.3,8.2,8.1,8.0,7.5,7.9,7.5,7.5,9.714285714285714,9.278571428571427,8.709999999999999,
KPHL,N,0,KAPRUKA ,2022-08-19,10.0,19,8,2022,87.50000000000003,0.5010615281444544,0.404194974197808,0.0968665539466464,9.25,10.497312901273853,8.002687098726147,16.0,0.4071428571428572,0.4071428571428572,10.0,10.0,10.1,10.1,9.8,9.6,9.3,9.1,9.0,9.0,9.2,9.0,8.6,8.6,8.5,8.8,8.5,8.5,8.9,8.9,8.5,8.1,8.2,8.3,8.2,8.1,8.0,7.5,7.9,7.5,9.842857142857143,9.385714285714286,8.793333333333331,
KPHL,N,0,KAPRUKA ,2022-08-22,10.4,22,8,2022,87.50000000000003,0.519989617840432,0.4273539029263328,0.09263571491409917,9.325,10.660940433591724,7.989059566408274,1.0,0.45000000000000007,0.45000000000000007,10.4,10.0,10.0,10.1,10.1,9.8,9.6,9.3,9.1,9.0,9.0,9.2,9.0,8.6,8.6,8.5,8.8,8.5,8.5,8.9,8.9,8.5,8.1,8.2,8.3,8.2,8.1,8.0,7.5,7.9,10.0,9.514285714285714,8.889999999999997,
KPHL,N,0,KAPRUKA ,2022-08-23,10.5,23,8,2022,85.71428571428575,0.536870718111178,0.4492572659633019,0.08761345214787614,9.425,10.799772708486746,8.050227291513256,-22.0,0.42857142857142855,0.42857142857142855,10.4,10.4,10.0,10.0,10.1,10.1,9.8,9.6,9.3,9.1,9.0,9.0,9.2,9.0,8.6,8.6,8.5,8.8,8.5,8.5,8.9,8.9,8.5,8.1,8.2,8.3,8.2,8.1,8.0,7.5,10.114285714285714,9.642857142857142,8.973333333333331,
KPHL,N,0,KAPRUKA ,2022-08-24,10.5,24,8,2022,85.71428571428575,0.5599328825043699,0.4713923892715155,0.0885404932328544,9.535,10.94962288074837,8.12037711925163,32.0,0.4928571428571429,0.4928571428571429,10.5,10.4,10.4,10.0,10.0,10.1,10.1,9.8,9.6,9.3,9.1,9.0,9.0,9.2,9.0,8.6,8.6,8.5,8.8,8.5,8.5,8.9,8.9,8.5,8.1,8.2,8.3,8.2,8.1,8.0,10.214285714285714,9.749999999999998,9.073333333333334,
KPHL,N,0,KAPRUKA ,2022-08-25,11.4,25,8,2022,90.00000000000003,0.5636433203337461,0.4898425754839616,0.0738007448497845,9.625,11.07141116670118,8.17858883329882,-23.0,0.5428571428571429,0.5428571428571429,10.7,10.5,10.4,10.4,10.0,10.0,10.1,10.1,9.8,9.6,9.3,9.1,9.0,9.0,9.2,9.0,8.6,8.6,8.5,8.8,8.5,8.5,8.9,8.9,8.5,8.1,8.2,8.3,8.2,8.1,10.299999999999999,9.857142857142858,9.163333333333332,
KPHL,N,0,KAPRUKA ,2022-08-26,11.0,26,8,2022,81.81818181818187,0.5441726568629282,0.5007085917597549,0.043464065103173244,9.72,11.103511930977781,8.33648806902222,-6.0,0.5642857142857144,0.5642857142857144,10.6,10.7,10.5,10.4,10.4,10.0,10.0,10.1,10.1,9.8,9.6,9.3,9.1,9.0,9.0,9.2,9.0,8.6,8.6,8.5,8.8,8.5,8.5,8.9,8.9,8.5,8.1,8.2,8.3,8.2,10.37142857142857,9.97142857142857,9.246666666666666,
KPHL,N,0,KAPRUKA ,2022-08-29,10.5,29,8,2022,81.81818181818187,0.5306936737235368,0.5067056081525113,0.023988065571025508,9.815000000000001,11.134130495120884,8.495869504879119,1.0,0.5785714285714286,0.5785714285714286,10.4,10.6,10.7,10.5,10.4,10.4,10.0,10.0,10.1,10.1,9.8,9.6,9.3,9.1,9.0,9.0,9.2,9.0,8.6,8.6,8.5,8.8,8.5,8.5,8.9,8.9,8.5,8.1,8.2,8.3,10.428571428571429,10.07142857142857,9.32,
KPHL,N,0,KAPRUKA ,2022-08-30,10.8,30,8,2022,81.81818181818184,0.5300398416488168,0.5113724548517724,0.018667386797044383,9.92,11.164101874319051,8.675898125680948,-10.0,0.5714285714285715,0.5714285714285715,10.5,10.4,10.6,10.7,10.5,10.4,10.4,10.0,10.0,10.1,10.1,9.8,9.6,9.3,9.1,9.0,9.0,9.2,9.0,8.6,8.6,8.5,8.8,8.5,8.5,8.9,8.9,8.5,8.1,8.2,10.5,10.171428571428573,9.393333333333334,
KPHL,N,0,KAPRUKA ,2022-08-31,10.9,31,8,2022,78.94736842105267,0.5234872399760437,0.5137954118766267,0.009691828099417044,10.004999999999999,11.216306384815459,8.793693615184539,8.0,0.5714285714285715,0.5714285714285715,10.7,10.5,10.4,10.6,10.7,10.5,10.4,10.4,10.0,10.0,10.1,10.1,9.8,9.6,9.3,9.1,9.0,9.0,9.2,9.0,8.6,8.6,8.5,8.8,8.5,8.5,8.9,8.9,8.5,8.1,10.542857142857144,10.27142857142857,9.476666666666667,
KPHL,N,0,KAPRUKA ,2022-09-01,11.0,1,9,2022,68.42105263157897,0.49643335273981215,0.5103230000492638,-0.013889647309451636,10.069999999999999,11.238174464259224,8.901825535740773,4.0,0.5785714285714286,0.5785714285714286,10.7,10.7,10.5,10.4,10.6,10.7,10.5,10.4,10.4,10.0,10.0,10.1,10.1,9.8,9.6,9.3,9.1,9.0,9.0,9.2,9.0,8.6,8.6,8.5,8.8,8.5,8.5,8.9,8.9,8.5,10.585714285714285,10.35,9.563333333333333,
KPHL,N,0,KAPRUKA ,2022-09-02,10.7,2,9,2022,68.421052631579,0.49351155102778144,0.5069607102449674,-0.013449159217185924,10.16,11.256213578882452,9.063786421117548,1.0,0.6142857142857144,0.6142857142857144,10.5,10.7,10.7,10.5,10.4,10.6,10.7,10.5,10.4,10.4,10.0,10.0,10.1,10.1,9.8,9.6,9.3,9.1,9.0,9.0,9.2,9.0,8.6,8.6,8.5,8.8,8.5,8.5,8.9,8.9,10.585714285714285,10.4,9.629999999999999,
KPHL,N,0,KAPRUKA ,2022-09-05,10.9,5,9,2022,70.00000000000006,0.49357553485992156,0.5042836751679582,-0.010708140308036684,10.254999999999999,11.252839771970566,9.257160228029433,-9.0,0.5928571428571429,0.5928571428571429,10.8,10.5,10.7,10.7,10.5,10.4,10.6,10.7,10.5,10.4,10.4,10.0,10.0,10.1,10.1,9.8,9.6,9.3,9.1,9.0,9.0,9.2,9.0,8.6,8.6,8.5,8.8,8.5,8.5,8.9,10.6,10.450000000000001,9.693333333333333,
KPHL,N,0,KAPRUKA ,2022-09-06,10.4,6,9,2022,58.33333333333336,0.4481148323368398,0.4930499066017346,-0.04493507426489479,10.32,11.15754025826254,9.482459741737461,5.0,0.6,0.6,10.9,10.8,10.5,10.7,10.7,10.5,10.4,10.6,10.7,10.5,10.4,10.4,10.0,10.0,10.1,10.1,9.8,9.6,9.3,9.1,9.0,9.0,9.2,9.0,8.6,8.6,8.5,8.8,8.5,8.5,10.642857142857144,10.507142857142858,9.76,
KPHL,N,0,KAPRUKA ,2022-09-07,10.3,7,9,2022,51.85185185185185,0.3834591271425527,0.47113175070989827,-0.08767262356734556,10.360000000000001,11.057061501477493,9.662938498522509,27.0,0.6142857142857144,0.6142857142857144,10.4,10.9,10.8,10.5,10.7,10.7,10.5,10.4,10.6,10.7,10.5,10.4,10.4,10.0,10.0,10.1,10.1,9.8,9.6,9.3,9.1,9.0,9.0,9.2,9.0,8.6,8.6,8.5,8.8,8.5,10.642857142857142,10.535714285714286,9.823333333333334,
KPHL,N,0,KAPRUKA ,2022-09-08,10.2,8,9,2022,48.00000000000001,0.3443874592308731,0.4457828924140933,-0.1013954331832202,10.395,10.994912274288545,9.795087725711454,-29.0,0.6071428571428573,0.6071428571428573,10.1,10.4,10.9,10.8,10.5,10.7,10.7,10.5,10.4,10.6,10.7,10.5,10.4,10.4,10.0,10.0,10.1,10.1,9.8,9.6,9.3,9.1,9.0,9.0,9.2,9.0,8.6,8.6,8.5,8.8,10.585714285714287,10.542857142857143,9.876666666666669,
KPHL,N,0,KAPRUKA ,2022-09-09,10.5,9,9,2022,46.15384615384613,0.3018739022148207,0.41700109437423877,-0.11512719215941808,10.415000000000001,10.955077967080925,9.874922032919077,-3.0,0.5714285714285715,0.5714285714285715,10.3,10.1,10.4,10.9,10.8,10.5,10.7,10.7,10.5,10.4,10.6,10.7,10.5,10.4,10.4,10.0,10.0,10.1,10.1,9.8,9.6,9.3,9.1,9.0,9.0,9.2,9.0,8.6,8.6,8.5,10.528571428571428,10.535714285714288,9.92666666666667,
KPHL,N,0,KAPRUKA ,2022-09-12,10.2,12,9,2022,48.14814814814815,0.2810798173479423,0.3898168389689795,-0.10873702162103721,10.430000000000001,10.949513942875505,9.910486057124498,15.0,0.6000000000000003,0.6000000000000003,10.2,10.3,10.1,10.4,10.9,10.8,10.5,10.7,10.7,10.5,10.4,10.6,10.7,10.5,10.4,10.4,10.0,10.0,10.1,10.1,9.8,9.6,9.3,9.1,9.0,9.0,9.2,9.0,8.6,8.6,10.457142857142857,10.521428571428572,9.983333333333336,
KPHL,N,0,KAPRUKA ,2022-09-13,10.7,13,9,2022,50.0,0.2855165905451411,0.3689567892842119,-0.08344019873907077,10.459999999999999,10.968454831611833,9.951545168388165,-2.0,0.5571428571428573,0.5571428571428573,10.4,10.2,10.3,10.1,10.4,10.9,10.8,10.5,10.7,10.7,10.5,10.4,10.6,10.7,10.5,10.4,10.4,10.0,10.0,10.1,10.1,9.8,9.6,9.3,9.1,9.0,9.0,9.2,9.0,8.6,10.442857142857141,10.514285714285714,10.043333333333333,
KPHL,N,0,KAPRUKA ,2022-09-14,10.7,14,9,2022,43.75,0.24585290469627807,0.34433601236662514,-0.09848310767034707,10.469999999999999,10.947272955114947,9.99272704488505,-11.0,0.5357142857142858,0.5357142857142858,10.7,10.4,10.2,10.3,10.1,10.4,10.9,10.8,10.5,10.7,10.7,10.5,10.4,10.6,10.7,10.5,10.4,10.4,10.0,10.0,10.1,10.1,9.8,9.6,9.3,9.1,9.0,9.0,9.2,9.0,10.428571428571429,10.514285714285716,10.113333333333335,
KPHL,N,0,KAPRUKA ,2022-09-15,10.8,15,9,2022,46.66666666666665,0.21197562484664267,0.31786393486262865,-0.10588831001598598,10.48,10.92295657384865,10.037043426151351,6.0,0.5285714285714287,0.5285714285714287,10.2,10.7,10.4,10.2,10.3,10.1,10.4,10.9,10.8,10.5,10.7,10.7,10.5,10.4,10.6,10.7,10.5,10.4,10.4,10.0,10.0,10.1,10.1,9.8,9.6,9.3,9.1,9.0,9.0,9.2,10.328571428571427,10.485714285714286,10.153333333333334,
KPHL,N,0,KAPRUKA ,2022-09-16,11.0,16,9,2022,50.0,0.20694954376961405,0.2956810566440258,-0.08873151287441172,10.485000000000001,10.926409226526932,10.04359077347307,-6.0,0.5500000000000002,0.5500000000000002,10.2,10.2,10.7,10.4,10.2,10.3,10.1,10.4,10.9,10.8,10.5,10.7,10.7,10.5,10.4,10.6,10.7,10.5,10.4,10.4,10.0,10.0,10.1,10.1,9.8,9.6,9.3,9.1,9.0,9.0,10.299999999999999,10.471428571428572,10.18666666666667,
KPHL,N,0,KAPRUKA ,2022-09-19,10.2,19,9,2022,45.16129032258066,0.19267612362357056,0.27508007003993473,-0.08240394641636417,10.485,10.92640922652693,10.043590773473069,5.0,0.5571428571428573,0.5571428571428573,10.5,10.2,10.2,10.7,10.4,10.2,10.3,10.1,10.4,10.9,10.8,10.5,10.7,10.7,10.5,10.4,10.6,10.7,10.5,10.4,10.4,10.0,10.0,10.1,10.1,9.8,9.6,9.3,9.1,9.0,10.357142857142856,10.471428571428572,10.23666666666667,
KPHL,N,0,KAPRUKA ,2022-09-20,10.6,20,9,2022,46.875000000000014,0.18727471326842604,0.257518998685633,-0.07024428541720695,10.485,10.92640922652693,10.043590773473069,-8.0,0.5428571428571429,0.5428571428571429,10.4,10.5,10.2,10.2,10.7,10.4,10.2,10.3,10.1,10.4,10.9,10.8,10.5,10.7,10.7,10.5,10.4,10.6,10.7,10.5,10.4,10.4,10.0,10.0,10.1,10.1,9.8,9.6,9.3,9.1,10.37142857142857,10.450000000000001,10.283333333333337,
KPHL,N,0,KAPRUKA ,2022-09-21,10.3,21,9,2022,46.875000000000014,0.16495423833754685,0.23900604661601577,-0.07405180827846891,10.465,10.901613764037867,10.028386235962133,6.0,0.5214285714285715,0.5214285714285715,10.5,10.4,10.5,10.2,10.2,10.7,10.4,10.2,10.3,10.1,10.4,10.9,10.8,10.5,10.7,10.7,10.5,10.4,10.6,10.7,10.5,10.4,10.4,10.0,10.0,10.1,10.1,9.8,9.6,9.3,10.414285714285715,10.435714285714285,10.330000000000004,
KPHL,N,0,KAPRUKA ,2022-09-22,10.3,22,9,2022,41.379310344827594,0.14558686637360907,0.22032221056753443,-0.07473534419392536,10.45,10.88769732392187,10.012302676078129,-5.0,0.4571428571428573,0.4571428571428573,10.3,10.5,10.4,10.5,10.2,10.2,10.7,10.4,10.2,10.3,10.1,10.4,10.9,10.8,10.5,10.7,10.7,10.5,10.4,10.6,10.7,10.5,10.4,10.4,10.0,10.0,10.1,10.1,9.8,9.6,10.400000000000002,10.421428571428573,10.363333333333337,
KPHL,N,0,KAPRUKA ,2022-09-23,10.3,23,9,2022,43.33333333333333,0.14470830581640826,0.2051994296173092,-0.06049112380090094,10.455,10.892577060882392,10.017422939117608,12.0,0.4857142857142859,0.4857142857142859,10.3,10.3,10.5,10.4,10.5,10.2,10.2,10.7,10.4,10.2,10.3,10.1,10.4,10.9,10.8,10.5,10.7,10.7,10.5,10.4,10.6,10.7,10.5,10.4,10.4,10.0,10.0,10.1,10.1,9.8,10.342857142857143,10.385714285714286,10.386666666666668,
KPHL,N,0,KAPRUKA ,2022-09-26,10.2,26,9,2022,46.42857142857141,0.11843925346171957,0.18784739438619127,-0.0694081409244717,10.44,10.891430474917408,9.98856952508259,4.0,0.4857142857142859,0.4857142857142859,10.5,10.3,10.3,10.5,10.4,10.5,10.2,10.2,10.7,10.4,10.2,10.3,10.1,10.4,10.9,10.8,10.5,10.7,10.7,10.5,10.4,10.6,10.7,10.5,10.4,10.4,10.0,10.0,10.1,10.1,10.385714285714286,10.35714285714286,10.41,
KPHL,N,0,KAPRUKA ,2022-09-27,9.9,27,9,2022,50.0,0.08853114402757001,0.16798414431446704,-0.07945300028689703,10.41,10.86837240662789,9.95162759337211,-14.0,0.47857142857142865,0.47857142857142865,10.2,10.5,10.3,10.3,10.5,10.4,10.5,10.2,10.2,10.7,10.4,10.2,10.3,10.1,10.4,10.9,10.8,10.5,10.7,10.7,10.5,10.4,10.6,10.7,10.5,10.4,10.4,10.0,10.0,10.1,10.385714285714284,10.342857142857143,10.413333333333332,
KPHL,N,0,KAPRUKA ,2022-09-28,10.0,28,9,2022,45.83333333333331,0.06408996263013123,0.1472053079775999,-0.08311534534746867,10.38,10.83699245646193,9.923007543538072,20.0,0.47142857142857153,0.47142857142857153,10.1,10.2,10.5,10.3,10.3,10.5,10.4,10.5,10.2,10.2,10.7,10.4,10.2,10.3,10.1,10.4,10.9,10.8,10.5,10.7,10.7,10.5,10.4,10.6,10.7,10.5,10.4,10.4,10.0,10.0,10.328571428571427,10.342857142857143,10.413333333333332,
KPHL,N,0,KAPRUKA ,2022-09-29,10.1,29,9,2022,45.83333333333335,0.036233310963988075,0.12501090857487754,-0.08877759761088946,10.355,10.838300059350683,9.871699940649318,-22.0,0.47142857142857153,0.47142857142857153,10.1,10.1,10.2,10.5,10.3,10.3,10.5,10.4,10.5,10.2,10.2,10.7,10.4,10.2,10.3,10.1,10.4,10.9,10.8,10.5,10.7,10.7,10.5,10.4,10.6,10.7,10.5,10.4,10.4,10.0,10.285714285714286,10.328571428571427,10.416666666666664,
KPHL,N,0,KAPRUKA ,2022-09-30,10.3,30,9,2022,40.909090909090885,0.013995383750183166,0.10280780360993866,-0.08881241985975549,10.315000000000001,10.775091524075668,9.854908475924335,2.0,0.45000000000000007,0.45000000000000007,10.0,10.1,10.1,10.2,10.5,10.3,10.3,10.5,10.4,10.5,10.2,10.2,10.7,10.4,10.2,10.3,10.1,10.4,10.9,10.8,10.5,10.7,10.7,10.5,10.4,10.6,10.7,10.5,10.4,10.4,10.214285714285714,10.314285714285715,10.416666666666664,
KPHL,N,0,KAPRUKA ,2022-11-17,8.6,17,11,2022,29.729729729729726,-0.21943478193853316,-0.12353966312091803,-0.09589511881761513,9.38,10.18681309385821,8.57318690614179,11.0,0.5214285714285715,0.5214285714285715,8.7,9.3,9.3,9.0,9.7,9.1,9.2,9.5,9.5,9.5,9.4,9.9,9.8,9.8,9.9,9.1,9.5,9.5,9.6,9.6,9.3,9.3,9.3,9.2,9.8,9.5,9.5,9.6,9.7,9.9,9.185714285714285,9.407142857142858,9.466666666666667,
KPHL,N,0,KAPRUKA ,2022-11-18,8.3,18,11,2022,27.5,-0.29297488760203905,-0.15742670801714226,-0.1355481795848968,9.3,10.307341472443815,8.292658527556187,32.0,0.5428571428571429,0.5428571428571429,8.3,8.7,9.3,9.3,9.0,9.7,9.1,9.2,9.5,9.5,9.5,9.4,9.9,9.8,9.8,9.9,9.1,9.5,9.5,9.6,9.6,9.3,9.3,9.3,9.2,9.8,9.5,9.5,9.6,9.7,9.057142857142857,9.3,9.413333333333334,
KPHL,N,0,KAPRUKA ,2022-11-21,8.5,21,11,2022,34.09090909090909,-0.3073669944597466,-0.18741476530566314,-0.11995222915408343,9.25,10.313262110577389,8.186737889422611,-44.0,0.5642857142857144,0.5642857142857144,8.0,8.3,8.7,9.3,9.3,9.0,9.7,9.1,9.2,9.5,9.5,9.5,9.4,9.9,9.8,9.8,9.9,9.1,9.5,9.5,9.6,9.6,9.3,9.3,9.3,9.2,9.8,9.5,9.5,9.6,8.9,9.171428571428573,9.356666666666667,
KPHL,N,0,KAPRUKA ,2022-11-22,8.6,22,11,2022,38.46153846153846,-0.31514010388433533,-0.2129598330213976,-0.10218027086293774,9.2,10.306916057293753,8.093083942706246,2.0,0.5357142857142858,0.5357142857142858,8.5,8.0,8.3,8.7,9.3,9.3,9.0,9.7,9.1,9.2,9.5,9.5,9.5,9.4,9.9,9.8,9.8,9.9,9.1,9.5,9.5,9.6,9.6,9.3,9.3,9.3,9.2,9.8,9.5,9.5,8.728571428571428,9.071428571428571,9.32,
KPHL,N,0,KAPRUKA ,2022-11-23,8.5,23,11,2022,39.99999999999999,-0.30168439071118414,-0.2307047445593549,-0.07097964615182922,9.18,10.308762713398128,8.051237286601872,0.0,0.5428571428571429,0.5428571428571429,8.5,8.5,8.0,8.3,8.7,9.3,9.3,9.0,9.7,9.1,9.2,9.5,9.5,9.5,9.4,9.9,9.8,9.8,9.9,9.1,9.5,9.5,9.6,9.6,9.3,9.3,9.3,9.2,9.8,9.5,8.657142857142857,9.007142857142856,9.286666666666669,
KPHL,N,0,KAPRUKA ,2022-11-24,8.5,24,11,2022,39.99999999999999,-0.28770416653608244,-0.24210462895470042,-0.04559953758138202,9.12,10.214676111675821,8.025323888324177,-1.0,0.5642857142857144,0.5642857142857144,8.7,8.5,8.5,8.0,8.3,8.7,9.3,9.3,9.0,9.7,9.1,9.2,9.5,9.5,9.5,9.4,9.9,9.8,9.8,9.9,9.1,9.5,9.5,9.6,9.6,9.3,9.3,9.3,9.2,9.8,8.571428571428571,8.950000000000001,9.26,
KPHL,N,0,KAPRUKA ,2022-11-25,8.5,25,11,2022,38.095238095238095,-0.2894267354412179,-0.25156905025200393,-0.03785768518921395,9.055,10.133937098795805,7.976062901204195,-3.0,0.5428571428571429,0.5428571428571429,8.7,8.7,8.5,8.5,8.0,8.3,8.7,9.3,9.3,9.0,9.7,9.1,9.2,9.5,9.5,9.5,9.4,9.9,9.8,9.8,9.9,9.1,9.5,9.5,9.6,9.6,9.3,9.3,9.3,9.2,8.485714285714286,8.892857142857142,9.223333333333333,
KPHL,N,0,KAPRUKA ,2022-11-28,8.5,28,11,2022,41.025641025641036,-0.287478016088361,-0.25875084341927534,-0.028727172669085643,8.989999999999998,10.03609549730113,7.943904502698868,-1.0,0.5071428571428572,0.5071428571428572,8.5,8.7,8.7,8.5,8.5,8.0,8.3,8.7,9.3,9.3,9.0,9.7,9.1,9.2,9.5,9.5,9.5,9.4,9.9,9.8,9.8,9.9,9.1,9.5,9.5,9.6,9.6,9.3,9.3,9.3,8.457142857142857,8.821428571428571,9.2,
KPHL,N,0,KAPRUKA ,2022-11-29,8.9,29,11,2022,42.10526315789474,-0.28267513891916174,-0.2635357025192526,-0.019139436399909115,8.919999999999998,9.894625434124372,7.945374565875626,12.0,0.4642857142857144,0.4642857142857144,8.5,8.5,8.7,8.7,8.5,8.5,8.0,8.3,8.7,9.3,9.3,9.0,9.7,9.1,9.2,9.5,9.5,9.5,9.4,9.9,9.8,9.8,9.9,9.1,9.5,9.5,9.6,9.6,9.3,9.3,8.485714285714286,8.77142857142857,9.173333333333336,
KPHL,N,0,KAPRUKA ,2022-11-30,9.0,30,11,2022,37.14285714285716,-0.25175920792997,-0.2611804036013961,0.00942119567142613,8.89,9.839016111005176,7.940983888994826,-4.0,0.4571428571428573,0.4571428571428573,8.5,8.5,8.5,8.7,8.7,8.5,8.5,8.0,8.3,8.7,9.3,9.3,9.0,9.7,9.1,9.2,9.5,9.5,9.5,9.4,9.9,9.8,9.8,9.9,9.1,9.5,9.5,9.6,9.6,9.3,8.557142857142859,8.72857142857143,9.146666666666668,
KPHL,N,0,KAPRUKA ,2022-12-01,8.6,1,12,2022,43.33333333333333,-0.2406226898281254,-0.25706886084674196,0.016446171018616562,8.845,9.75685178851091,7.933148211489091,5.0,0.44285714285714306,0.44285714285714306,8.8,8.5,8.5,8.5,8.7,8.7,8.5,8.5,8.0,8.3,8.7,9.3,9.3,9.0,9.7,9.1,9.2,9.5,9.5,9.5,9.4,9.9,9.8,9.8,9.9,9.1,9.5,9.5,9.6,9.6,8.6,8.664285714285713,9.13,
KPHL,N,0,KAPRUKA ,2022-12-02,8.5,2,12,2022,37.037037037037024,-0.22915535866767023,-0.25148616041092764,0.02233080174325741,8.799999999999999,9.663286254897386,7.936713745102613,0.0,0.44285714285714306,0.44285714285714306,8.6,8.8,8.5,8.5,8.5,8.7,8.7,8.5,8.5,8.0,8.3,8.7,9.3,9.3,9.0,9.7,9.1,9.2,9.5,9.5,9.5,9.4,9.9,9.8,9.8,9.9,9.1,9.5,9.5,9.6,8.614285714285714,8.635714285714284,9.096666666666668,
KPHL,N,0,KAPRUKA ,2022-12-05,8.7,5,12,2022,39.28571428571426,-0.20958231734631383,-0.2431053917980049,0.03352307445169106,8.760000000000002,9.5584194913769,7.961580508623102,-9.0,0.40714285714285736,0.40714285714285736,8.6,8.6,8.8,8.5,8.5,8.5,8.7,8.7,8.5,8.5,8.0,8.3,8.7,9.3,9.3,9.0,9.7,9.1,9.2,9.5,9.5,9.5,9.4,9.9,9.8,9.8,9.9,9.1,9.5,9.5,8.6,8.585714285714285,9.063333333333334,
KPHL,N,0,KAPRUKA ,2022-12-06,9.0,6,12,2022,52.17391304347829,-0.18388170300797135,-0.23126065403999818,0.04737895103202683,8.739999999999998,9.511601205968892,7.9683987940311045,2.0,0.3714285714285716,0.3714285714285716,8.7,8.6,8.6,8.8,8.5,8.5,8.5,8.7,8.7,8.5,8.5,8.0,8.3,8.7,9.3,9.3,9.0,9.7,9.1,9.2,9.5,9.5,9.5,9.4,9.9,9.8,9.8,9.9,9.1,9.5,8.6,8.542857142857143,9.036666666666669,
KPHL,N,0,KAPRUKA ,2022-12-08,9.0,8,12,2022,57.1428571428571,-0.1776047920248498,-0.22052948163696853,0.04292468961211873,8.715,9.469704543095139,7.960295456904862,5.0,0.3642857142857145,0.3642857142857145,8.8,8.7,8.6,8.6,8.8,8.5,8.5,8.5,8.7,8.7,8.5,8.5,8.0,8.3,8.7,9.3,9.3,9.0,9.7,9.1,9.2,9.5,9.5,9.5,9.4,9.9,9.8,9.8,9.9,9.1,8.642857142857142,8.55,9.013333333333334,
KPHL,N,0,KAPRUKA ,2022-12-09,8.6,9,12,2022,68.4210526315789,-0.1626857900634313,-0.2089607433222611,0.0462749532588298,8.665000000000001,9.260686247334267,8.069313752665735,0.0,0.3214285714285717,0.3214285714285717,8.6,8.8,8.7,8.6,8.6,8.8,8.5,8.5,8.5,8.7,8.7,8.5,8.5,8.0,8.3,8.7,9.3,9.3,9.0,9.7,9.1,9.2,9.5,9.5,9.5,9.4,9.9,9.8,9.8,9.9,8.657142857142857,8.571428571428571,8.996666666666668,
KPHL,N,0,KAPRUKA ,2022-12-12,8.8,12,12,2022,60.0,-0.14116593621829132,-0.19540178190146718,0.054235845683175854,8.655000000000001,9.233473490271932,8.07652650972807,-11.0,0.2928571428571432,0.2928571428571432,8.7,8.6,8.8,8.7,8.6,8.6,8.8,8.5,8.5,8.5,8.7,8.7,8.5,8.5,8.0,8.3,8.7,9.3,9.3,9.0,9.7,9.1,9.2,9.5,9.5,9.5,9.4,9.9,9.8,9.8,8.685714285714285,8.621428571428572,8.956666666666669,
KPHL,N,0,KAPRUKA ,2022-12-13,9.0,13,12,2022,52.94117647058822,-0.13865133920323025,-0.1840516933618198,0.04540035415858956,8.620000000000001,9.112469609000897,8.127530390999105,7.0,0.31428571428571467,0.31428571428571467,8.8,8.7,8.6,8.8,8.7,8.6,8.6,8.8,8.5,8.5,8.5,8.7,8.7,8.5,8.5,8.0,8.3,8.7,9.3,9.3,9.0,9.7,9.1,9.2,9.5,9.5,9.5,9.4,9.9,9.8,8.685714285714287,8.642857142857142,8.923333333333336,
KPHL,N,0,KAPRUKA ,2022-12-14,9.0,14,12,2022,46.66666666666669,-0.13510114109509885,-0.17426158290847563,0.03916044181337677,8.584999999999999,8.959306376058326,8.210693623941673,-7.0,0.32857142857142907,0.32857142857142907,8.6,8.8,8.7,8.6,8.8,8.7,8.6,8.6,8.8,8.5,8.5,8.5,8.7,8.7,8.5,8.5,8.0,8.3,8.7,9.3,9.3,9.0,9.7,9.1,9.2,9.5,9.5,9.5,9.4,9.9,8.685714285714287,8.65,8.883333333333331,
KPHL,N,0,KAPRUKA ,2022-12-15,8.9,15,12,2022,36.84210526315793,-0.16268886461613263,-0.17194703925000704,0.009258174633874405,8.559999999999999,8.967301776134265,8.152698223865732,27.0,0.36428571428571477,0.36428571428571477,8.6,8.6,8.8,8.7,8.6,8.8,8.7,8.6,8.6,8.8,8.5,8.5,8.5,8.7,8.7,8.5,8.5,8.0,8.3,8.7,9.3,9.3,9.0,9.7,9.1,9.2,9.5,9.5,9.5,9.4,8.685714285714287,8.642857142857142,8.84,
KPHL,N,0,KAPRUKA ,2022-12-16,8.1,16,12,2022,50.0,-0.15851754982929478,-0.1692611413658646,0.010743591536569813,8.569999999999999,8.959871773792386,8.18012822620761,-8.0,0.3714285714285719,0.3714285714285719,8.2,8.6,8.6,8.8,8.7,8.6,8.8,8.7,8.6,8.6,8.8,8.5,8.5,8.5,8.7,8.7,8.5,8.5,8.0,8.3,8.7,9.3,9.3,9.0,9.7,9.1,9.2,9.5,9.5,9.5,8.614285714285716,8.607142857142856,8.8,
KPHL,N,0,KAPRUKA ,2022-12-19,8.6,19,12,2022,52.380952380952365,-0.14546574992702155,-0.164502063078096,0.019036313151074458,8.6,8.882842712474659,8.31715728752534,-19.0,0.378571428571429,0.378571428571429,8.5,8.2,8.6,8.6,8.8,8.7,8.6,8.8,8.7,8.6,8.6,8.8,8.5,8.5,8.5,8.7,8.7,8.5,8.5,8.0,8.3,8.7,9.3,9.3,9.0,9.7,9.1,9.2,9.5,9.5,8.571428571428573,8.607142857142856,8.766666666666667,
KPHL,N,0,KAPRUKA ,2022-12-20,8.5,20,12,2022,50.0,-0.14155945940612824,-0.15991354234370248,0.018354082937574234,8.6,8.882842712474659,8.31715728752534,2.0,0.35714285714285754,0.35714285714285754,8.6,8.5,8.2,8.6,8.6,8.8,8.7,8.6,8.8,8.7,8.6,8.6,8.8,8.5,8.5,8.5,8.7,8.7,8.5,8.5,8.0,8.3,8.7,9.3,9.3,9.0,9.7,9.1,9.2,9.5,8.571428571428571,8.614285714285712,8.736666666666668,
KPHL,N,0,KAPRUKA ,2022-12-21,8.5,21,12,2022,42.10526315789475,-0.13688576216718396,-0.1553079863083988,0.018422224141214832,8.6,8.882842712474659,8.31715728752534,1.0,0.3214285714285718,0.3214285714285718,8.5,8.6,8.5,8.2,8.6,8.6,8.8,8.7,8.6,8.8,8.7,8.6,8.6,8.8,8.5,8.5,8.5,8.7,8.7,8.5,8.5,8.0,8.3,8.7,9.3,9.3,9.0,9.7,9.1,9.2,8.542857142857143,8.614285714285712,8.703333333333335,
KPHL,N,0,KAPRUKA ,2022-12-22,8.9,22,12,2022,38.09523809523812,-0.16357291376439598,-0.15696097179959823,-0.006611941964797752,8.57,8.926001182730179,8.213998817269822,9.0,0.3500000000000004,0.3500000000000004,8.5,8.5,8.6,8.5,8.2,8.6,8.6,8.8,8.7,8.6,8.8,8.7,8.6,8.6,8.8,8.5,8.5,8.5,8.7,8.7,8.5,8.5,8.0,8.3,8.7,9.3,9.3,9.0,9.7,9.1,8.5,8.592857142857142,8.680000000000001,
KPHL,N,0,KAPRUKA ,2022-12-27,8.4,27,12,2022,45.833333333333364,-0.15868594804979708,-0.157305967049638,-0.0013799810001590695,8.555000000000001,8.913211933739943,8.19678806626006,3.0,0.3500000000000004,0.3500000000000004,8.1,8.5,8.5,8.6,8.5,8.2,8.6,8.6,8.8,8.7,8.6,8.8,8.7,8.6,8.6,8.8,8.5,8.5,8.5,8.7,8.7,8.5,8.5,8.0,8.3,8.7,9.3,9.3,9.0,9.7,8.428571428571429,8.557142857142855,8.646666666666667,
KPHL,N,0,KAPRUKA ,2022-12-28,8.5,28,12,2022,45.833333333333364,-0.14507153390816185,-0.15485908042134278,0.009787546513180923,8.555000000000001,8.913211933739943,8.19678806626006,-6.0,0.3285714285714289,0.3285714285714289,8.4,8.1,8.5,8.5,8.6,8.5,8.2,8.6,8.6,8.8,8.7,8.6,8.8,8.7,8.6,8.6,8.8,8.5,8.5,8.5,8.7,8.7,8.5,8.5,8.0,8.3,8.7,9.3,9.3,9.0,8.4,8.542857142857143,8.603333333333333,
KPHL,N,0,KAPRUKA ,2022-12-29,8.5,29,12,2022,43.47826086956522,-0.132751733268325,-0.15043761099073924,0.01768587772241423,8.555000000000001,8.913211933739943,8.19678806626006,-7.0,0.3214285714285717,0.3214285714285717,8.5,8.4,8.1,8.5,8.5,8.6,8.5,8.2,8.6,8.6,8.8,8.7,8.6,8.8,8.7,8.6,8.6,8.8,8.5,8.5,8.5,8.7,8.7,8.5,8.5,8.0,8.3,8.7,9.3,9.3,8.442857142857143,8.528571428571427,8.586666666666668,
KPHL,N,0,KAPRUKA ,2022-12-30,8.4,30,12,2022,47.619047619047635,-0.12158662754459648,-0.1446674143015107,0.023080786756914218,8.555000000000001,8.913211933739943,8.19678806626006,6.0,0.31428571428571456,0.31428571428571456,8.5,8.5,8.4,8.1,8.5,8.5,8.6,8.5,8.2,8.6,8.6,8.8,8.7,8.6,8.8,8.7,8.6,8.6,8.8,8.5,8.5,8.5,8.7,8.7,8.5,8.5,8.0,8.3,8.7,9.3,8.442857142857143,8.507142857142856,8.56,
KPHL,,0,KAPRUKA ,2024-02-16,7.7,16,2,2024,68.75000000000001,0.029959127728099944,-0.016771561189609898,0.046730688917709845,7.3549999999999995,7.701258193898867,7.008741806101132,6.0,0.3571428571428572,0.3571428571428572,7.6,7.5,7.5,7.3,7.5,7.4,7.2,7.5,7.3,7.3,7.2,7.2,7.1,7.1,7.5,7.5,7.2,7.2,7.3,7.6,7.6,7.6,7.5,7.5,7.5,7.6,7.7,7.7,7.7,7.5,7.42857142857143,7.3357142857142845,7.429999999999998,N
KPHL,,0,KAPRUKA ,2024-02-19,7.8,19,2,2024,72.22222222222223,0.06243403889018673,-0.0009304411736505737,0.0633644800638373,7.385,7.80690046219458,6.9630995378054195,-3.0,0.3571428571428572,0.3571428571428572,7.7,7.6,7.5,7.5,7.3,7.5,7.4,7.2,7.5,7.3,7.3,7.2,7.2,7.1,7.1,7.5,7.5,7.2,7.2,7.3,7.6,7.6,7.6,7.5,7.5,7.5,7.6,7.7,7.7,7.7,7.5,7.378571428571428,7.436666666666665,N
KPHL,,0,KAPRUKA ,2024-02-20,7.8,20,2,2024,70.58823529411765,0.087165846337518,0.016688816328583142,0.07047703000893486,7.42,7.890609906621744,6.9493900933782555,-2.0,0.3571428571428572,0.3571428571428572,7.9,7.7,7.6,7.5,7.5,7.3,7.5,7.4,7.2,7.5,7.3,7.3,7.2,7.2,7.1,7.1,7.5,7.5,7.2,7.2,7.3,7.6,7.6,7.6,7.5,7.5,7.5,7.6,7.7,7.7,7.571428571428571,7.435714285714286,7.4433333333333325,N
KPHL,,0,KAPRUKA ,2024-02-21,7.8,21,2,2024,59.999999999999986,0.08161765164425905,0.029674583391718322,0.051943068252540726,7.44,7.905210761517379,6.974789238482622,1.0,0.37142857142857155,0.37142857142857155,7.9,7.9,7.7,7.6,7.5,7.5,7.3,7.5,7.4,7.2,7.5,7.3,7.3,7.2,7.2,7.1,7.1,7.5,7.5,7.2,7.2,7.3,7.6,7.6,7.6,7.5,7.5,7.5,7.6,7.7,7.628571428571428,7.485714285714287,7.449999999999999,N
KPHL,,0,KAPRUKA ,2024-02-22,7.4,22,2,2024,61.90476190476189,0.09229507572624396,0.04219868185862345,0.050096393867620506,7.455000000000001,7.946934955049955,6.963065044950047,6.0,0.37142857142857155,0.37142857142857155,7.6,7.9,7.9,7.7,7.6,7.5,7.5,7.3,7.5,7.4,7.2,7.5,7.3,7.3,7.2,7.2,7.1,7.1,7.5,7.5,7.2,7.2,7.3,7.6,7.6,7.6,7.5,7.5,7.5,7.6,7.671428571428571,7.514285714285714,7.4466666666666645,N
KPHL,,0,KAPRUKA ,2024-02-26,7.6,26,2,2024,50.0,0.05972274330356875,0.04570349414761252,0.014019249155956232,7.445,7.941196056328333,6.948803943671668,-5.0,0.3857142857142858,0.3857142857142858,7.8,7.6,7.9,7.9,7.7,7.6,7.5,7.5,7.3,7.5,7.4,7.2,7.5,7.3,7.3,7.2,7.2,7.1,7.1,7.5,7.5,7.2,7.2,7.3,7.6,7.6,7.6,7.5,7.5,7.5,7.714285714285714,7.55,7.453333333333333,N
KPHL,,0,KAPRUKA ,2024-02-27,7.6,27,2,2024,40.74074074074074,0.009590884644167907,0.038480972246923595,-0.028890087602755687,7.4399999999999995,7.95257862041375,6.927421379586249,15.0,0.4,0.4,7.3,7.8,7.6,7.9,7.9,7.7,7.6,7.5,7.5,7.3,7.5,7.4,7.2,7.5,7.3,7.3,7.2,7.2,7.1,7.1,7.5,7.5,7.2,7.2,7.3,7.6,7.6,7.6,7.5,7.5,7.685714285714286,7.550000000000002,7.446666666666666,N
KPHL,,0,KAPRUKA ,2024-02-28,7.1,28,2,2024,42.30769230769231,-0.04574992638122399,0.021634792521294077,-0.06738471890251807,7.425,7.993932518429309,6.85606748157069,4.0,0.37142857142857144,0.37142857142857144,7.0,7.3,7.8,7.6,7.9,7.9,7.7,7.6,7.5,7.5,7.3,7.5,7.4,7.2,7.5,7.3,7.3,7.2,7.2,7.1,7.1,7.5,7.5,7.2,7.2,7.3,7.6,7.6,7.6,7.5,7.6000000000000005,7.514285714285714,7.429999999999999,N
KPHL,,0,KAPRUKA ,2024-02-29,6.8,29,2,2024,44.444444444444436,-0.06465512104349624,0.004376809808336013,-0.06903193085183226,7.42,7.998928229348719,6.841071770651281,3.0,0.3642857142857143,0.3642857142857143,6.8,7.0,7.3,7.8,7.6,7.9,7.9,7.7,7.6,7.5,7.5,7.3,7.5,7.4,7.2,7.5,7.3,7.3,7.2,7.2,7.1,7.1,7.5,7.5,7.2,7.2,7.3,7.6,7.6,7.6,7.471428571428571,7.485714285714286,7.406666666666665,N
KPHL,,0,KAPRUKA ,2024-03-01,6.9,1,3,2024,42.30769230769231,-0.07873007274706012,-0.012244566702743214,-0.06648550604431691,7.414999999999999,8.003575443449334,6.826424556550665,-24.0,0.35714285714285715,0.35714285714285715,7.1,6.8,7.0,7.3,7.8,7.6,7.9,7.9,7.7,7.6,7.5,7.5,7.3,7.5,7.4,7.2,7.5,7.3,7.3,7.2,7.2,7.1,7.1,7.5,7.5,7.2,7.2,7.3,7.6,7.6,7.357142857142857,7.4642857142857135,7.39,N
KPHL,,0,KAPRUKA ,2024-03-04,6.9,4,3,2024,40.74074074074074,-0.11279187168578364,-0.0323540276993513,-0.08043784398643233,7.390000000000001,8.038561160529499,6.7414388394705025,9.0,0.3642857142857143,0.3642857142857143,7.1,7.1,6.8,7.0,7.3,7.8,7.6,7.9,7.9,7.7,7.6,7.5,7.5,7.3,7.5,7.4,7.2,7.5,7.3,7.3,7.2,7.2,7.1,7.1,7.5,7.5,7.2,7.2,7.3,7.6,7.242857142857142,7.435714285714285,7.373333333333332,N
KPHL,,0,KAPRUKA ,2024-03-05,7.3,5,3,2024,36.0,-0.13819308884078652,-0.05352183992763834,-0.08467124891314817,7.364999999999999,8.064699183484176,6.665300816515823,33.0,0.3785714285714286,0.3785714285714286,6.8,7.1,7.1,6.8,7.0,7.3,7.8,7.6,7.9,7.9,7.7,7.6,7.5,7.5,7.3,7.5,7.4,7.2,7.5,7.3,7.3,7.2,7.2,7.1,7.1,7.5,7.5,7.2,7.2,7.3,7.128571428571427,7.4,7.346666666666666,N
KPHL,,0,KAPRUKA ,2024-03-06,6.7,6,3,2024,38.46153846153848,-0.14854226936005244,-0.07252592581412116,-0.07601634354593127,7.334999999999999,8.061273835554143,6.608726164445854,-35.0,0.3928571428571429,0.3928571428571429,6.8,6.8,7.1,7.1,6.8,7.0,7.3,7.8,7.6,7.9,7.9,7.7,7.6,7.5,7.5,7.3,7.5,7.4,7.2,7.5,7.3,7.3,7.2,7.2,7.1,7.1,7.5,7.5,7.2,7.2,6.985714285714285,7.3500000000000005,7.329999999999999,N
KPHL,,0,KAPRUKA ,2024-03-07,7.0,7,3,2024,38.46153846153848,-0.1469806043040922,-0.08741686151211538,-0.059563742791976834,7.325,8.064487731651553,6.585512268348446,23.0,0.40714285714285714,0.40714285714285714,6.9,6.8,6.8,7.1,7.1,6.8,7.0,7.3,7.8,7.6,7.9,7.9,7.7,7.6,7.5,7.5,7.3,7.5,7.4,7.2,7.5,7.3,7.3,7.2,7.2,7.1,7.1,7.5,7.5,7.2,6.928571428571429,7.307142857142857,7.3199999999999985,N
KPHL,,0,KAPRUKA ,2024-03-11,7.2,11,3,2024,42.857142857142854,-0.12015046097758031,-0.09396358140520837,-0.026186879572371938,7.32,8.058704413501314,6.581295586498688,-21.0,0.42142857142857143,0.42142857142857143,7.0,6.9,6.8,6.8,7.1,7.1,6.8,7.0,7.3,7.8,7.6,7.9,7.9,7.7,7.6,7.5,7.5,7.3,7.5,7.4,7.2,7.5,7.3,7.3,7.2,7.2,7.1,7.1,7.5,7.5,6.928571428571429,7.264285714285714,7.313333333333333,N
KPHL,,0,KAPRUKA ,2024-03-12,7.3,12,3,2024,40.74074074074074,-0.0897832494143298,-0.09312751500703267,0.003344265592702872,7.315,8.04991854185202,6.580081458147982,3.0,0.42857142857142855,0.42857142857142855,7.3,7.0,6.9,6.8,6.8,7.1,7.1,6.8,7.0,7.3,7.8,7.6,7.9,7.9,7.7,7.6,7.5,7.5,7.3,7.5,7.4,7.2,7.5,7.3,7.3,7.2,7.2,7.1,7.1,7.5,7.000000000000001,7.235714285714286,7.306666666666667,N
KPHL,,0,KAPRUKA ,2024-03-13,7.5,13,3,2024,40.74074074074074,-0.06496810360934102,-0.08749563272749435,0.022527529118153325,7.3199999999999985,8.055848954752623,6.584151045247375,-9.0,0.4214285714285714,0.4214285714285714,7.4,7.3,7.0,6.9,6.8,6.8,7.1,7.1,6.8,7.0,7.3,7.8,7.6,7.9,7.9,7.7,7.6,7.5,7.5,7.3,7.5,7.4,7.2,7.5,7.3,7.3,7.2,7.2,7.1,7.1,7.042857142857143,7.199999999999998,7.303333333333332,N
KPHL,,0,KAPRUKA ,2024-03-14,7.5,14,3,2024,45.83333333333335,-0.04478566055860167,-0.07895363829371581,0.03416797773511414,7.3149999999999995,8.047048315920545,6.582951684079453,1.0,0.4142857142857142,0.4142857142857142,7.4,7.4,7.3,7.0,6.9,6.8,6.8,7.1,7.1,6.8,7.0,7.3,7.8,7.6,7.9,7.9,7.7,7.6,7.5,7.5,7.3,7.5,7.4,7.2,7.5,7.3,7.3,7.2,7.2,7.1,7.0857142857142845,7.164285714285714,7.313333333333333,N
KPHL,,0,KAPRUKA ,2024-03-15,7.3,15,3,2024,39.130434782608695,-0.036440035256072534,-0.07045091768618715,0.03401088243011462,7.305,8.031853347982718,6.578146652017281,-5.0,0.3857142857142857,0.3857142857142857,7.4,7.4,7.4,7.3,7.0,6.9,6.8,6.8,7.1,7.1,6.8,7.0,7.3,7.8,7.6,7.9,7.9,7.7,7.6,7.5,7.5,7.3,7.5,7.4,7.2,7.5,7.3,7.3,7.2,7.2,7.171428571428571,7.149999999999999,7.323333333333333,N
KPHL,,0,KAPRUKA ,2024-03-18,7.1,18,3,2024,52.63157894736843,-0.02150896089932086,-0.060662526328813894,0.03915356542949303,7.295,8.010173883898545,6.579826116101455,11.0,0.37857142857142856,0.37857142857142856,7.3,7.4,7.4,7.4,7.3,7.0,6.9,6.8,6.8,7.1,7.1,6.8,7.0,7.3,7.8,7.6,7.9,7.9,7.7,7.6,7.5,7.5,7.3,7.5,7.4,7.2,7.5,7.3,7.3,7.2,7.242857142857142,7.114285714285713,7.326666666666667,N
KPHL,,0,KAPRUKA ,2024-03-19,7.6,19,3,2024,62.50000000000001,-0.009565709356004426,-0.050443162934252,0.040877453578247576,7.279999999999999,7.971603780696496,6.588396219303503,-8.0,0.35,0.35,7.4,7.3,7.4,7.4,7.4,7.3,7.0,6.9,6.8,6.8,7.1,7.1,6.8,7.0,7.3,7.8,7.6,7.9,7.9,7.7,7.6,7.5,7.5,7.3,7.5,7.4,7.2,7.5,7.3,7.3,7.314285714285714,7.121428571428571,7.333333333333333,N
KPHL,,0,KAPRUKA ,2024-03-20,7.5,20,3,2024,66.66666666666666,-0.008076658040232942,-0.0419698619554482,0.033893203915215254,7.25,7.877442595403212,6.622557404596788,14.0,0.37142857142857144,0.37142857142857144,7.4,7.4,7.3,7.4,7.4,7.4,7.3,7.0,6.9,6.8,6.8,7.1,7.1,6.8,7.0,7.3,7.8,7.6,7.9,7.9,7.7,7.6,7.5,7.5,7.3,7.5,7.4,7.2,7.5,7.3,7.371428571428571,7.149999999999999,7.336666666666667,N
KPHL,,0,KAPRUKA ,2024-03-21,7.6,21,3,2024,66.66666666666666,0.017113643224719866,-0.030153160919414584,0.04726680414413445,7.234999999999999,7.809089668404182,6.660910331595817,7.0,0.4,0.4,7.3,7.4,7.4,7.3,7.4,7.4,7.4,7.3,7.0,6.9,6.8,6.8,7.1,7.1,6.8,7.0,7.3,7.8,7.6,7.9,7.9,7.7,7.6,7.5,7.5,7.3,7.5,7.4,7.2,7.5,7.371428571428572,7.185714285714285,7.336666666666667,N
KPHL,,0,KAPRUKA ,2024-03-22,7.8,22,3,2024,52.63157894736843,0.0047457750622221795,-0.023173373723087233,0.027919148785309413,7.215000000000001,7.762818640754309,6.667181359245692,-9.0,0.40714285714285714,0.40714285714285714,7.6,7.3,7.4,7.4,7.3,7.4,7.4,7.4,7.3,7.0,6.9,6.8,6.8,7.1,7.1,6.8,7.0,7.3,7.8,7.6,7.9,7.9,7.7,7.6,7.5,7.5,7.3,7.5,7.4,7.2,7.399999999999999,7.221428571428571,7.340000000000001,N
KPHL,,0,KAPRUKA ,2024-03-25,7.5,25,3,2024,58.823529411764696,-0.012975441020215861,-0.02113378718251296,0.0081583461622971,7.18,7.655062322781254,6.704937677218745,7.0,0.39999999999999997,0.39999999999999997,7.2,7.6,7.3,7.4,7.4,7.3,7.4,7.4,7.4,7.3,7.0,6.9,6.8,6.8,7.1,7.1,6.8,7.0,7.3,7.8,7.6,7.9,7.9,7.7,7.6,7.5,7.5,7.3,7.5,7.4,7.371428571428571,7.228571428571429,7.34,N
KPHL,,0,KAPRUKA ,2024-03-26,7.5,26,3,2024,58.823529411764696,-0.026711716400813046,-0.022249373026172976,-0.0044623433746400695,7.17,7.642841355391453,6.697158644608547,11.0,0.39999999999999997,0.39999999999999997,7.1,7.2,7.6,7.3,7.4,7.4,7.3,7.4,7.4,7.4,7.3,7.0,6.9,6.8,6.8,7.1,7.1,6.8,7.0,7.3,7.8,7.6,7.9,7.9,7.7,7.6,7.5,7.5,7.3,7.5,7.328571428571428,7.250000000000001,7.33,N
KPHL,,0,KAPRUKA ,2024-03-27,7.3,27,3,2024,52.94117647058822,-0.04514655646936294,-0.02682880971481097,-0.018317746754551972,7.17,7.642841355391453,6.697158644608547,-10.0,0.39999999999999997,0.39999999999999997,7.1,7.1,7.2,7.6,7.3,7.4,7.4,7.3,7.4,7.4,7.4,7.3,7.0,6.9,6.8,6.8,7.1,7.1,6.8,7.0,7.3,7.8,7.6,7.9,7.9,7.7,7.6,7.5,7.5,7.3,7.299999999999999,7.271428571428572,7.316666666666666,N
KPHL,,0,KAPRUKA ,2024-03-28,7.2,28,3,2024,50.0,-0.059075316563306224,-0.03327811108451002,-0.0257972054787962,7.18,7.627684099149818,6.732315900850182,10.0,0.38571428571428573,0.38571428571428573,7.0,7.1,7.1,7.2,7.6,7.3,7.4,7.4,7.3,7.4,7.4,7.4,7.3,7.0,6.9,6.8,6.8,7.1,7.1,6.8,7.0,7.3,7.8,7.6,7.9,7.9,7.7,7.6,7.5,7.5,7.242857142857142,7.278571428571429,7.3066666666666675,N
