COMPANY ID,MAIN TYPE,SUB TYPE,SHORT NAME,TRADING DATE,OPEN PRICE (Rs.),Date,Month,Year,RSI_14,MACD_Line,MACD_Signal,MACD_Hist,BB_Mid,BB_Upper,BB_Lower,Volume_Change,ATR,ATR_14,CLOSE PRICE (Lag 1),CLOSE PRICE (Lag 2),CLOSE PRICE (Lag 3),CLOSE PRICE (Lag 4),CLOSE PRICE (Lag 5),CLOSE PRICE (Lag 6),CLOSE PRICE (Lag 7),CLOSE PRICE (Lag 8),CLOSE PRICE (Lag 9),CLOSE PRICE (Lag 10),CLOSE PRICE (Lag 11),CLOSE PRICE (Lag 12),CLOSE PRICE (Lag 13),CLOSE PRICE (Lag 14),CLOSE PRICE (Lag 15),CLOSE PRICE (Lag 16),CLOSE PRICE (Lag 17),CLOSE PRICE (Lag 18),CLOSE PRICE (Lag 19),CLOSE PRICE (Lag 20),CLOSE PRICE (Lag 21),CLOSE PRICE (Lag 22),CLOSE PRICE (Lag 23),CLOSE PRICE (Lag 24),CLOSE PRICE (Lag 25),CLOSE PRICE (Lag 26),CLOSE PRICE (Lag 27),CLOSE PRICE (Lag 28),CLOSE PRICE (Lag 29),CLOSE PRICE (Lag 30),MA_7,MA_14,MA_30
MORI,N,0,MORISONS,2019-02-08,645.0,8,2,2019,50.0,9.792136697157844,-4.724720783198454,14.516857480356297,617.5,809.4170873607991,425.58291263920086,0.0,161.2642857142857,161.2642857142857,720.9,532.9,720.9,532.9,720.9,532.9,720.9,532.9,720.9,532.9,532.9,532.9,532.9,720.9,720.9,532.9,532.9,720.9,532.9,532.9,532.9,720.9,532.9,532.9,532.9,532.9,532.9,720.9,532.9,720.9,640.3285714285714,613.4714285714284,601.8333333333334
MORI,N,0,MORISONS,2019-02-13,650.2,13,2,2019,55.55555555555556,15.471532675455364,-0.6854700914676903,16.157002766923053,626.9,819.7839301920088,434.01606980799113,4.0,156.62142857142857,156.62142857142857,720.9,720.9,532.9,720.9,532.9,720.9,532.9,720.9,532.9,720.9,532.9,532.9,532.9,532.9,720.9,720.9,532.9,532.9,720.9,532.9,532.9,532.9,720.9,532.9,532.9,532.9,532.9,532.9,720.9,532.9,640.3285714285714,613.4714285714284,601.8333333333334
MORI,X,0,MORISONS,2019-02-14,451.1,14,2,2019,47.91762247030637,-1.7696417879918727,-0.9023044307725268,-0.8673373572193459,613.4150000000001,816.0905693739446,410.73943062605554,7.0,171.82142857142858,171.82142857142858,720.9,720.9,720.9,532.9,720.9,532.9,720.9,532.9,720.9,532.9,720.9,532.9,532.9,532.9,532.9,720.9,720.9,532.9,532.9,720.9,532.9,532.9,532.9,720.9,532.9,532.9,532.9,532.9,532.9,720.9,667.1857142857143,626.8999999999999,608.1000000000001
MORI,N,0,MORISONS,2019-02-14,651.1,14,2,2019,54.21260195393027,6.257012313728865,0.5295589181277515,5.727453395601113,622.8149999999999,827.1989243343658,418.4310756656341,-11.0,183.75,183.75,451.2,720.9,720.9,720.9,532.9,720.9,532.9,720.9,532.9,720.9,532.9,720.9,532.9,532.9,532.9,532.9,720.9,720.9,532.9,532.9,720.9,532.9,532.9,532.9,720.9,532.9,532.9,532.9,532.9,532.9,628.657142857143,621.0642857142856,599.11
MORI,X,0,MORISONS,2019-02-15,470.0,15,2,2019,48.36671864379672,-9.040133473398555,-1.3843795601775097,-7.655753913221045,618.7299999999999,833.6738124866955,403.7861875133043,0.0,199.32142857142858,199.32142857142858,720.9,451.2,720.9,720.9,720.9,532.9,720.9,532.9,720.9,532.9,720.9,532.9,720.9,532.9,532.9,532.9,532.9,720.9,720.9,532.9,532.9,720.9,532.9,532.9,532.9,720.9,532.9,532.9,532.9,532.9,655.5142857142857,634.492857142857,605.3766666666668
MORI,N,0,MORISONS,2019-02-15,651.1,15,2,2019,50.0,0.5924746247027315,-0.9890087232014615,1.581483347904193,618.7299999999999,833.6738124866955,403.7861875133043,1.0,200.37857142857143,200.37857142857143,451.2,720.9,451.2,720.9,720.9,720.9,532.9,720.9,532.9,720.9,532.9,720.9,532.9,720.9,532.9,532.9,532.9,532.9,720.9,720.9,532.9,532.9,720.9,532.9,532.9,532.9,720.9,532.9,532.9,532.9,616.9857142857143,628.6571428571426,602.6533333333334
MORI,N,0,MORISONS,2019-02-18,651.1,18,2,2019,53.925171204275934,8.132637953702897,0.8353206121794101,7.297317341523486,618.73,833.6738124866956,403.7861875133044,-1.0,189.58571428571426,189.58571428571426,720.9,451.2,720.9,451.2,720.9,720.9,720.9,532.9,720.9,532.9,720.9,532.9,720.9,532.9,720.9,532.9,532.9,532.9,532.9,720.9,720.9,532.9,532.9,720.9,532.9,532.9,532.9,720.9,532.9,532.9,643.842857142857,628.6571428571426,608.9200000000001
MORI,N,0,MORISONS,2019-02-20,651.1,20,2,2019,50.0,13.947493690626516,3.457755227868831,10.489738462757686,628.13,843.7118183916552,412.5481816083448,0.0,181.34999999999997,181.34999999999997,720.9,720.9,451.2,720.9,451.2,720.9,720.9,720.9,532.9,720.9,532.9,720.9,532.9,720.9,532.9,720.9,532.9,532.9,532.9,532.9,720.9,720.9,532.9,532.9,720.9,532.9,532.9,532.9,720.9,532.9,643.842857142857,642.0857142857141,615.1866666666667
MORI,N,0,MORISONS,2019-02-21,651.1,21,2,2019,54.65623142460867,18.344346547867303,6.4350734918685255,11.909273055998778,637.53,852.0203590030636,423.0396409969363,4.0,166.5642857142857,166.5642857142857,720.9,720.9,720.9,451.2,720.9,451.2,720.9,720.9,720.9,532.9,720.9,532.9,720.9,532.9,720.9,532.9,720.9,532.9,532.9,532.9,532.9,720.9,720.9,532.9,532.9,720.9,532.9,532.9,532.9,720.9,643.842857142857,642.0857142857141,621.4533333333334
MORI,N,0,MORISONS,2019-02-22,655.1,22,2,2019,48.39033673415447,16.722002244590158,8.492459242412853,8.229543002177305,643.885,852.7812399198021,434.98876008019784,1.0,158.04285714285712,158.04285714285712,720.9,720.9,720.9,720.9,451.2,720.9,451.2,720.9,720.9,720.9,532.9,720.9,532.9,720.9,532.9,720.9,532.9,720.9,532.9,532.9,532.9,532.9,720.9,720.9,532.9,532.9,720.9,532.9,532.9,532.9,643.842857142857,655.5142857142855,621.4533333333334
MORI,X,0,MORISONS,2019-02-25,401.7,25,2,2019,47.8640522875817,-1.3960396140411149,6.514759471122059,-7.910799085163174,639.8,860.6857194402379,418.914280559762,2.0,160.83571428571426,160.83571428571426,660.0,720.9,720.9,720.9,720.9,451.2,720.9,451.2,720.9,720.9,720.9,532.9,720.9,532.9,720.9,532.9,720.9,532.9,720.9,532.9,532.9,532.9,532.9,720.9,720.9,532.9,532.9,720.9,532.9,532.9,673.6714285714286,651.1642857142855,625.6900000000002
MORI,X,0,MORISONS,2019-02-26,424.9,26,2,2019,42.18034212815309,-15.575177370928373,2.0967721027119737,-17.671949473640346,626.3149999999999,858.9704830419297,393.6595169580702,-7.0,147.27857142857144,147.27857142857144,451.2,660.0,720.9,720.9,720.9,720.9,451.2,720.9,451.2,720.9,720.9,720.9,532.9,720.9,532.9,720.9,532.9,720.9,532.9,720.9,532.9,532.9,532.9,532.9,720.9,720.9,532.9,532.9,720.9,532.9,635.1428571428571,645.3285714285713,622.9666666666668
MORI,X,0,MORISONS,2019-02-27,425.0,27,2,2019,45.826245826245824,-30.55911518762423,-4.434405355355268,-26.124709832268962,619.6899999999999,870.3918098731722,368.9881901268277,12.0,135.15,135.15,451.2,451.2,660.0,720.9,720.9,720.9,720.9,451.2,720.9,451.2,720.9,720.9,720.9,532.9,720.9,532.9,720.9,532.9,720.9,532.9,720.9,532.9,532.9,532.9,532.9,720.9,720.9,532.9,532.9,720.9,635.1428571428571,626.0642857142856,620.2433333333335
MORI,N,0,MORISONS,2019-02-27,660.0,27,2,2019,47.92272286821705,-21.855828688595466,-7.918690022003307,-13.937138666592158,616.26,862.9768792894312,369.5431207105688,-11.0,138.54285714285714,138.54285714285714,400.4,451.2,451.2,660.0,720.9,720.9,720.9,720.9,451.2,720.9,451.2,720.9,720.9,720.9,532.9,720.9,532.9,720.9,532.9,720.9,532.9,720.9,532.9,532.9,532.9,532.9,720.9,720.9,532.9,532.9,589.3571428571429,616.5999999999998,609.5600000000001
MORI,X,0,MORISONS,2019-03-01,423.9,1,3,2019,42.11282597126131,-32.960024979229956,-12.926957013448638,-20.03306796578132,610.8399999999999,869.7300469717841,351.94995302821576,4.0,149.43571428571428,149.43571428571428,652.3,400.4,451.2,451.2,660.0,720.9,720.9,720.9,720.9,451.2,720.9,451.2,720.9,720.9,720.9,532.9,720.9,532.9,720.9,532.9,720.9,532.9,720.9,532.9,532.9,532.9,532.9,720.9,720.9,532.9,579.5571428571428,611.6999999999998,613.5400000000002
MORI,N,0,MORISONS,2019-03-01,652.1,1,3,2019,48.37193848490601,-23.112201275547818,-14.964005865868476,-8.148195409679342,607.41,861.9414365859869,352.878563414013,-4.0,160.6285714285714,160.6285714285714,424.5,652.3,400.4,451.2,451.2,660.0,720.9,720.9,720.9,720.9,451.2,720.9,451.2,720.9,720.9,720.9,532.9,720.9,532.9,720.9,532.9,720.9,532.9,720.9,532.9,532.9,532.9,532.9,720.9,720.9,537.2142857142857,590.5285714285712,609.9266666666667
MORI,X,0,MORISONS,2019-03-05,447.7,5,3,2019,49.35347958738922,-33.30536274673079,-18.632277242040942,-14.673085504689851,601.99,867.5783233007132,336.4016766992867,-1.0,155.96428571428572,155.96428571428572,652.3,424.5,652.3,400.4,451.2,451.2,660.0,720.9,720.9,720.9,720.9,451.2,720.9,451.2,720.9,720.9,720.9,532.9,720.9,532.9,720.9,532.9,720.9,532.9,720.9,532.9,532.9,532.9,532.9,720.9,527.4142857142857,585.6285714285714,607.6400000000001
MORI,X,0,MORISONS,2019-03-06,430.0,6,3,2019,41.74465240641712,-40.911909623050974,-23.08820371824295,-17.823705904808023,587.17,857.8502199527778,316.4897800472221,1.0,142.0785714285714,142.0785714285714,424.5,652.3,424.5,652.3,400.4,451.2,451.2,660.0,720.9,720.9,720.9,720.9,451.2,720.9,451.2,720.9,720.9,720.9,532.9,720.9,532.9,720.9,532.9,720.9,532.9,720.9,532.9,532.9,532.9,532.9,493.77142857142854,583.7214285714284,597.7600000000001
MORI,X,0,MORISONS,2019-03-11,420.0,11,3,2019,49.12487708947886,-46.405222308224324,-27.751607436239226,-18.6536148719851,581.75,861.2046305329648,302.2953694670353,5.0,124.47857142857141,124.47857142857141,424.5,424.5,652.3,424.5,652.3,400.4,451.2,451.2,660.0,720.9,720.9,720.9,720.9,451.2,720.9,451.2,720.9,720.9,720.9,532.9,720.9,532.9,720.9,532.9,720.9,532.9,720.9,532.9,532.9,532.9,489.95714285714286,562.5499999999998,594.1466666666668
MORI,X,0,MORISONS,2019-03-12,420.0,12,3,2019,38.19875776397516,-50.180265325858954,-32.237339014163176,-17.94292631169578,566.93,846.7505898898717,287.1094101101282,-6.0,110.52142857142856,110.52142857142856,424.5,424.5,424.5,652.3,424.5,652.3,400.4,451.2,451.2,660.0,720.9,720.9,720.9,720.9,451.2,720.9,451.2,720.9,720.9,720.9,532.9,720.9,532.9,720.9,532.9,720.9,532.9,720.9,532.9,532.9,486.1428571428572,560.642857142857,590.5333333333334
MORI,N,0,MORISONS,2019-03-12,675.0,12,3,2019,47.688056079805875,-34.39398546416692,-32.66866830416393,-1.7253171600029873,563.5,836.9839165866596,290.0160834133404,0.0,123.42857142857142,123.42857142857142,424.5,424.5,424.5,424.5,652.3,424.5,652.3,400.4,451.2,451.2,660.0,720.9,720.9,720.9,720.9,451.2,720.9,451.2,720.9,720.9,720.9,532.9,720.9,532.9,720.9,532.9,720.9,532.9,720.9,532.9,489.58571428571435,539.4714285714284,586.9200000000001
MORI,X,0,MORISONS,2019-03-13,421.0,13,3,2019,41.340423045459865,-39.80594300313561,-34.09612324395827,-5.709819759177343,548.6800000000001,818.3474333907953,279.0125666092048,0.0,134.9642857142857,134.9642857142857,652.3,424.5,424.5,424.5,424.5,652.3,424.5,652.3,400.4,451.2,451.2,660.0,720.9,720.9,720.9,720.9,451.2,720.9,451.2,720.9,720.9,720.9,532.9,720.9,532.9,720.9,532.9,720.9,532.9,720.9,489.58571428571435,534.5714285714284,590.9000000000001
MORI,X,0,MORISONS,2019-03-14,421.0,14,3,2019,41.340423045459865,-43.59245169602406,-35.99538893437143,-7.59706276165263,547.345,819.2990090762253,275.3909909237747,4.0,130.22857142857143,130.22857142857143,424.5,652.3,424.5,424.5,424.5,424.5,652.3,424.5,652.3,400.4,451.2,451.2,660.0,720.9,720.9,720.9,720.9,451.2,720.9,451.2,720.9,720.9,720.9,532.9,720.9,532.9,720.9,532.9,720.9,532.9,489.58571428571435,513.3999999999999,581.0200000000001
MORI,X,0,MORISONS,2019-03-15,430.0,15,3,2019,42.865798242956686,-46.0623094845148,-38.0087730444001,-8.053536440114698,532.525,796.8541717775994,268.19582822240056,-3.0,125.99285714285713,125.99285714285713,424.5,424.5,652.3,424.5,424.5,424.5,424.5,652.3,424.5,652.3,400.4,451.2,451.2,660.0,720.9,720.9,720.9,720.9,451.2,720.9,451.2,720.9,720.9,720.9,532.9,720.9,532.9,720.9,532.9,720.9,457.04285714285714,492.2285714285714,577.4066666666666
MORI,X,0,MORISONS,2019-03-19,432.0,19,3,2019,49.074009849483254,-47.47245664661409,-39.9015097648429,-7.570946881771192,531.19,797.5107713700868,264.8692286299134,8.0,112.8142857142857,112.8142857142857,424.5,424.5,424.5,652.3,424.5,424.5,424.5,424.5,652.3,424.5,652.3,400.4,451.2,451.2,660.0,720.9,720.9,720.9,720.9,451.2,720.9,451.2,720.9,720.9,720.9,532.9,720.9,532.9,720.9,532.9,457.04285714285714,475.40714285714284,567.5266666666666
MORI,N,0,MORISONS,2019-03-19,675.0,19,3,2019,56.02276130578018,-29.864196370234936,-37.89404708592131,8.029850715686372,527.76,785.419313210702,270.10068678929804,-8.0,128.82857142857142,128.82857142857142,424.5,424.5,424.5,424.5,652.3,424.5,424.5,424.5,424.5,652.3,424.5,652.3,400.4,451.2,451.2,660.0,720.9,720.9,720.9,720.9,451.2,720.9,451.2,720.9,720.9,720.9,532.9,720.9,532.9,720.9,457.04285714285714,473.5,563.9133333333333
MORI,N,0,MORISONS,2019-03-21,648.0,21,3,2019,57.78093531846544,-15.728218132385223,-33.460881295214094,17.73266316282887,524.3299999999999,772.8271172129728,275.8328827870271,1.0,125.48571428571428,125.48571428571428,652.3,424.5,424.5,424.5,424.5,652.3,424.5,424.5,424.5,424.5,652.3,424.5,652.3,400.4,451.2,451.2,660.0,720.9,720.9,720.9,720.9,451.2,720.9,451.2,720.9,720.9,720.9,532.9,720.9,532.9,489.58571428571435,487.86428571428576,561.6266666666666
MORI,N,0,MORISONS,2019-03-22,670.0,22,3,2019,50.0,-4.473782554213699,-27.663461547014016,23.189678992800317,520.9,759.6765482621777,282.1234517378222,-2.0,108.20714285714284,108.20714285714284,652.3,652.3,424.5,424.5,424.5,424.5,652.3,424.5,424.5,424.5,424.5,652.3,424.5,652.3,400.4,451.2,451.2,660.0,720.9,720.9,720.9,720.9,451.2,720.9,451.2,720.9,720.9,720.9,532.9,720.9,522.1285714285714,505.85714285714283,565.6066666666667
MORI,X,0,MORISONS,2019-03-25,380.1,25,3,2019,50.0,-13.77730131713679,-24.886229501038574,11.108928183901785,506.08000000000004,728.8463170230189,283.3136829769813,1.0,111.34285714285714,111.34285714285714,652.3,652.3,652.3,424.5,424.5,424.5,424.5,652.3,424.5,424.5,424.5,424.5,652.3,424.5,652.3,400.4,451.2,451.2,660.0,720.9,720.9,720.9,720.9,451.2,720.9,451.2,720.9,720.9,720.9,532.9,522.1285714285714,505.85714285714283,563.3199999999999
MORI,N,0,MORISONS,2019-03-28,670.0,28,3,2019,50.0,-2.7372969141034673,-20.456442983651556,17.71914606954809,505.695,727.3651720076358,284.0248279923642,0.0,112.62142857142855,112.62142857142855,424.5,652.3,652.3,652.3,424.5,424.5,424.5,424.5,652.3,424.5,424.5,424.5,424.5,652.3,424.5,652.3,400.4,451.2,451.2,660.0,720.9,720.9,720.9,720.9,451.2,720.9,451.2,720.9,720.9,720.9,522.1285714285714,505.85714285714283,559.7066666666667
MORI,N,0,MORISONS,2019-03-29,670.0,29,3,2019,60.0,5.943473451966611,-15.176459696527921,21.119933148494532,515.7499999999999,745.1222187555462,286.37778124445356,-1.0,99.27142857142857,99.27142857142857,652.3,424.5,652.3,652.3,652.3,424.5,424.5,424.5,424.5,652.3,424.5,424.5,424.5,424.5,652.3,424.5,652.3,400.4,451.2,451.2,660.0,720.9,720.9,720.9,720.9,451.2,720.9,451.2,720.9,720.9,554.6714285714286,505.85714285714283,557.42
MORI,X,0,MORISONS,2019-04-01,495.0,1,4,2019,52.78442882521047,0.2564021039934232,-12.089887336423653,12.346289440417076,518.02,745.5939935192857,290.4460064807143,7.0,110.39999999999999,110.39999999999999,652.3,652.3,424.5,652.3,652.3,652.3,424.5,424.5,424.5,424.5,652.3,424.5,424.5,424.5,424.5,652.3,424.5,652.3,400.4,451.2,451.2,660.0,720.9,720.9,720.9,720.9,451.2,720.9,451.2,720.9,587.2142857142857,522.1285714285715,555.1333333333333
MORI,X,0,MORISONS,2019-04-02,494.8,2,4,2019,52.84270616369667,-4.074567209706288,-10.48682331108018,6.412256101373892,522.9100000000001,743.9516764703937,301.86832352960636,-3.0,110.45,110.45,496.6,652.3,652.3,424.5,652.3,652.3,652.3,424.5,424.5,424.5,424.5,652.3,424.5,424.5,424.5,424.5,652.3,424.5,652.3,400.4,451.2,451.2,660.0,720.9,720.9,720.9,720.9,451.2,720.9,451.2,597.5142857142857,527.2785714285714,547.6566666666666
MORI,X,0,MORISONS,2019-04-03,500.0,3,4,2019,52.84270616369667,-7.421342971611125,-9.87372724318637,2.4523842715752444,515.2049999999999,727.8394674243623,302.5705325756376,-4.0,110.25714285714285,110.25714285714285,498.2,496.6,652.3,652.3,424.5,652.3,652.3,652.3,424.5,424.5,424.5,424.5,652.3,424.5,424.5,424.5,424.5,652.3,424.5,652.3,400.4,451.2,451.2,660.0,720.9,720.9,720.9,720.9,451.2,720.9,575.5,532.5428571428571,549.2233333333334
MORI,X,0,MORISONS,2019-04-04,500.1,4,4,2019,42.88517238157526,-9.815297281119342,-9.862041250772965,0.046743969653622486,518.9799999999999,727.4746103051967,310.4853896948031,9.0,92.5,92.5,498.2,498.2,496.6,652.3,652.3,424.5,652.3,652.3,652.3,424.5,424.5,424.5,424.5,652.3,424.5,424.5,424.5,424.5,652.3,424.5,652.3,400.4,451.2,451.2,660.0,720.9,720.9,720.9,720.9,451.2,553.4857142857144,537.8071428571428,541.8
MORI,N,0,MORISONS,2019-04-04,670.0,4,4,2019,61.44953759549658,0.5702404795921439,-7.775584904699943,8.345825384292088,518.98,727.4746103051968,310.4853896948032,-9.0,88.12142857142858,88.12142857142858,500.0,498.2,498.2,496.6,652.3,652.3,424.5,652.3,652.3,652.3,424.5,424.5,424.5,424.5,652.3,424.5,424.5,424.5,424.5,652.3,424.5,652.3,400.4,451.2,451.2,660.0,720.9,720.9,720.9,720.9,531.7285714285715,526.9285714285714,543.4266666666666
MORI,X,0,MORISONS,2019-04-05,500.0,5,4,2019,53.290907505884405,-3.4487284028086833,-6.910213604321692,3.4614852015130086,522.755,726.7319179408094,318.77808205919064,3.0,100.17857142857143,100.17857142857143,652.3,500.0,498.2,498.2,496.6,652.3,652.3,424.5,652.3,652.3,652.3,424.5,424.5,424.5,424.5,652.3,424.5,424.5,424.5,424.5,652.3,424.5,652.3,400.4,451.2,451.2,660.0,720.9,720.9,720.9,564.2714285714285,543.2,541.14
MORI,N,0,MORISONS,2019-04-05,620.0,5,4,2019,58.765584115745725,5.591096300755339,-4.409951623306286,10.001047924061625,534.145,740.4480420471177,327.84195795288224,-2.0,110.42857142857143,110.42857142857143,500.0,652.3,500.0,498.2,498.2,496.6,652.3,652.3,424.5,652.3,652.3,652.3,424.5,424.5,424.5,424.5,652.3,424.5,424.5,424.5,424.5,652.3,424.5,652.3,400.4,451.2,451.2,660.0,720.9,720.9,542.5142857142856,548.5928571428572,533.7766666666668
MORI,X,0,MORISONS,2019-04-08,500.0,8,4,2019,51.713395638629294,-1.525748689908255,-3.83311103662668,2.307362346718425,536.675,738.5090941935912,334.84090580640867,3.0,117.7,117.7,652.3,500.0,652.3,500.0,498.2,498.2,496.6,652.3,652.3,424.5,652.3,652.3,652.3,424.5,424.5,424.5,424.5,652.3,424.5,424.5,424.5,424.5,652.3,424.5,652.3,400.4,451.2,451.2,660.0,720.9,542.5142857142856,564.8642857142858,531.49
MORI,X,0,MORISONS,2019-04-09,478.0,9,4,2019,42.7409061901723,-7.467142928292446,-4.559917414959834,-2.9072255133326124,538.9649999999999,736.432271372139,341.49772862786085,4.0,102.65714285714284,102.65714285714284,475.1,652.3,500.0,652.3,500.0,498.2,498.2,496.6,652.3,652.3,424.5,652.3,652.3,652.3,424.5,424.5,424.5,424.5,652.3,424.5,424.5,424.5,424.5,652.3,424.5,652.3,400.4,451.2,451.2,660.0,539.4428571428571,568.4785714285715,523.2966666666666
MORI,X,0,MORISONS,2019-04-10,519.0,10,4,2019,46.16769161541924,-5.671173822430546,-4.782168696453977,-0.8890051259765697,533.8549999999999,724.1319225711777,343.5780774288221,4.0,109.46428571428571,109.46428571428571,470.3,475.1,652.3,500.0,652.3,500.0,498.2,498.2,496.6,652.3,652.3,424.5,652.3,652.3,652.3,424.5,424.5,424.5,424.5,652.3,424.5,424.5,424.5,424.5,652.3,424.5,652.3,400.4,451.2,451.2,535.4571428571428,555.4785714285715,516.9733333333332
MORI,N,0,MORISONS,2019-04-17,724.0,17,4,2019,50.0,3.953259794098699,-3.0350829983434418,6.988342792442141,545.245,735.2318524536981,355.2581475463018,-11.0,120.69285714285714,120.69285714285714,550.1,470.3,475.1,652.3,500.0,652.3,500.0,498.2,498.2,496.6,652.3,652.3,424.5,652.3,652.3,652.3,424.5,424.5,424.5,424.5,652.3,424.5,424.5,424.5,424.5,652.3,424.5,652.3,400.4,451.2,542.8714285714286,548.1785714285714,520.27
MORI,X,0,MORISONS,2019-04-17,550.0,17,4,2019,54.79389312977099,3.296012515948064,-1.7688638954851408,5.064876411433205,551.5249999999999,732.8108850138732,370.23911498612654,4.0,111.67857142857143,111.67857142857143,652.3,550.1,470.3,475.1,652.3,500.0,652.3,500.0,498.2,498.2,496.6,652.3,652.3,424.5,652.3,652.3,652.3,424.5,424.5,424.5,424.5,652.3,424.5,424.5,424.5,424.5,652.3,424.5,652.3,400.4,564.6285714285715,548.1785714285714,526.9733333333332
MORI,X,0,MORISONS,2019-04-18,549.9,18,4,2019,45.278137128072444,2.743513793568468,-0.8663883576744192,3.609902151242887,557.805,728.9833492827233,386.6266507172766,-4.0,94.5142857142857,94.5142857142857,550.1,652.3,550.1,470.3,475.1,652.3,500.0,652.3,500.0,498.2,498.2,496.6,652.3,652.3,424.5,652.3,652.3,652.3,424.5,424.5,424.5,424.5,652.3,424.5,424.5,424.5,424.5,652.3,424.5,652.3,550.0285714285714,557.15,531.9633333333333
MORI,N,0,MORISONS,2019-04-18,724.0,18,4,2019,50.0,10.4320858624327,1.3933064863470048,9.038779376085696,569.1949999999999,733.1905516084767,405.1994483915232,6.0,105.8142857142857,105.8142857142857,550.1,550.1,652.3,550.1,470.3,475.1,652.3,500.0,652.3,500.0,498.2,498.2,496.6,652.3,652.3,424.5,652.3,652.3,652.3,424.5,424.5,424.5,424.5,652.3,424.5,424.5,424.5,424.5,652.3,424.5,557.1857142857143,549.85,528.5566666666666
MORI,X,0,MORISONS,2019-04-23,500.0,23,4,2019,52.3653727119993,8.184305165817136,2.751506222241031,5.432798943576105,564.0849999999999,723.4818932537503,404.6881067462495,-5.0,106.94285714285714,106.94285714285714,652.3,550.1,550.1,652.3,550.1,470.3,475.1,652.3,500.0,652.3,500.0,498.2,498.2,496.6,652.3,652.3,424.5,652.3,652.3,652.3,424.5,424.5,424.5,424.5,652.3,424.5,424.5,424.5,424.5,652.3,557.1857142857143,549.85,536.15
MORI,N,0,MORISONS,2019-04-23,724.0,23,4,2019,56.25659764514819,14.482661541223024,5.09773728603743,9.384924255185595,564.085,723.4818932537505,404.6881067462496,-1.0,118.99285714285713,118.99285714285713,550.1,652.3,550.1,550.1,652.3,550.1,470.3,475.1,652.3,500.0,652.3,500.0,498.2,498.2,496.6,652.3,652.3,424.5,652.3,652.3,652.3,424.5,424.5,424.5,424.5,652.3,424.5,424.5,424.5,424.5,567.9,553.6714285714286,532.7433333333333
MORI,N,0,MORISONS,2019-04-24,724.0,24,4,2019,56.25659764514819,19.252226661085388,7.928635161047022,11.323591500038365,564.0849999999999,723.4818932537503,404.6881067462495,2.0,123.98571428571428,123.98571428571428,652.3,550.1,652.3,550.1,550.1,652.3,550.1,470.3,475.1,652.3,500.0,652.3,500.0,498.2,498.2,496.6,652.3,652.3,424.5,652.3,652.3,652.3,424.5,424.5,424.5,424.5,652.3,424.5,424.5,424.5,593.9,564.6785714285714,540.3366666666666
MORI,X,0,MORISONS,2019-04-30,483.2,30,4,2019,51.88077182971694,14.616960283073581,9.266300185452334,5.3506600976212475,570.365,715.9005594094849,424.8294405905151,-2.0,135.94285714285712,135.94285714285712,652.3,652.3,550.1,652.3,550.1,550.1,652.3,550.1,470.3,475.1,652.3,500.0,652.3,500.0,498.2,498.2,496.6,652.3,652.3,424.5,652.3,652.3,652.3,424.5,424.5,424.5,424.5,652.3,424.5,424.5,608.5,575.6857142857144,547.93
MORI,N,0,MORISONS,2019-04-30,650.1,30,4,2019,50.0,18.971472832687255,11.207334714899318,7.764138117787937,570.365,715.9005594094849,424.8294405905151,0.0,130.94285714285712,130.94285714285712,550.1,652.3,652.3,550.1,652.3,550.1,550.1,652.3,550.1,470.3,475.1,652.3,500.0,652.3,500.0,498.2,498.2,496.6,652.3,652.3,424.5,652.3,652.3,652.3,424.5,424.5,424.5,424.5,652.3,424.5,593.9,579.2642857142858,552.1166666666667
MORI,X,0,MORISONS,2019-05-02,483.5,2,5,2019,49.2658928434161,8.493994370616178,10.66466664604269,-2.1706722754265115,561.7950000000001,707.2015730071525,416.3884269928476,5.0,130.94285714285712,130.94285714285712,652.3,550.1,652.3,652.3,550.1,652.3,550.1,550.1,652.3,550.1,470.3,475.1,652.3,500.0,652.3,500.0,498.2,498.2,496.6,652.3,652.3,424.5,652.3,652.3,652.3,424.5,424.5,424.5,424.5,652.3,608.5,579.2642857142858,559.7099999999999
MORI,X,0,MORISONS,2019-05-03,534.0,3,5,2019,42.53874281734285,0.1883460670491104,8.569402530243975,-8.381056463194865,561.01,708.0587767267796,413.96122327322047,-6.0,124.02142857142856,124.02142857142856,480.9,652.3,550.1,652.3,652.3,550.1,652.3,550.1,550.1,652.3,550.1,470.3,475.1,652.3,500.0,652.3,500.0,498.2,498.2,496.6,652.3,652.3,424.5,652.3,652.3,652.3,424.5,424.5,424.5,424.5,598.6142857142856,577.9000000000001,553.9966666666666
MORI,N,0,MORISONS,2019-05-03,650.0,3,5,2019,57.75288764438222,7.351859834145671,8.325893991024316,-0.9740341568786448,568.7149999999999,718.0378966826063,419.39210331739355,2.0,128.70714285714286,128.70714285714286,480.9,480.9,652.3,550.1,652.3,652.3,550.1,652.3,550.1,550.1,652.3,550.1,470.3,475.1,652.3,500.0,652.3,500.0,498.2,498.2,496.6,652.3,652.3,424.5,652.3,652.3,652.3,424.5,424.5,424.5,574.1285714285715,565.657142857143,555.8766666666666
MORI,N,0,MORISONS,2019-05-06,602.1,6,5,2019,57.99648506151143,12.880517516809391,9.23681869618133,3.6436988206280603,576.4200000000001,726.3245675368872,426.5154324631129,-2.0,129.44285714285712,129.44285714285712,652.3,480.9,480.9,652.3,550.1,652.3,652.3,550.1,652.3,550.1,550.1,652.3,550.1,470.3,475.1,652.3,500.0,652.3,500.0,498.2,498.2,496.6,652.3,652.3,424.5,652.3,652.3,652.3,424.5,424.5,588.7285714285714,578.3142857142858,563.4699999999999
MORI,X,0,MORISONS,2019-05-06,533.9,6,5,2019,47.18607677293429,3.392365928961226,8.06792814273731,-4.675562213776084,575.465,727.6455475500456,423.2844524499544,4.0,130.78571428571428,130.78571428571428,652.3,652.3,480.9,480.9,652.3,550.1,652.3,652.3,550.1,652.3,550.1,550.1,652.3,550.1,470.3,475.1,652.3,500.0,652.3,500.0,498.2,498.2,496.6,652.3,652.3,424.5,652.3,652.3,652.3,424.5,588.7285714285714,591.3142857142858,571.0633333333333
MORI,N,0,MORISONS,2019-05-15,690.0,15,5,2019,50.0,9.59290396208337,8.372923306606523,1.2199806554768458,575.4649999999999,727.6455475500455,423.2844524499543,-4.0,133.22857142857143,133.22857142857143,480.9,652.3,652.3,480.9,480.9,652.3,550.1,652.3,652.3,550.1,652.3,550.1,550.1,652.3,550.1,470.3,475.1,652.3,500.0,652.3,500.0,498.2,498.2,496.6,652.3,652.3,424.5,652.3,652.3,652.3,564.242857142857,586.3714285714286,572.9433333333332
MORI,N,0,MORISONS,2019-05-16,660.2,16,5,2019,54.270432893197395,14.341554512682364,9.566649547821692,4.7749049648606725,583.0799999999999,734.6012349196608,431.55876508033907,1.0,123.35714285714286,123.35714285714286,652.3,480.9,652.3,652.3,480.9,480.9,652.3,550.1,652.3,652.3,550.1,652.3,550.1,550.1,652.3,550.1,470.3,475.1,652.3,500.0,652.3,500.0,498.2,498.2,496.6,652.3,652.3,424.5,652.3,652.3,578.842857142857,586.3714285714286,572.9433333333333
MORI,N,0,MORISONS,2019-05-21,660.0,21,5,2019,54.270432893197395,17.898570704602662,11.233033779177887,6.6655369254247745,583.08,734.6012349196609,431.5587650803392,-1.0,123.53571428571426,123.53571428571426,652.3,652.3,480.9,652.3,652.3,480.9,480.9,652.3,550.1,652.3,652.3,550.1,652.3,550.1,550.1,652.3,550.1,470.3,475.1,652.3,500.0,652.3,500.0,498.2,498.2,496.6,652.3,652.3,424.5,652.3,578.8428571428573,593.6714285714286,572.9433333333333
MORI,X,0,MORISONS,2019-05-21,500.0,21,5,2019,43.89187454880886,8.332146687393788,10.652856360821069,-2.320709673427281,584.325,732.482354116991,436.167645883009,2.0,121.85,121.85,652.3,652.3,652.3,480.9,652.3,652.3,480.9,480.9,652.3,550.1,652.3,652.3,550.1,652.3,550.1,550.1,652.3,550.1,470.3,475.1,652.3,500.0,652.3,500.0,498.2,498.2,496.6,652.3,652.3,424.5,603.3285714285713,600.9714285714286,572.9433333333334
MORI,N,0,MORISONS,2019-05-22,660.0,22,5,2019,53.94046884639112,12.891419646134409,11.100569017883739,1.79085062825067,593.425,734.2706097628668,452.57939023713305,-2.0,120.62857142857142,120.62857142857142,500.0,652.3,652.3,652.3,480.9,652.3,652.3,480.9,480.9,652.3,550.1,652.3,652.3,550.1,652.3,550.1,550.1,652.3,550.1,470.3,475.1,652.3,500.0,652.3,500.0,498.2,498.2,496.6,652.3,652.3,606.0571428571428,590.092857142857,575.4599999999999
MORI,N,0,MORISONS,2019-05-24,700.0,24,5,2019,50.0,16.316588834365575,12.143772981180106,4.172815853185469,598.5350000000001,740.1757802561785,456.8942197438216,0.0,111.61428571428571,111.61428571428571,652.3,500.0,652.3,652.3,652.3,480.9,652.3,652.3,480.9,480.9,652.3,550.1,652.3,652.3,550.1,652.3,550.1,550.1,652.3,550.1,470.3,475.1,652.3,500.0,652.3,500.0,498.2,498.2,496.6,652.3,606.0571428571428,597.392857142857,575.4599999999999
MORI,N,0,MORISONS,2019-05-27,764.8,27,5,2019,50.0,18.814181915351583,13.477854768014403,5.33632714733718,598.535,740.1757802561784,456.8942197438215,1.0,114.52857142857142,114.52857142857142,652.3,652.3,500.0,652.3,652.3,652.3,480.9,652.3,652.3,480.9,480.9,652.3,550.1,652.3,652.3,550.1,652.3,550.1,550.1,652.3,550.1,470.3,475.1,652.3,500.0,652.3,500.0,498.2,498.2,496.6,606.0571428571428,597.392857142857,575.4599999999999
MORI,N,0,MORISONS,2019-05-28,763.5,28,5,2019,54.677773709264,20.556578979766755,14.893599610364873,5.6629793694018815,603.645,745.3024887016682,461.9875112983318,40.0,110.69285714285715,110.69285714285715,652.3,652.3,652.3,500.0,652.3,652.3,652.3,480.9,652.3,652.3,480.9,480.9,652.3,550.1,652.3,652.3,550.1,652.3,550.1,550.1,652.3,550.1,470.3,475.1,652.3,500.0,652.3,500.0,498.2,498.2,630.5428571428572,597.392857142857,580.65
MORI,N,0,MORISONS,2019-05-29,764.0,29,5,2019,56.069210292812784,32.60026238943942,18.434932166179784,14.165330223259637,615.595,777.1583814034801,454.03161859651993,33.0,115.19285714285715,115.19285714285715,652.3,652.3,652.3,652.3,500.0,652.3,652.3,652.3,480.9,652.3,652.3,480.9,480.9,652.3,550.1,652.3,652.3,550.1,652.3,550.1,550.1,652.3,550.1,470.3,475.1,652.3,500.0,652.3,500.0,498.2,630.5428571428572,604.6928571428571,585.7866666666666
MORI,X,0,MORISONS,2019-05-29,527.5,29,5,2019,53.383458646616546,23.468672327052673,19.441680198354362,4.026992128698311,611.03,773.3840782882961,448.67592171170384,-56.0,121.57142857142857,121.57142857142857,789.1,652.3,652.3,652.3,652.3,500.0,652.3,652.3,652.3,480.9,652.3,652.3,480.9,480.9,652.3,550.1,652.3,652.3,550.1,652.3,550.1,550.1,652.3,550.1,470.3,475.1,652.3,500.0,652.3,500.0,650.0857142857143,614.4642857142857,595.4833333333332
MORI,N,0,MORISONS,2019-05-30,764.1,30,5,2019,60.91514378807197,34.24285478726756,22.401915116137005,11.840939671130556,622.98,800.8888660847992,445.0711339152008,-16.0,132.2857142857143,132.2857142857143,561.0,789.1,652.3,652.3,652.3,652.3,500.0,652.3,652.3,652.3,480.9,652.3,652.3,480.9,480.9,652.3,550.1,652.3,652.3,550.1,652.3,550.1,550.1,652.3,550.1,470.3,475.1,652.3,500.0,652.3,637.0428571428572,620.1857142857142,597.5166666666665
MORI,N,0,MORISONS,2019-05-31,765.0,31,5,2019,55.514350209609816,42.29393386820777,26.380318866551157,15.913615001656616,629.8199999999999,822.3901031613657,437.24989683863424,-1.0,118.50714285714287,118.50714285714287,789.1,561.0,789.1,652.3,652.3,652.3,652.3,500.0,652.3,652.3,652.3,480.9,652.3,652.3,480.9,480.9,652.3,550.1,652.3,652.3,550.1,652.3,550.1,550.1,652.3,550.1,470.3,475.1,652.3,500.0,678.3428571428573,642.1999999999999,602.0766666666665
MORI,X,0,MORISONS,2019-05-31,599.9,31,5,2019,46.89138576779026,29.923765810617283,27.089008255364384,2.8347575552528994,625.255,819.8987877386875,430.6112122613125,-1.0,128.4357142857143,128.4357142857143,789.1,789.1,561.0,789.1,652.3,652.3,652.3,652.3,500.0,652.3,652.3,652.3,480.9,652.3,652.3,480.9,480.9,652.3,550.1,652.3,652.3,550.1,652.3,550.1,550.1,652.3,550.1,470.3,475.1,652.3,697.8857142857142,651.9714285714286,611.7133333333331
MORI,N,0,MORISONS,2019-06-03,814.0,3,6,2019,60.10359297141358,38.08703851979146,29.2886143082498,8.798424211541661,637.205,841.526897479134,432.88310252086603,1.0,138.05,138.05,561.0,789.1,789.1,561.0,789.1,652.3,652.3,652.3,652.3,500.0,652.3,652.3,652.3,480.9,652.3,652.3,480.9,480.9,652.3,550.1,652.3,652.3,550.1,652.3,550.1,550.1,652.3,550.1,470.3,475.1,684.842857142857,645.4499999999999,608.6699999999998
MORI,N,0,MORISONS,2019-06-04,814.9,4,6,2019,55.05244496971488,44.04872467632629,32.2406363818651,11.808088294461186,644.045,859.3581621370921,428.7318378629078,-1.0,124.95714285714288,124.95714285714288,789.1,561.0,789.1,789.1,561.0,789.1,652.3,652.3,652.3,652.3,500.0,652.3,652.3,652.3,480.9,652.3,652.3,480.9,480.9,652.3,550.1,652.3,652.3,550.1,652.3,550.1,550.1,652.3,550.1,470.3,704.3857142857142,667.4642857142857,619.1366666666665
MORI,X,0,MORISONS,2019-06-06,550.0,6,6,2019,47.11422972374992,30.02157024425162,31.79682315434241,-1.7752529100907886,648.05,853.3319524458982,442.76804755410166,1.0,141.4714285714286,141.4714285714286,789.1,789.1,561.0,789.1,789.1,561.0,789.1,652.3,652.3,652.3,652.3,500.0,652.3,652.3,652.3,480.9,652.3,652.3,480.9,480.9,652.3,550.1,652.3,652.3,550.1,652.3,550.1,550.1,652.3,550.1,723.9285714285714,677.2357142857143,629.7633333333331
MORI,X,0,MORISONS,2019-06-07,590.0,7,6,2019,47.11422972374992,18.689508279016422,29.175360179277213,-10.48585190026079,652.055,846.4425724314431,457.6674275685569,1.0,142.99285714285716,142.99285714285716,561.0,789.1,789.1,561.0,789.1,789.1,561.0,789.1,652.3,652.3,652.3,652.3,500.0,652.3,652.3,652.3,480.9,652.3,652.3,480.9,480.9,652.3,550.1,652.3,652.3,550.1,652.3,550.1,550.1,652.3,691.342857142857,670.7142857142857,630.1266666666664
MORI,X,0,MORISONS,2019-06-11,589.9,11,6,2019,52.13346390598768,9.598126303074196,25.259913404036613,-15.661787100962417,647.49,846.0957602387202,448.88423976127973,2.0,134.96428571428572,134.96428571428572,561.0,561.0,789.1,789.1,561.0,789.1,789.1,561.0,789.1,652.3,652.3,652.3,652.3,500.0,652.3,652.3,652.3,480.9,652.3,652.3,480.9,480.9,652.3,550.1,652.3,652.3,550.1,652.3,550.1,550.1,691.342857142857,664.1928571428572,627.0833333333331
MORI,N,0,MORISONS,2019-06-11,812.0,11,6,2019,54.5436428856118,20.56187972587645,24.320306668404584,-3.758426942528132,654.33,862.8105794312747,445.84942056872535,-3.0,141.46428571428572,141.46428571428572,561.0,561.0,561.0,789.1,789.1,561.0,789.1,789.1,561.0,789.1,652.3,652.3,652.3,652.3,500.0,652.3,652.3,652.3,480.9,652.3,652.3,480.9,480.9,652.3,550.1,652.3,652.3,550.1,652.3,550.1,658.7571428571429,668.55,627.4466666666665
MORI,X,0,MORISONS,2019-06-12,538.1,12,6,2019,47.36659936544564,10.721380216950706,21.60052137811381,-10.879141161163105,658.3349999999999,855.5612635975026,461.1087364024972,-1.0,155.9857142857143,155.9857142857143,789.1,561.0,561.0,561.0,789.1,789.1,561.0,789.1,789.1,561.0,789.1,652.3,652.3,652.3,652.3,500.0,652.3,652.3,652.3,480.9,652.3,652.3,480.9,480.9,652.3,550.1,652.3,652.3,550.1,652.3,658.7571428571428,678.3214285714286,635.4133333333332
MORI,X,0,MORISONS,2019-06-14,589.4,14,6,2019,47.36659936544564,2.889406183268761,17.858298339144802,-14.968892155876041,653.77,855.7535021923691,451.7864978076309,1.0,149.9857142857143,149.9857142857143,561.0,789.1,561.0,561.0,561.0,789.1,789.1,561.0,789.1,789.1,561.0,789.1,652.3,652.3,652.3,652.3,500.0,652.3,652.3,652.3,480.9,652.3,652.3,480.9,480.9,652.3,550.1,652.3,652.3,550.1,658.7571428571429,671.8,632.3699999999998
MORI,X,0,MORISONS,2019-06-17,589.0,17,6,2019,47.36659936544564,-3.279683514724411,13.63070196837096,-16.91038548309537,649.205,855.4111663787764,442.99883362122364,-1.0,143.72857142857143,143.72857142857143,561.0,561.0,789.1,561.0,561.0,561.0,789.1,789.1,561.0,789.1,789.1,561.0,789.1,652.3,652.3,652.3,652.3,500.0,652.3,652.3,652.3,480.9,652.3,652.3,480.9,480.9,652.3,550.1,652.3,652.3,626.1714285714286,665.2785714285714,632.7333333333332
MORI,X,0,MORISONS,2019-06-18,540.2,18,6,2019,42.857142857142854,-8.075640588482884,9.289433457000193,-17.365074045483077,644.64,854.5665174694283,434.7134825305717,1.0,133.57142857142858,133.57142857142858,561.0,561.0,561.0,789.1,561.0,561.0,561.0,789.1,789.1,561.0,789.1,789.1,561.0,789.1,652.3,652.3,652.3,652.3,500.0,652.3,652.3,652.3,480.9,652.3,652.3,480.9,480.9,652.3,550.1,652.3,593.5857142857143,658.7571428571429,629.6899999999999
MORI,N,0,MORISONS,2019-06-18,779.9,18,6,2019,57.14285714285714,6.454884673825745,8.722523700365304,-2.267639026539559,659.095,866.8891539626482,451.30084603735196,3.0,131.95714285714286,131.95714285714286,561.0,561.0,561.0,561.0,789.1,561.0,561.0,561.0,789.1,789.1,561.0,789.1,789.1,561.0,789.1,652.3,652.3,652.3,652.3,500.0,652.3,652.3,652.3,480.9,652.3,652.3,480.9,480.9,652.3,550.1,593.5857142857143,642.4642857142859,626.6466666666666
MORI,X,0,MORISONS,2019-06-19,587.7,19,6,2019,42.857142857142854,-0.4303719972865565,6.891944560834932,-7.322316558121488,654.53,866.9135269655249,442.1464730344751,0.0,131.83571428571426,131.83571428571426,789.1,561.0,561.0,561.0,561.0,789.1,561.0,561.0,561.0,789.1,789.1,561.0,789.1,789.1,561.0,789.1,652.3,652.3,652.3,652.3,500.0,652.3,652.3,652.3,480.9,652.3,652.3,480.9,480.9,652.3,626.1714285714286,658.7571428571429,634.6133333333333
MORI,N,0,MORISONS,2019-06-19,800.0,19,6,2019,50.0,12.376112058078888,7.988778060283725,4.387333997795164,661.37,882.0987079795373,440.64129202046274,0.0,147.12142857142857,147.12142857142857,561.0,789.1,561.0,561.0,561.0,561.0,789.1,561.0,561.0,561.0,789.1,789.1,561.0,789.1,789.1,561.0,789.1,652.3,652.3,652.3,652.3,500.0,652.3,652.3,652.3,480.9,652.3,652.3,480.9,480.9,626.1714285714286,642.4642857142859,631.57
MORI,N,0,MORISONS,2019-06-20,825.0,20,6,2019,57.14285714285714,22.268643872874236,10.844751222801829,11.423892650072407,668.21,896.1169514655396,440.3030485344604,-4.0,136.17142857142855,136.17142857142855,789.1,561.0,789.1,561.0,561.0,561.0,561.0,789.1,561.0,561.0,561.0,789.1,789.1,561.0,789.1,789.1,561.0,789.1,652.3,652.3,652.3,652.3,500.0,652.3,652.3,652.3,480.9,652.3,652.3,480.9,626.1714285714286,642.4642857142857,641.8433333333334
MORI,N,0,MORISONS,2019-06-24,825.0,24,6,2019,50.0,29.765429267681156,14.628886831777695,15.136542435903461,675.05,909.0756621106237,441.02433788937617,0.0,120.6642857142857,120.6642857142857,789.1,789.1,561.0,789.1,561.0,561.0,561.0,561.0,789.1,561.0,561.0,561.0,789.1,789.1,561.0,789.1,789.1,561.0,789.1,652.3,652.3,652.3,652.3,500.0,652.3,652.3,652.3,480.9,652.3,652.3,658.7571428571428,658.7571428571429,652.1166666666666
MORI,X,0,MORISONS,2019-06-25,541.3,25,6,2019,42.857142857142854,17.10376051127423,15.123861567677004,1.9798989435972274,663.645,896.4975937606293,430.7924062393706,0.0,136.52142857142857,136.52142857142857,789.1,789.1,789.1,561.0,789.1,561.0,561.0,561.0,561.0,789.1,561.0,561.0,561.0,789.1,789.1,561.0,789.1,789.1,561.0,789.1,652.3,652.3,652.3,652.3,500.0,652.3,652.3,652.3,480.9,652.3,691.342857142857,658.7571428571429,656.6766666666666
MORI,X,0,MORISONS,2019-06-28,624.8,28,6,2019,54.53760297634866,17.8856011094025,15.676209476022104,2.209391633380397,670.475,898.6164784964067,442.3335215035934,7.0,129.45,129.45,561.0,789.1,789.1,789.1,561.0,789.1,561.0,561.0,561.0,561.0,789.1,561.0,561.0,561.0,789.1,789.1,561.0,789.1,789.1,561.0,789.1,652.3,652.3,652.3,652.3,500.0,652.3,652.3,652.3,480.9,691.342857142857,642.4642857142857,653.6333333333332
MORI,N,0,MORISONS,2019-06-28,824.9,28,6,2019,57.14285714285714,25.593475069652186,17.65966259474812,7.933812474904066,670.475,898.6164784964067,442.3335215035934,-1.0,141.8357142857143,141.8357142857143,697.6,561.0,789.1,789.1,789.1,561.0,789.1,561.0,561.0,561.0,561.0,789.1,561.0,561.0,561.0,789.1,789.1,561.0,789.1,789.1,561.0,789.1,652.3,652.3,652.3,652.3,500.0,652.3,652.3,652.3,710.8571428571429,652.2214285714286,660.8566666666666
MORI,X,0,MORISONS,2019-07-01,701.1,1,7,2019,54.04572917900723,24.041598826888844,18.936049841176263,5.105548985712581,665.9,887.6043075810662,444.19569241893373,-4.0,150.70714285714286,150.70714285714286,789.1,697.6,561.0,789.1,789.1,789.1,561.0,789.1,561.0,561.0,561.0,561.0,789.1,561.0,561.0,561.0,789.1,789.1,561.0,789.1,789.1,561.0,789.1,652.3,652.3,652.3,652.3,500.0,652.3,652.3,710.8571428571429,668.5142857142857,665.4166666666665
MORI,X,0,MORISONS,2019-07-02,700.0,2,7,2019,46.866652968974726,22.551763037522846,19.65919248044558,2.892570557077267,672.73,889.1816243510558,456.27837564894423,0.0,132.95,132.95,697.6,789.1,697.6,561.0,789.1,789.1,789.1,561.0,789.1,561.0,561.0,561.0,561.0,789.1,561.0,561.0,561.0,789.1,789.1,561.0,789.1,789.1,561.0,789.1,652.3,652.3,652.3,652.3,500.0,652.3,730.3714285714286,678.2714285714286,666.9266666666665
MORI,X,0,MORISONS,2019-07-03,650.0,3,7,2019,55.54383116883117,21.127512626623343,19.952856509681133,1.1746561169422094,668.155,878.01792744501,458.29207255499,-1.0,118.42142857142856,118.42142857142856,697.6,697.6,789.1,697.6,561.0,789.1,789.1,789.1,561.0,789.1,561.0,561.0,561.0,561.0,789.1,561.0,561.0,561.0,789.1,789.1,561.0,789.1,789.1,561.0,789.1,652.3,652.3,652.3,652.3,500.0,717.3000000000001,671.7357142857144,668.4366666666665
MORI,X,0,MORISONS,2019-07-04,650.0,4,7,2019,55.54383116883117,19.770877545415715,19.91646071682805,-0.14558317141233346,663.58,866.2060917370507,460.9539082629494,-1.0,119.78571428571429,119.78571428571429,697.6,697.6,697.6,789.1,697.6,561.0,789.1,789.1,789.1,561.0,789.1,561.0,561.0,561.0,561.0,789.1,561.0,561.0,561.0,789.1,789.1,561.0,789.1,789.1,561.0,789.1,652.3,652.3,652.3,652.3,704.2285714285715,681.4928571428572,675.0233333333332
MORI,X,0,MORISONS,2019-07-05,650.0,5,7,2019,55.54383116883117,18.48267766645904,19.629704106754247,-1.1470264402952068,670.4100000000001,867.6136393386824,473.2063606613177,1.0,121.42857142857143,121.42857142857143,697.6,697.6,697.6,697.6,789.1,697.6,561.0,789.1,789.1,789.1,561.0,789.1,561.0,561.0,561.0,561.0,789.1,561.0,561.0,561.0,789.1,789.1,561.0,789.1,789.1,561.0,789.1,652.3,652.3,652.3,691.157142857143,691.2500000000001,676.5333333333332
MORI,N,0,MORISONS,2019-07-09,850.0,9,7,2019,58.61730260672459,24.56192075084971,20.61614743557334,3.9457733152763694,681.815,878.7597400454731,484.87025995452694,1.0,130.82857142857142,130.82857142857142,697.6,697.6,697.6,697.6,697.6,789.1,697.6,561.0,789.1,789.1,789.1,561.0,789.1,561.0,561.0,561.0,561.0,789.1,561.0,561.0,561.0,789.1,789.1,561.0,789.1,789.1,561.0,789.1,652.3,652.3,710.6714285714287,701.007142857143,678.0433333333332
MORI,N,0,MORISONS,2019-07-10,800.0,10,7,2019,48.28102961918194,25.933841449436727,21.67968623834602,4.254155211090708,691.2700000000001,881.8469533755192,500.69304662448104,0.0,117.32857142857142,117.32857142857142,789.1,697.6,697.6,697.6,697.6,697.6,789.1,697.6,561.0,789.1,789.1,789.1,561.0,789.1,561.0,561.0,561.0,561.0,789.1,561.0,561.0,561.0,789.1,789.1,561.0,789.1,789.1,561.0,789.1,652.3,723.7428571428572,717.3000000000001,682.6033333333331
MORI,X,0,MORISONS,2019-07-10,650.1,10,7,2019,57.12348769294952,22.52513155289455,21.848775301255724,0.6763562516388255,686.695,871.6949883357039,501.6950116642962,-1.0,110.08571428571429,110.08571428571429,750.1,789.1,697.6,697.6,697.6,697.6,697.6,789.1,697.6,561.0,789.1,789.1,789.1,561.0,789.1,561.0,561.0,561.0,561.0,789.1,561.0,561.0,561.0,789.1,789.1,561.0,789.1,789.1,561.0,789.1,718.1714285714287,714.5142857142857,685.8633333333331
MORI,X,0,MORISONS,2019-07-11,651.0,11,7,2019,43.73888052552347,19.59779324018598,21.398578889041776,-1.800785648855797,693.525,868.8174999146164,518.2325000853835,0.0,94.55714285714286,94.55714285714286,697.6,750.1,789.1,697.6,697.6,697.6,697.6,697.6,789.1,697.6,561.0,789.1,789.1,789.1,561.0,789.1,561.0,561.0,561.0,561.0,789.1,561.0,561.0,561.0,789.1,789.1,561.0,789.1,789.1,561.0,718.1714285714287,724.2714285714286,682.8133333333332
MORI,X,0,MORISONS,2019-07-12,651.1,12,7,2019,43.73888052552347,17.08095788703622,20.535054688640663,-3.454096801604443,700.355,864.175305598286,536.5346944017141,-1.0,95.31428571428572,95.31428571428572,697.6,697.6,750.1,789.1,697.6,697.6,697.6,697.6,697.6,789.1,697.6,561.0,789.1,789.1,789.1,561.0,789.1,561.0,561.0,561.0,561.0,789.1,561.0,561.0,561.0,789.1,789.1,561.0,789.1,789.1,718.1714285714287,717.7357142857145,687.3666666666664
MORI,N,0,MORISONS,2019-07-12,750.1,12,7,2019,47.510214504596526,19.102457734146242,20.248535297741782,-1.14607756359554,709.8100000000001,861.115197322637,558.5048026773632,0.0,96.50000000000001,96.50000000000001,697.6,697.6,697.6,750.1,789.1,697.6,697.6,697.6,697.6,697.6,789.1,697.6,561.0,789.1,789.1,789.1,561.0,789.1,561.0,561.0,561.0,561.0,789.1,561.0,561.0,561.0,789.1,789.1,561.0,789.1,718.1714285714287,711.2,684.3166666666664
MORI,N,0,MORISONS,2019-07-15,750.1,15,7,2019,67.03296703296704,20.468562084626797,20.292540655118785,0.1760214295080118,719.2650000000001,854.1598327206675,584.3701672793327,1.0,78.8,78.8,750.1,697.6,697.6,697.6,750.1,789.1,697.6,697.6,697.6,697.6,697.6,789.1,697.6,561.0,789.1,789.1,789.1,561.0,789.1,561.0,561.0,561.0,561.0,789.1,561.0,561.0,561.0,789.1,789.1,561.0,725.6714285714287,708.4142857142858,683.0166666666665
MORI,X,0,MORISONS,2019-07-15,651.1,15,7,2019,50.0,17.117577606118743,19.657548045318777,-2.539970439200033,714.69,845.7647139290373,583.6152860709628,0.0,75.86428571428573,75.86428571428573,750.1,750.1,697.6,697.6,697.6,750.1,789.1,697.6,697.6,697.6,697.6,697.6,789.1,697.6,561.0,789.1,789.1,789.1,561.0,789.1,561.0,561.0,561.0,561.0,789.1,561.0,561.0,561.0,789.1,789.1,733.1714285714287,721.9214285714287,689.3199999999999
MORI,X,0,MORISONS,2019-07-17,651.4,17,7,2019,37.94466403162055,14.297090306933,18.585456497641623,-4.288366190708622,721.52,831.3967079383452,611.6432920616547,-1.0,64.70714285714287,64.70714285714287,697.6,750.1,750.1,697.6,697.6,697.6,750.1,789.1,697.6,697.6,697.6,697.6,697.6,789.1,697.6,561.0,789.1,789.1,789.1,561.0,789.1,561.0,561.0,561.0,561.0,789.1,561.0,561.0,561.0,789.1,720.1000000000001,721.9214285714287,686.27
MORI,N,0,MORISONS,2019-07-17,755.0,17,7,2019,57.709251101321584,16.112411194386482,18.090847436990597,-1.9784362426041149,719.5699999999999,825.7178036066988,613.4221963933011,0.0,57.08571428571429,57.08571428571429,697.6,697.6,750.1,750.1,697.6,697.6,697.6,750.1,789.1,697.6,697.6,697.6,697.6,697.6,789.1,697.6,561.0,789.1,789.1,789.1,561.0,789.1,561.0,561.0,561.0,561.0,789.1,561.0,561.0,561.0,712.6000000000001,715.3857142857144,683.2199999999999
MORI,N,0,MORISONS,2019-07-18,760.0,18,7,2019,57.709251101321584,17.351053927355565,17.94288873506359,-0.5918348077080253,717.62,819.7463943408002,615.4936056591998,0.0,57.621428571428574,57.621428571428574,750.1,697.6,697.6,750.1,750.1,697.6,697.6,697.6,750.1,789.1,697.6,697.6,697.6,697.6,697.6,789.1,697.6,561.0,789.1,789.1,789.1,561.0,789.1,561.0,561.0,561.0,561.0,789.1,561.0,561.0,720.1000000000001,719.1357142857144,689.5233333333332
MORI,X,0,MORISONS,2019-07-22,650.0,22,7,2019,50.0,13.93573351669204,17.14145769138928,-3.2057241746972416,713.0450000000001,809.7424113842819,616.3475886157182,0.0,61.371428571428574,61.371428571428574,750.1,750.1,697.6,697.6,750.1,750.1,697.6,697.6,697.6,750.1,789.1,697.6,697.6,697.6,697.6,697.6,789.1,697.6,561.0,789.1,789.1,789.1,561.0,789.1,561.0,561.0,561.0,561.0,789.1,561.0,727.6000000000001,722.8857142857144,695.8266666666666
MORI,N,0,MORISONS,2019-07-22,758.0,22,7,2019,55.89225589225589,15.289135092192737,16.77099317154997,-1.4818580793572345,722.5000000000001,788.8036079037381,656.1963920962621,3.0,62.57142857142857,62.57142857142857,697.6,750.1,750.1,697.6,697.6,750.1,750.1,697.6,697.6,697.6,750.1,789.1,697.6,697.6,697.6,697.6,697.6,789.1,697.6,561.0,789.1,789.1,789.1,561.0,789.1,561.0,561.0,561.0,561.0,789.1,727.6000000000001,722.8857142857144,700.3799999999999
MORI,N,0,MORISONS,2019-07-23,760.0,23,7,2019,55.89225589225589,16.175257294169683,16.651845996073916,-0.47658870190423386,725.125,791.4348587573601,658.8151412426399,-1.0,59.99285714285713,59.99285714285713,750.1,697.6,750.1,750.1,697.6,697.6,750.1,750.1,697.6,697.6,697.6,750.1,789.1,697.6,697.6,697.6,697.6,697.6,789.1,697.6,561.0,789.1,789.1,789.1,561.0,789.1,561.0,561.0,561.0,561.0,727.6000000000001,726.6357142857144,699.08
MORI,N,0,MORISONS,2019-07-24,765.0,24,7,2019,44.49152542372881,16.685179164161127,16.65851262969136,0.02666653446976852,723.175,783.5956961753651,662.7543038246348,-2.0,50.17142857142858,50.17142857142858,750.1,750.1,697.6,750.1,750.1,697.6,697.6,750.1,750.1,697.6,697.6,697.6,750.1,789.1,697.6,697.6,697.6,697.6,697.6,789.1,697.6,561.0,789.1,789.1,789.1,561.0,789.1,561.0,561.0,561.0,727.6000000000001,730.3857142857144,705.3833333333333
MORI,N,0,MORISONS,2019-07-25,755.0,25,7,2019,50.0,16.8945461088648,16.705719325526047,0.18882678333875447,725.8,786.103966876588,665.496033123412,2.0,50.378571428571426,50.378571428571426,750.1,750.1,750.1,697.6,750.1,750.1,697.6,697.6,750.1,750.1,697.6,697.6,697.6,750.1,789.1,697.6,697.6,697.6,697.6,697.6,789.1,697.6,561.0,789.1,789.1,789.1,561.0,789.1,561.0,561.0,735.1000000000001,727.6000000000001,711.6866666666666
MORI,X,0,MORISONS,2019-07-26,570.1,26,7,2019,34.20938314509124,1.0791550130188625,13.58040646302461,-12.501251450005748,718.53,816.4648462257594,620.5951537742405,1.0,57.52857142857143,57.52857142857143,750.1,750.1,750.1,750.1,697.6,750.1,750.1,697.6,697.6,750.1,750.1,697.6,697.6,697.6,750.1,789.1,697.6,697.6,697.6,697.6,697.6,789.1,697.6,561.0,789.1,789.1,789.1,561.0,789.1,561.0,742.6000000000001,727.6000000000001,717.9899999999999
MORI,N,0,MORISONS,2019-07-26,716.0,26,7,2019,57.23563461809968,8.451379595897151,12.554601089599121,-4.1032214937019695,723.655,827.5260227562097,619.7839772437902,4.0,75.47142857142856,75.47142857142856,552.2,750.1,750.1,750.1,750.1,697.6,750.1,750.1,697.6,697.6,750.1,750.1,697.6,697.6,697.6,750.1,789.1,697.6,697.6,697.6,697.6,697.6,789.1,697.6,561.0,789.1,789.1,789.1,561.0,789.1,714.3285714285714,717.2142857142859,717.6966666666665
MORI,X,0,MORISONS,2019-07-29,659.0,29,7,2019,42.39698807780799,-5.644471566758284,8.914786558327641,-14.559258125085925,716.385,845.2746267926043,587.4953732073957,-7.0,82.22857142857141,82.22857142857141,800.1,552.2,750.1,750.1,750.1,750.1,697.6,750.1,750.1,697.6,697.6,750.1,750.1,697.6,697.6,697.6,750.1,789.1,697.6,697.6,697.6,697.6,697.6,789.1,697.6,561.0,789.1,789.1,789.1,561.0,721.4714285714286,724.5357142857144,718.0633333333332
MORI,N,0,MORISONS,2019-07-30,800.0,30,7,2019,52.17089267106634,3.1515934376201358,7.762147934186141,-4.610554496566005,721.51,855.3123349650716,587.7076650349284,6.0,96.17857142857142,96.17857142857142,552.2,800.1,552.2,750.1,750.1,750.1,750.1,697.6,750.1,750.1,697.6,697.6,750.1,750.1,697.6,697.6,697.6,750.1,789.1,697.6,697.6,697.6,697.6,697.6,789.1,697.6,561.0,789.1,789.1,789.1,700.7,714.1500000000002,717.7699999999999
MORI,X,0,MORISONS,2019-07-30,669.0,30,7,2019,42.9296177206145,-9.768316811799991,4.256054984988914,-14.024371796788905,709.6650000000001,859.2827202423774,560.0472797576227,-4.0,105.54285714285713,105.54285714285713,800.1,552.2,800.1,552.2,750.1,750.1,750.1,750.1,697.6,750.1,750.1,697.6,697.6,750.1,750.1,697.6,697.6,697.6,750.1,789.1,697.6,697.6,697.6,697.6,697.6,789.1,697.6,561.0,789.1,789.1,707.8428571428573,717.7214285714288,718.1366666666665
MORI,N,0,MORISONS,2019-08-02,760.0,2,8,2019,53.2133676092545,-0.00393519169551837,3.404056949652028,-3.4079921413475462,712.165,866.2322754624454,558.0977245375545,-2.0,113.3142857142857,113.3142857142857,552.2,800.1,552.2,800.1,552.2,750.1,750.1,750.1,750.1,697.6,750.1,750.1,697.6,697.6,750.1,750.1,697.6,697.6,697.6,750.1,789.1,697.6,697.6,697.6,697.6,697.6,789.1,697.6,561.0,789.1,679.5714285714286,703.5857142857145,710.2399999999999
MORI,N,0,MORISONS,2019-08-05,800.0,5,8,2019,53.2133676092545,7.646266193761903,4.252498798474003,3.3937673952879006,717.29,876.0646221270229,558.5153778729771,1.0,110.02142857142856,110.02142857142856,800.1,552.2,800.1,552.2,800.1,552.2,750.1,750.1,750.1,750.1,697.6,750.1,750.1,697.6,697.6,750.1,750.1,697.6,697.6,697.6,750.1,789.1,697.6,697.6,697.6,697.6,697.6,789.1,697.6,561.0,686.7142857142859,710.9071428571431,710.6066666666666
MORI,N,0,MORISONS,2019-08-06,800.0,6,8,2019,51.620850622406635,13.552876781299574,6.1125743950391165,7.440302386260457,722.4150000000001,885.0829184234265,559.7470815765737,0.0,105.92857142857143,105.92857142857143,800.1,800.1,552.2,800.1,552.2,800.1,552.2,750.1,750.1,750.1,750.1,697.6,750.1,750.1,697.6,697.6,750.1,750.1,697.6,697.6,697.6,750.1,789.1,697.6,697.6,697.6,697.6,697.6,789.1,697.6,693.8571428571429,718.2285714285716,718.5766666666665
MORI,N,0,MORISONS,2019-08-07,800.0,7,8,2019,51.620850622406635,18.026114400808638,8.495282396193021,9.530832004615617,727.5400000000001,893.344519016569,561.7354809834311,3.0,105.29285714285713,105.29285714285713,800.1,800.1,800.1,552.2,800.1,552.2,800.1,552.2,750.1,750.1,750.1,750.1,697.6,750.1,750.1,697.6,697.6,750.1,750.1,697.6,697.6,697.6,750.1,789.1,697.6,697.6,697.6,697.6,697.6,789.1,729.2714285714286,721.8000000000002,721.9933333333332
MORI,N,0,MORISONS,2019-08-08,800.0,8,8,2019,53.43982817638768,21.325361944289398,11.061298305812297,10.2640636384771,730.0400000000001,898.7589553510122,561.3210446489879,-4.0,98.14999999999999,98.14999999999999,800.1,800.1,800.1,800.1,552.2,800.1,552.2,800.1,552.2,750.1,750.1,750.1,750.1,697.6,750.1,750.1,697.6,697.6,750.1,750.1,697.6,697.6,697.6,750.1,789.1,697.6,697.6,697.6,697.6,697.6,729.2714285714286,725.3714285714286,722.3599999999999
MORI,N,0,MORISONS,2019-08-09,800.0,9,8,2019,51.73925142618617,23.66721843055734,13.582482330761305,10.084736099796036,732.54,903.97045728286,561.1095427171399,0.0,93.55714285714285,93.55714285714285,800.1,800.1,800.1,800.1,800.1,552.2,800.1,552.2,800.1,552.2,750.1,750.1,750.1,750.1,697.6,750.1,750.1,697.6,697.6,750.1,750.1,697.6,697.6,697.6,750.1,789.1,697.6,697.6,697.6,697.6,764.6857142857143,732.6928571428572,725.7766666666665
MORI,N,0,MORISONS,2019-08-16,800.0,16,8,2019,51.73925142618617,25.232294384977536,15.912444741604553,9.319849643372983,737.665,910.8172880071334,564.5127119928666,1.0,92.5,92.5,800.1,800.1,800.1,800.1,800.1,800.1,552.2,800.1,552.2,800.1,552.2,750.1,750.1,750.1,750.1,697.6,750.1,750.1,697.6,697.6,750.1,750.1,697.6,697.6,697.6,750.1,789.1,697.6,697.6,697.6,764.6857142857143,736.2642857142857,729.1933333333332
MORI,N,0,MORISONS,2019-08-19,800.0,19,8,2019,51.73925142618617,26.170945980207307,17.964144989325106,8.2068009908822,742.7900000000001,917.0135454508767,568.5664545491235,0.0,91.44285714285715,91.44285714285715,800.1,800.1,800.1,800.1,800.1,800.1,800.1,552.2,800.1,552.2,800.1,552.2,750.1,750.1,750.1,750.1,697.6,750.1,750.1,697.6,697.6,750.1,750.1,697.6,697.6,697.6,750.1,789.1,697.6,697.6,800.1000000000001,739.8357142857143,732.6099999999999
MORI,N,0,MORISONS,2019-08-20,800.0,20,8,2019,51.73925142618617,26.608112375555834,19.692938466571253,6.915173908984581,745.2900000000001,921.380143183302,569.1998568166981,-1.0,87.67142857142858,87.67142857142858,800.1,800.1,800.1,800.1,800.1,800.1,800.1,800.1,552.2,800.1,552.2,800.1,552.2,750.1,750.1,750.1,750.1,697.6,750.1,750.1,697.6,697.6,750.1,750.1,697.6,697.6,697.6,750.1,789.1,697.6,800.1000000000001,743.4071428571431,736.0266666666665
MORI,X,0,MORISONS,2019-08-21,580.1,21,8,2019,50.0,6.871896732303981,17.128730119717797,-10.256833387413817,735.3950000000001,931.4557583056039,539.3342416943963,5.0,89.10000000000001,89.10000000000001,800.1,800.1,800.1,800.1,800.1,800.1,800.1,800.1,800.1,552.2,800.1,552.2,800.1,552.2,750.1,750.1,750.1,750.1,697.6,750.1,750.1,697.6,697.6,750.1,750.1,697.6,697.6,697.6,750.1,789.1,800.1000000000001,746.9785714285716,739.4433333333332
MORI,N,0,MORISONS,2019-08-22,800.0,22,8,2019,50.0,11.106236080385315,15.924231311851303,-4.8179952314659875,740.52,937.7759715592647,543.2640284407353,-5.0,85.52857142857144,85.52857142857144,552.2,800.1,800.1,800.1,800.1,800.1,800.1,800.1,800.1,800.1,552.2,800.1,552.2,800.1,552.2,750.1,750.1,750.1,750.1,697.6,750.1,750.1,697.6,697.6,750.1,750.1,697.6,697.6,697.6,750.1,764.6857142857143,746.9785714285716,731.5466666666665
MORI,X,0,MORISONS,2019-08-23,585.0,23,8,2019,50.0,-5.478326949811844,11.643719659518675,-17.122046609330518,730.625,944.971761604943,516.278238395057,0.0,90.81428571428572,90.81428571428572,800.1,552.2,800.1,800.1,800.1,800.1,800.1,800.1,800.1,800.1,800.1,552.2,800.1,552.2,800.1,552.2,750.1,750.1,750.1,750.1,697.6,750.1,750.1,697.6,697.6,750.1,750.1,697.6,697.6,697.6,764.6857142857143,746.9785714285716,733.2133333333331
MORI,N,0,MORISONS,2019-08-23,760.2,23,8,2019,50.0,1.3659991883506564,9.588175565285072,-8.222176376934415,733.1250000000001,949.58408206986,516.6659179301403,4.0,90.81428571428572,90.81428571428572,552.2,800.1,552.2,800.1,800.1,800.1,800.1,800.1,800.1,800.1,800.1,800.1,552.2,800.1,552.2,800.1,552.2,750.1,750.1,750.1,750.1,697.6,750.1,750.1,697.6,697.6,750.1,750.1,697.6,697.6,729.2714285714286,746.9785714285716,728.3666666666664
MORI,N,0,MORISONS,2019-08-26,800.0,26,8,2019,60.0,6.712796029494029,9.013099658126864,-2.300303628632834,735.6250000000001,954.0555441818497,517.1944558181506,-4.0,81.45714285714287,81.45714285714287,800.1,552.2,800.1,552.2,800.1,800.1,800.1,800.1,800.1,800.1,800.1,800.1,800.1,552.2,800.1,552.2,800.1,552.2,750.1,750.1,750.1,750.1,697.6,750.1,750.1,697.6,697.6,750.1,750.1,697.6,729.2714285714286,746.9785714285716,731.7833333333331
MORI,N,0,MORISONS,2019-08-27,800.0,27,8,2019,50.0,10.825382773643469,9.375556281230185,1.4498264924132833,738.125,958.3899301947184,517.8600698052816,1.0,66.62142857142858,66.62142857142858,800.1,800.1,552.2,800.1,552.2,800.1,800.1,800.1,800.1,800.1,800.1,800.1,800.1,800.1,552.2,800.1,552.2,800.1,552.2,750.1,750.1,750.1,750.1,697.6,750.1,750.1,697.6,697.6,750.1,750.1,729.2714285714286,764.6857142857144,735.1999999999997
MORI,N,0,MORISONS,2019-08-29,800.0,29,8,2019,50.0,13.924128709673369,10.285270766918822,3.638857942754546,750.52,953.9920267855277,547.0479732144722,-1.0,66.6214285714286,66.6214285714286,800.1,800.1,800.1,552.2,800.1,552.2,800.1,800.1,800.1,800.1,800.1,800.1,800.1,800.1,800.1,552.2,800.1,552.2,800.1,552.2,750.1,750.1,750.1,750.1,697.6,750.1,750.1,697.6,697.6,750.1,729.2714285714286,764.6857142857144,736.8666666666664
MORI,N,0,MORISONS,2019-08-30,800.0,30,8,2019,50.0,16.193241580241875,11.466864929583434,4.726376650658441,750.52,953.9920267855277,547.0479732144722,0.0,66.62142857142858,66.62142857142858,800.1,800.1,800.1,800.1,552.2,800.1,552.2,800.1,800.1,800.1,800.1,800.1,800.1,800.1,800.1,800.1,552.2,800.1,552.2,800.1,552.2,750.1,750.1,750.1,750.1,697.6,750.1,750.1,697.6,697.6,729.2714285714286,764.6857142857144,738.5333333333331
MORI,N,0,MORISONS,2019-09-02,800.0,2,9,2019,50.0,17.78649819871862,12.73079158341047,5.055706615308148,762.9150000000001,944.550114562425,581.2798854375751,0.0,66.55714285714286,66.55714285714286,800.1,800.1,800.1,800.1,800.1,552.2,800.1,552.2,800.1,800.1,800.1,800.1,800.1,800.1,800.1,800.1,800.1,552.2,800.1,552.2,800.1,552.2,750.1,750.1,750.1,750.1,697.6,750.1,750.1,697.6,764.6857142857143,764.6857142857144,741.9499999999997
MORI,N,0,MORISONS,2019-09-03,850.0,3,9,2019,50.0,18.832081039990044,13.951049474726386,4.881031565263658,762.9150000000001,944.550114562425,581.2798854375751,0.0,70.11428571428573,70.11428571428573,800.1,800.1,800.1,800.1,800.1,800.1,552.2,800.1,552.2,800.1,800.1,800.1,800.1,800.1,800.1,800.1,800.1,800.1,552.2,800.1,552.2,800.1,552.2,750.1,750.1,750.1,750.1,697.6,750.1,750.1,764.6857142857143,764.6857142857143,745.3666666666664
