COMPANY ID, MAIN TYPE ,SUB TYPE,SHORT NAME,TRADING DATE,OPEN PRICE (Rs.),Date,Month,Year,RSI_14,MACD_Line,MACD_Signal,MACD_Hist,BB_Mid,BB_Upper,BB_Lower,Volume_Change,ATR,ATR_14,CLOSE PRICE (Lag 1),CLOSE PRICE (Lag 2),CLOSE PRICE (Lag 3),CLOSE PRICE (Lag 4),CLOSE PRICE (Lag 5),CLOSE PRICE (Lag 6),CLOSE PRICE (Lag 7),CLOSE PRICE (Lag 8),CLOSE PRICE (Lag 9),CLOSE PRICE (Lag 10),CLOSE PRICE (Lag 11),CLOSE PRICE (Lag 12),CLOSE PRICE (Lag 13),CLOSE PRICE (Lag 14),CLOSE PRICE (Lag 15),CLOSE PRICE (Lag 16),CLOSE PRICE (Lag 17),CLOSE PRICE (Lag 18),CLOSE PRICE (Lag 19),CLOSE PRICE (Lag 20),CLOSE PRICE (Lag 21),CLOSE PRICE (Lag 22),CLOSE PRICE (Lag 23),CLOSE PRICE (Lag 24),CLOSE PRICE (Lag 25),CLOSE PRICE (Lag 26),CLOSE PRICE (Lag 27),CLOSE PRICE (Lag 28),CLOSE PRICE (Lag 29),CLOSE PRICE (Lag 30),MA_7,MA_14,MA_30,MAIN TYPE,Unnamed: 12,Unnamed: 13,Unnamed: 14,Unnamed: 15
SING,,0,STANDARD CAPITAL,2021-02-22,73.0,22,2,2021,39.559014267185475,-5.791660836599377,-6.1210024560410385,0.32934161944166185,79.325,97.3565367007217,61.293463299278294,-3.0,8.292857142857144,8.292857142857144,73.0,73.0,73.8,73.4,81.3,70.0,87.9,71.6,72.0,70.1,70.0,69.5,85.6,89.1,89.9,92.3,94.6,90.0,86.4,86.4,91.3,84.5,85.0,88.7,96.2,99.3,94.2,102.4,105.8,106.8,76.05714285714286,75.73571428571428,85.13666666666668,N,,,,
SING,,0,STANDARD CAPITAL,2021-02-23,73.0,23,2,2021,41.440217391304344,-5.594323728842227,-6.015666710601277,0.42134298175905016,78.655,96.57511219419766,60.73488780580234,2.0,8.62857142857143,8.62857142857143,73.0,73.0,73.0,73.8,73.4,81.3,70.0,87.9,71.6,72.0,70.1,70.0,69.5,85.6,89.1,89.9,92.3,94.6,90.0,86.4,86.4,91.3,84.5,85.0,88.7,96.2,99.3,94.2,102.4,105.8,73.92857142857143,74.58571428571429,84.01,N,,,,
SING,,0,STANDARD CAPITAL,2021-02-24,73.0,24,2,2021,53.04347826086957,-5.375961906766477,-5.887725749834317,0.5117638430678397,77.80499999999999,95.05968357470394,60.550316425296046,2.0,7.97857142857143,7.97857142857143,73.0,73.0,73.0,73.0,73.8,73.4,81.3,70.0,87.9,71.6,72.0,70.1,70.0,69.5,85.6,89.1,89.9,92.3,94.6,90.0,86.4,86.4,91.3,84.5,85.0,88.7,96.2,99.3,94.2,102.4,74.35714285714286,73.68571428571428,82.91666666666666,N,,,,
SING,,0,STANDARD CAPITAL,2021-02-25,73.0,25,2,2021,52.631578947368425,-5.1436161839804555,-5.738903836663545,0.5952876526830897,76.725,92.16164471314929,61.288355286850695,-2.0,7.9857142857142875,7.9857142857142875,73.0,73.0,73.0,73.0,73.0,73.8,73.4,81.3,70.0,87.9,71.6,72.0,70.1,70.0,69.5,85.6,89.1,89.9,92.3,94.6,90.0,86.4,86.4,91.3,84.5,85.0,88.7,96.2,99.3,94.2,73.17142857142858,73.93571428571428,81.93666666666665,N,,,,
SING,,0,STANDARD CAPITAL,2021-03-01,71.4,1,3,2021,51.11111111111112,-5.030597555769404,-5.597242580484718,0.5666450247153136,75.67999999999999,89.41288025142578,61.94711974857421,5.0,8.035714285714286,8.035714285714286,73.0,73.0,73.0,73.0,73.0,73.0,73.8,73.4,81.3,70.0,87.9,71.6,72.0,70.1,70.0,69.5,85.6,89.1,89.9,92.3,94.6,90.0,86.4,86.4,91.3,84.5,85.0,88.7,96.2,99.3,73.11428571428571,74.14999999999999,81.22999999999999,N,,,,
SING,,0,STANDARD CAPITAL,2021-03-02,71.4,2,3,2021,49.46996466431096,-4.8847214504100975,-5.454738354469794,0.5700169040596963,74.75500000000001,86.84944848724103,62.66055151275899,-5.0,7.457142857142857,7.457142857142857,71.4,73.0,73.0,73.0,73.0,73.0,73.0,73.8,73.4,81.3,70.0,87.9,71.6,72.0,70.1,70.0,69.5,85.6,89.1,89.9,92.3,94.6,90.0,86.4,86.4,91.3,84.5,85.0,88.7,96.2,72.77142857142857,74.24285714285715,80.3,N,,,,
SING,,0,STANDARD CAPITAL,2021-03-05,70.0,5,3,2021,48.611111111111114,-4.826445624839025,-5.32907980854364,0.5026341837046155,73.8,83.99184400442464,63.60815599557535,-1.0,7.057142857142858,7.057142857142858,71.4,71.4,73.0,73.0,73.0,73.0,73.0,73.0,73.8,73.4,81.3,70.0,87.9,71.6,72.0,70.1,70.0,69.5,85.6,89.1,89.9,92.3,94.6,90.0,86.4,86.4,91.3,84.5,85.0,88.7,72.54285714285714,74.19999999999997,79.47333333333334,N,,,,
SING,,0,STANDARD CAPITAL,2021-03-08,70.0,8,3,2021,28.32929782082323,-4.725785697399132,-5.2084209863147395,0.48263528891560714,73.02000000000001,81.68246591851732,64.3575340814827,-1.0,6.778571428571429,6.778571428571429,70.0,71.4,71.4,73.0,73.0,73.0,73.0,73.0,73.0,73.8,73.4,81.3,70.0,87.9,71.6,72.0,70.1,70.0,69.5,85.6,89.1,89.9,92.3,94.6,90.0,86.4,86.4,91.3,84.5,85.0,72.11428571428571,74.08571428571427,78.85000000000001,N,,,,
SING,,0,STANDARD CAPITAL,2021-03-09,58.7,9,3,2021,33.71757925072045,-5.494490475645378,-5.265634884180868,-0.2288555914645105,72.47999999999999,83.17453377345544,61.78546622654454,13.0,6.357142857142857,6.357142857142857,70.0,70.0,71.4,71.4,73.0,73.0,73.0,73.0,73.0,73.0,73.8,73.4,81.3,70.0,87.9,71.6,72.0,70.1,70.0,69.5,85.6,89.1,89.9,92.3,94.6,90.0,86.4,86.4,91.3,84.5,71.68571428571428,72.80714285714285,78.35000000000001,N,,,,
SING,,0,STANDARD CAPITAL,2021-03-12,61.8,12,3,2021,13.207547169811278,-5.786843330674259,-5.369876573479546,-0.41696675719471266,72.07000000000001,83.74833802162657,60.39166197837345,-4.0,5.771428571428571,5.771428571428571,58.7,70.0,70.0,71.4,71.4,73.0,73.0,73.0,73.0,73.0,73.0,73.8,73.4,81.3,70.0,87.9,71.6,72.0,70.1,70.0,69.5,85.6,89.1,89.9,92.3,94.6,90.0,86.4,86.4,91.3,69.64285714285714,71.99999999999999,77.49,N,,,,
SING,,0,STANDARD CAPITAL,2021-03-16,61.8,16,3,2021,18.817204301075222,-5.949947780276091,-5.485890814838855,-0.4640569654372353,71.655,84.1868079512222,59.1231920487778,-3.0,5.278571428571428,5.278571428571428,61.8,58.7,70.0,70.0,71.4,71.4,73.0,73.0,73.0,73.0,73.0,73.0,73.8,73.4,81.3,70.0,87.9,71.6,72.0,70.1,70.0,69.5,85.6,89.1,89.9,92.3,94.6,90.0,86.4,86.4,68.04285714285713,70.60714285714285,76.50666666666666,N,,,,
SING,,0,STANDARD CAPITAL,2021-03-17,60.0,17,3,2021,15.499999999999986,-6.153520237596311,-5.619416699390347,-0.5341035382059642,71.055,84.62345800493111,57.486541995068904,4.0,5.371428571428571,5.371428571428571,61.8,61.8,58.7,70.0,70.0,71.4,71.4,73.0,73.0,73.0,73.0,73.0,73.0,73.8,73.4,81.3,70.0,87.9,71.6,72.0,70.1,70.0,69.5,85.6,89.1,89.9,92.3,94.6,90.0,86.4,66.44285714285715,69.77857142857142,75.68666666666667,N,,,,
SING,,0,STANDARD CAPITAL,2021-03-18,60.0,18,3,2021,16.1458333333333,-6.242888741336145,-5.744111107779506,-0.49877763355663873,70.475,84.90944345635593,56.04055654364406,-6.0,5.442857142857142,5.442857142857142,60.0,61.8,61.8,58.7,70.0,70.0,71.4,71.4,73.0,73.0,73.0,73.0,73.0,73.0,73.8,73.4,81.3,70.0,87.9,71.6,72.0,70.1,70.0,69.5,85.6,89.1,89.9,92.3,94.6,90.0,64.81428571428572,68.79285714285714,74.80666666666666,N,,,,
SING,,0,STANDARD CAPITAL,2021-03-19,61.9,19,3,2021,23.696682464454952,-6.090195817014504,-5.813328049626507,-0.2768677673879969,69.175,81.53603811004135,56.813961889958655,6.0,5.621428571428571,5.621428571428571,60.0,60.0,61.8,61.8,58.7,70.0,70.0,71.4,71.4,73.0,73.0,73.0,73.0,73.0,73.0,73.8,73.4,81.3,70.0,87.9,71.6,72.0,70.1,70.0,69.5,85.6,89.1,89.9,92.3,94.6,63.18571428571429,67.86428571428571,73.80666666666666,N,,,,
SING,,0,STANDARD CAPITAL,2021-03-22,60.1,22,3,2021,21.834061135371172,-6.044750411155505,-5.8596125219323065,-0.1851378892231983,68.68,81.67839666226084,55.68160333773918,-3.0,5.757142857142857,5.757142857142857,61.9,60.0,60.0,61.8,61.8,58.7,70.0,70.0,71.4,71.4,73.0,73.0,73.0,73.0,73.0,73.0,73.8,73.4,81.3,70.0,87.9,71.6,72.0,70.1,70.0,69.5,85.6,89.1,89.9,92.3,62.028571428571425,67.07142857142857,72.71666666666667,N,,,,
SING,,0,STANDARD CAPITAL,2021-03-23,60.0,23,3,2021,21.739130434782595,-5.94823619960038,-5.877337257465921,-0.07089894213445902,67.615,79.71933154309905,55.510668456900945,-2.0,5.142857142857143,5.142857142857143,60.1,61.9,60.0,60.0,61.8,61.8,58.7,70.0,70.0,71.4,71.4,73.0,73.0,73.0,73.0,73.0,73.0,73.8,73.4,81.3,70.0,87.9,71.6,72.0,70.1,70.0,69.5,85.6,89.1,89.9,60.614285714285714,66.14999999999999,71.64333333333333,N,,,,
SING,,0,STANDARD CAPITAL,2021-03-24,60.0,24,3,2021,21.739130434782595,-5.804833484568874,-5.862836502886512,0.058003018317637434,66.94500000000001,79.18376068717312,54.706239312826895,7.0,4.492857142857142,4.492857142857142,60.0,60.1,61.9,60.0,60.0,61.8,61.8,58.7,70.0,70.0,71.4,71.4,73.0,73.0,73.0,73.0,73.0,73.0,73.8,73.4,81.3,70.0,87.9,71.6,72.0,70.1,70.0,69.5,85.6,89.1,60.800000000000004,65.22142857142856,70.64666666666666,N,,,,
SING,,0,STANDARD CAPITAL,2021-03-25,60.0,25,3,2021,21.739130434782595,-5.6263289815149164,-5.8155349986121925,0.18920601709727602,66.25500000000001,78.4223376407149,54.087662359285126,-9.0,4.171428571428571,4.171428571428571,60.0,60.0,60.1,61.9,60.0,60.0,61.8,61.8,58.7,70.0,70.0,71.4,71.4,73.0,73.0,73.0,73.0,73.0,73.0,73.8,73.4,81.3,70.0,87.9,71.6,72.0,70.1,70.0,69.5,85.6,60.542857142857144,64.29285714285714,69.67666666666666,N,,,,
SING,,0,STANDARD CAPITAL,2021-03-26,60.0,26,3,2021,23.36448598130839,-5.42235731693971,-5.736899462277696,0.3145421453379864,65.605,77.64344280890005,53.56655719109996,-2.0,3.721428571428571,3.721428571428571,60.0,60.0,60.0,60.1,61.9,60.0,60.0,61.8,61.8,58.7,70.0,70.0,71.4,71.4,73.0,73.0,73.0,73.0,73.0,73.0,73.8,73.4,81.3,70.0,87.9,71.6,72.0,70.1,70.0,69.5,60.285714285714285,63.36428571428571,68.82333333333332,N,,,,
SING,,0,STANDARD CAPITAL,2021-03-29,60.0,29,3,2021,23.36448598130839,-5.2007572114526965,-5.629671012112697,0.4289138006600002,64.95500000000001,76.71281487038792,53.1971851296121,-1.0,3.614285714285714,3.614285714285714,60.0,60.0,60.0,60.0,60.1,61.9,60.0,60.0,61.8,61.8,58.7,70.0,70.0,71.4,71.4,73.0,73.0,73.0,73.0,73.0,73.0,73.8,73.4,81.3,70.0,87.9,71.6,72.0,70.1,70.0,60.285714285714285,62.55,68.50666666666666,N,,,,
SING,,0,STANDARD CAPITAL,2023-04-06,42.4,6,4,2023,21.014492753623216,-5.0673666177146615,-5.364748690908226,0.2973820731935648,46.68,53.490703650176485,39.869296349823514,-43.0,4.12142857142857,4.12142857142857,43.2,42.2,42.4,42.6,41.9,43.7,46.3,47.4,47.4,48.2,50.3,50.7,49.5,49.5,51.5,49.3,48.4,47.4,50.2,49.7,50.0,50.1,51.2,57.7,56.2,56.7,59.4,70.0,93.2,75.0,43.18571428571429,46.09285714285714,52.043333333333344,N,,,,
SING,,0,STANDARD CAPITAL,2023-04-10,41.7,10,4,2023,26.84563758389264,-4.854466503147563,-5.262692253356094,0.4082257502085307,46.3,53.131814122949145,39.46818587705085,4.0,4.278571428571428,4.278571428571428,41.5,43.2,42.2,42.4,42.6,41.9,43.7,46.3,47.4,47.4,48.2,50.3,50.7,49.5,49.5,51.5,49.3,48.4,47.4,50.2,49.7,50.0,50.1,51.2,57.7,56.2,56.7,59.4,70.0,93.2,42.5,45.521428571428565,50.92666666666667,N,,,,
SING,,0,STANDARD CAPITAL,2023-04-11,43.0,11,4,2023,19.178082191780845,-4.7041377352884695,-5.150981349742569,0.4468436144540995,46.015,53.1235641454887,38.9064358545113,-1.0,4.12142857142857,4.12142857142857,42.6,41.5,43.2,42.2,42.4,42.6,41.9,43.7,46.3,47.4,47.4,48.2,50.3,50.7,49.5,49.5,51.5,49.3,48.4,47.4,50.2,49.7,50.0,50.1,51.2,57.7,56.2,56.7,59.4,70.0,42.34285714285714,45.028571428571425,49.24000000000001,N,,,,
SING,,0,STANDARD CAPITAL,2023-04-12,46.5,12,4,2023,19.718309859154957,-4.532750378871363,-5.027335155568328,0.4945847766969651,45.68,52.94508593784077,38.41491406215923,-10.0,4.249999999999998,4.249999999999998,41.7,42.6,41.5,43.2,42.2,42.4,42.6,41.9,43.7,46.3,47.4,47.4,48.2,50.3,50.7,49.5,49.5,51.5,49.3,48.4,47.4,50.2,49.7,50.0,50.1,51.2,57.7,56.2,56.7,59.4,42.31428571428571,44.385714285714286,48.29666666666667,N,,,,
SING,,0,STANDARD CAPITAL,2023-04-17,41.6,17,4,2023,25.60000000000001,-4.3149084286428945,-4.884849810183241,0.5699413815403469,45.32,52.54323735555867,38.096762644441334,11.0,4.049999999999999,4.049999999999999,41.7,41.7,42.6,41.5,43.2,42.2,42.4,42.6,41.9,43.7,46.3,47.4,47.4,48.2,50.3,50.7,49.5,49.5,51.5,49.3,48.4,47.4,50.2,49.7,50.0,50.1,51.2,57.7,56.2,56.7,42.185714285714276,43.771428571428565,47.70666666666668,N,,,,
SING,,0,STANDARD CAPITAL,2023-04-18,42.9,18,4,2023,28.57142857142857,-4.079107374433782,-4.7237013230333496,0.6445939485995673,44.86,51.58040099054258,38.13959900945742,-3.0,3.935714285714284,3.935714285714284,42.1,41.7,41.7,42.6,41.5,43.2,42.2,42.4,42.6,41.9,43.7,46.3,47.4,47.4,48.2,50.3,50.7,49.5,49.5,51.5,49.3,48.4,47.4,50.2,49.7,50.0,50.1,51.2,57.7,56.2,42.142857142857146,43.33571428571429,47.22,N,,,,
SING,,0,STANDARD CAPITAL,2023-04-19,41.7,19,4,2023,19.88304093567251,-4.262692219433099,-4.631499502313299,0.3688072828802005,44.24,51.429583107744115,37.05041689225589,5.0,4.364285714285713,4.364285714285713,42.3,42.1,41.7,41.7,42.6,41.5,43.2,42.2,42.4,42.6,41.9,43.7,46.3,47.4,47.4,48.2,50.3,50.7,49.5,49.5,51.5,49.3,48.4,47.4,50.2,49.7,50.0,50.1,51.2,57.7,42.15714285714286,42.97142857142857,46.756666666666675,N,,,,
SING,,0,STANDARD CAPITAL,2023-04-20,39.0,20,4,2023,21.25,-4.357948810592873,-4.576789363969214,0.21884055337634045,43.62,51.03480737585639,36.205192624143606,-10.0,4.292857142857142,4.292857142857142,37.1,42.3,42.1,41.7,41.7,42.6,41.5,43.2,42.2,42.4,42.6,41.9,43.7,46.3,47.4,47.4,48.2,50.3,50.7,49.5,49.5,51.5,49.3,48.4,47.4,50.2,49.7,50.0,50.1,51.2,41.285714285714285,42.23571428571428,46.07000000000001,N,,,,
SING,,0,STANDARD CAPITAL,2023-04-21,42.0,21,4,2023,25.373134328358205,-4.382916808674253,-4.538014852910221,0.1550980442359684,42.94,50.11140520620476,35.76859479379524,-3.0,4.442857142857141,4.442857142857141,37.1,37.1,42.3,42.1,41.7,41.7,42.6,41.5,43.2,42.2,42.4,42.6,41.9,43.7,46.3,47.4,47.4,48.2,50.3,50.7,49.5,49.5,51.5,49.3,48.4,47.4,50.2,49.7,50.0,50.1,40.65714285714286,41.57857142857143,45.60000000000001,N,,,,
SING,,0,STANDARD CAPITAL,2023-04-24,42.0,24,4,2023,29.310344827586206,-4.352530860633465,-4.50091805445487,0.14838719382140564,42.28,49.01579597140702,35.54420402859298,3.0,4.435714285714284,4.435714285714284,37.1,37.1,37.1,42.3,42.1,41.7,41.7,42.6,41.5,43.2,42.2,42.4,42.6,41.9,43.7,46.3,47.4,47.4,48.2,50.3,50.7,49.5,49.5,51.5,49.3,48.4,47.4,50.2,49.7,50.0,39.871428571428574,41.107142857142854,45.16666666666667,N,,,,
SING,,0,STANDARD CAPITAL,2023-04-25,39.0,25,4,2023,33.87096774193547,-4.15946459523817,-4.43262736261153,0.27316276737336054,41.8,48.11456128409,35.48543871590999,2.0,4.128571428571427,4.128571428571427,37.1,37.1,37.1,37.1,42.3,42.1,41.7,41.7,42.6,41.5,43.2,42.2,42.4,42.6,41.9,43.7,46.3,47.4,47.4,48.2,50.3,50.7,49.5,49.5,51.5,49.3,48.4,47.4,50.2,49.7,39.214285714285715,40.76428571428572,44.73666666666667,N,,,,
SING,,0,STANDARD CAPITAL,2023-04-26,41.7,26,4,2023,32.8125,-4.008663793629452,-4.347834648815114,0.33917085518566203,41.33,47.27823282027635,35.381767179723646,10.0,4.542857142857142,4.542857142857142,38.6,37.1,37.1,37.1,37.1,42.3,42.1,41.7,41.7,42.6,41.5,43.2,42.2,42.4,42.6,41.9,43.7,46.3,47.4,47.4,48.2,50.3,50.7,49.5,49.5,51.5,49.3,48.4,47.4,50.2,38.77142857142858,40.478571428571435,44.366666666666674,N,,,,
SING,,0,STANDARD CAPITAL,2023-04-27,37.1,27,4,2023,33.333333333333314,-3.8448322391653065,-4.2472341668851525,0.40240192771984606,40.86,46.247861601004736,35.47213839899526,-13.0,4.442857142857142,4.442857142857142,38.0,38.6,37.1,37.1,37.1,37.1,42.3,42.1,41.7,41.7,42.6,41.5,43.2,42.2,42.4,42.6,41.9,43.7,46.3,47.4,47.4,48.2,50.3,50.7,49.5,49.5,51.5,49.3,48.4,47.4,38.185714285714276,40.16428571428572,43.96000000000001,N,,,,
SING,,0,STANDARD CAPITAL,2023-04-28,36.7,28,4,2023,24.24242424242422,-3.8002937592954993,-4.157846085367222,0.3575523260717226,40.365,45.45958949330225,35.27041050669775,1.0,4.07142857142857,4.07142857142857,38.0,38.0,38.6,37.1,37.1,37.1,37.1,42.3,42.1,41.7,41.7,42.6,41.5,43.2,42.2,42.4,42.6,41.9,43.7,46.3,47.4,47.4,48.2,50.3,50.7,49.5,49.5,51.5,49.3,48.4,37.57142857142857,39.86428571428572,43.64666666666667,N,,,,
SING,,0,STANDARD CAPITAL,2023-05-02,41.1,2,5,2023,46.4516129032258,-3.4030024288072482,-4.006877354055227,0.6038749252479789,40.2,45.04757128554327,35.352428714456735,-1.0,3.9285714285714275,3.9285714285714275,36.4,38.0,38.0,38.6,37.1,37.1,37.1,37.1,42.3,42.1,41.7,41.7,42.6,41.5,43.2,42.2,42.4,42.6,41.9,43.7,46.3,47.4,47.4,48.2,50.3,50.7,49.5,49.5,51.5,49.3,37.471428571428575,39.378571428571426,43.24666666666667,N,,,,
SING,,0,STANDARD CAPITAL,2023-05-03,41.0,3,5,2023,38.60759493670885,-3.16463454960639,-3.83842879316546,0.6737942435590698,40.055,44.86178248881094,35.24821751118906,10.0,3.7785714285714276,3.7785714285714276,40.4,36.4,38.0,38.0,38.6,37.1,37.1,37.1,37.1,42.3,42.1,41.7,41.7,42.6,41.5,43.2,42.2,42.4,42.6,41.9,43.7,46.3,47.4,47.4,48.2,50.3,50.7,49.5,49.5,51.5,37.94285714285714,39.300000000000004,42.95,N,,,,
SING,,0,STANDARD CAPITAL,2023-05-04,40.5,4,5,2023,40.93959731543623,-2.9418148773025123,-3.659106009992871,0.7172911326903586,39.875,44.54827226728908,35.20172773271092,-13.0,3.7785714285714276,3.7785714285714276,39.0,40.4,36.4,38.0,38.0,38.6,37.1,37.1,37.1,37.1,42.3,42.1,41.7,41.7,42.6,41.5,43.2,42.2,42.4,42.6,41.9,43.7,46.3,47.4,47.4,48.2,50.3,50.7,49.5,49.5,38.214285714285715,39.04285714285715,42.53333333333333,N,,,,
SING,,0,STANDARD CAPITAL,2023-05-08,41.2,8,5,2023,40.93959731543623,-2.7337161041037135,-3.47402802881504,0.7403119247113263,39.705,44.23674765869725,35.17325234130275,0.0,3.592857142857142,3.592857142857142,39.0,39.0,40.4,36.4,38.0,38.0,38.6,37.1,37.1,37.1,37.1,42.3,42.1,41.7,41.7,42.6,41.5,43.2,42.2,42.4,42.6,41.9,43.7,46.3,47.4,47.4,48.2,50.3,50.7,49.5,38.48571428571429,38.85000000000001,42.18333333333333,N,,,,
SING,,0,STANDARD CAPITAL,2023-05-09,39.4,9,5,2023,55.32994923857869,-2.1247074800407972,-3.2041639190601914,1.0794564390193941,39.805,44.64625907938079,34.96374092061921,22.0,4.199999999999999,4.199999999999999,39.0,39.0,39.0,40.4,36.4,38.0,38.0,38.6,37.1,37.1,37.1,37.1,42.3,42.1,41.7,41.7,42.6,41.5,43.2,42.2,42.4,42.6,41.9,43.7,46.3,47.4,47.4,48.2,50.3,50.7,38.542857142857144,38.65714285714286,41.833333333333336,N,,,,
SING,,0,STANDARD CAPITAL,2023-05-10,43.4,10,5,2023,52.70935960591133,-1.6871684443215287,-2.9007648241124593,1.2135963797909306,39.815,44.6865176496169,34.94348235038309,-21.0,4.064285714285714,4.064285714285714,44.2,39.0,39.0,39.0,40.4,36.4,38.0,38.0,38.6,37.1,37.1,37.1,37.1,42.3,42.1,41.7,41.7,42.6,41.5,43.2,42.2,42.4,42.6,41.9,43.7,46.3,47.4,47.4,48.2,50.3,39.42857142857143,38.807142857142864,41.616666666666674,N,,,,
SING,,0,STANDARD CAPITAL,2023-05-15,43.0,15,5,2023,70.86092715231786,-1.3251402146916575,-2.585639902228299,1.2604996875366417,39.91,44.989535826286584,34.83046417371341,1.0,3.642857142857143,3.642857142857143,43.4,44.2,39.0,39.0,39.0,40.4,36.4,38.0,38.0,38.6,37.1,37.1,37.1,37.1,42.3,42.1,41.7,41.7,42.6,41.5,43.2,42.2,42.4,42.6,41.9,43.7,46.3,47.4,47.4,48.2,40.199999999999996,38.88571428571429,41.38666666666667,N,,,,
SING,,0,STANDARD CAPITAL,2023-05-16,38.7,16,5,2023,54.87179487179487,-1.377395701851249,-2.3439910621528894,0.9665953603016404,39.730000000000004,44.661146978778724,34.798853021221284,10.0,3.6285714285714286,3.6285714285714286,43.4,43.4,44.2,39.0,39.0,39.0,40.4,36.4,38.0,38.0,38.6,37.1,37.1,37.1,37.1,42.3,42.1,41.7,41.7,42.6,41.5,43.2,42.2,42.4,42.6,41.9,43.7,46.3,47.4,47.4,41.199999999999996,39.33571428571429,41.226666666666674,N,,,,
SING,,0,STANDARD CAPITAL,2023-05-17,39.0,17,5,2023,54.87179487179487,-1.402639793479402,-2.155720808418192,0.7530810149387901,39.595,44.44625051702652,34.74374948297348,-9.0,3.2785714285714285,3.2785714285714285,39.0,43.4,43.4,44.2,39.0,39.0,39.0,40.4,36.4,38.0,38.0,38.6,37.1,37.1,37.1,37.1,42.3,42.1,41.7,41.7,42.6,41.5,43.2,42.2,42.4,42.6,41.9,43.7,46.3,47.4,41.0,39.471428571428575,40.94666666666667,N,,,,
SING,,0,STANDARD CAPITAL,2023-05-18,39.1,18,5,2023,55.10204081632653,-1.3984562208977138,-2.0042678909140967,0.6058116700163829,39.464999999999996,44.217074339308944,34.71292566069105,1.0,2.935714285714286,2.935714285714286,39.0,39.0,43.4,43.4,44.2,39.0,39.0,39.0,40.4,36.4,38.0,38.0,38.6,37.1,37.1,37.1,37.1,42.3,42.1,41.7,41.7,42.6,41.5,43.2,42.2,42.4,42.6,41.9,43.7,46.3,41.0,39.607142857142854,40.666666666666664,N,,,,
SING,,0,STANDARD CAPITAL,2023-05-19,38.3,19,5,2023,47.6923076923077,-1.490922581742275,-1.9015988290797325,0.41067624733745745,39.245000000000005,43.88962337717412,34.60037662282589,3.0,3.2285714285714286,3.2285714285714286,39.1,39.0,39.0,43.4,43.4,44.2,39.0,39.0,39.0,40.4,36.4,38.0,38.0,38.6,37.1,37.1,37.1,37.1,42.3,42.1,41.7,41.7,42.6,41.5,43.2,42.2,42.4,42.6,41.9,43.7,41.01428571428572,39.75,40.42666666666667,N,,,,
SING,,0,STANDARD CAPITAL,2023-05-22,36.7,22,5,2023,44.4976076555024,-1.7059213250621852,-1.862463328276223,0.15654200321403788,38.915,43.5834946294567,34.2465053705433,15.0,2.935714285714286,2.935714285714286,37.7,39.1,39.0,39.0,43.4,43.4,44.2,39.0,39.0,39.0,40.4,36.4,38.0,38.0,38.6,37.1,37.1,37.1,37.1,42.3,42.1,41.7,41.7,42.6,41.5,43.2,42.2,42.4,42.6,41.9,40.82857142857143,39.685714285714276,40.226666666666674,N,,,,
SING,,0,STANDARD CAPITAL,2023-05-23,35.3,23,5,2023,43.66197183098591,-1.886835766978784,-1.8673378160167353,-0.01949795096204876,38.825,43.70541197570805,33.94458802429195,-8.0,3.2285714285714286,3.2285714285714286,35.7,37.7,39.1,39.0,39.0,43.4,43.4,44.2,39.0,39.0,39.0,40.4,36.4,38.0,38.0,38.6,37.1,37.1,37.1,37.1,42.3,42.1,41.7,41.7,42.6,41.5,43.2,42.2,42.4,42.6,39.614285714285714,39.521428571428565,40.02,N,,,,
SING,,0,STANDARD CAPITAL,2023-05-24,39.0,24,5,2023,55.74468085106384,-1.7039415460646836,-1.834658562026325,0.13071701596164131,38.925,43.73808523440912,34.111914765590875,2.0,3.3785714285714294,3.3785714285714294,35.3,35.7,37.7,39.1,39.0,39.0,43.4,43.4,44.2,39.0,39.0,39.0,40.4,36.4,38.0,38.0,38.6,37.1,37.1,37.1,37.1,42.3,42.1,41.7,41.7,42.6,41.5,43.2,42.2,42.4,38.457142857142856,39.32857142857143,39.77666666666667,N,,,,
SING,,0,STANDARD CAPITAL,2023-05-25,39.5,25,5,2023,49.7584541062802,-1.4455037200372232,-1.7568275936285047,0.31132387359128155,39.085,43.85520357063155,34.31479642936845,-9.0,3.214285714285715,3.214285714285715,39.1,35.3,35.7,37.7,39.1,39.0,39.0,43.4,43.4,44.2,39.0,39.0,39.0,40.4,36.4,38.0,38.0,38.6,37.1,37.1,37.1,37.1,42.3,42.1,41.7,41.7,42.6,41.5,43.2,42.2,37.84285714285714,39.521428571428565,39.66666666666667,N,,,,
SING,,0,STANDARD CAPITAL,2023-05-26,42.4,26,5,2023,58.33333333333333,-1.0430751814682893,-1.6140771111964618,0.5710019297281725,39.36,44.28016259893947,34.43983740106053,2.0,3.1357142857142866,3.1357142857142866,40.3,39.1,35.3,35.7,37.7,39.1,39.0,39.0,43.4,43.4,44.2,39.0,39.0,39.0,40.4,36.4,38.0,38.0,38.6,37.1,37.1,37.1,37.1,42.3,42.1,41.7,41.7,42.6,41.5,43.2,38.02857142857143,39.51428571428572,39.60333333333333,N,,,,
SING,,0,STANDARD CAPITAL,2023-05-29,37.1,29,5,2023,58.33333333333333,-0.7158952702650652,-1.4344407430101827,0.7185454727451175,39.56,44.67155553623383,34.44844446376617,-8.0,3.421428571428572,3.421428571428572,42.6,40.3,39.1,35.3,35.7,37.7,39.1,39.0,39.0,43.4,43.4,44.2,39.0,39.0,39.0,40.4,36.4,38.0,38.0,38.6,37.1,37.1,37.1,37.1,42.3,42.1,41.7,41.7,42.6,41.5,38.542857142857144,39.771428571428565,39.58333333333333,N,,,,
SING,,0,STANDARD CAPITAL,2023-05-30,37.1,30,5,2023,58.33333333333333,-0.45139938233928945,-1.237832470876004,0.7864330885367146,39.79,45.018625662235934,34.561374337764065,3.0,3.657142857142858,3.657142857142858,42.6,42.6,40.3,39.1,35.3,35.7,37.7,39.1,39.0,39.0,43.4,43.4,44.2,39.0,39.0,39.0,40.4,36.4,38.0,38.0,38.6,37.1,37.1,37.1,37.1,42.3,42.1,41.7,41.7,42.6,39.04285714285714,40.028571428571425,39.62,N,,,,
SING,,0,STANDARD CAPITAL,2023-06-02,37.0,2,6,2023,45.1219512195122,-0.23902910681523082,-1.0380717980638494,0.7990426912486186,40.019999999999996,45.32128087799269,34.7187191220073,-4.0,3.414285714285715,3.414285714285715,42.6,42.6,42.6,40.3,39.1,35.3,35.7,37.7,39.1,39.0,39.0,43.4,43.4,44.2,39.0,39.0,39.0,40.4,36.4,38.0,38.0,38.6,37.1,37.1,37.1,37.1,42.3,42.1,41.7,41.7,39.74285714285714,40.28571428571429,39.620000000000005,N,,,,
SING,,0,STANDARD CAPITAL,2023-06-05,39.1,5,6,2023,47.435897435897445,-0.06991816038680554,-0.8444410705284406,0.7745229101416351,40.33,45.462394537076534,35.19760546292346,0.0,3.6071428571428577,3.6071428571428577,42.6,42.6,42.6,42.6,40.3,39.1,35.3,35.7,37.7,39.1,39.0,39.0,43.4,43.4,44.2,39.0,39.0,39.0,40.4,36.4,38.0,38.0,38.6,37.1,37.1,37.1,37.1,42.3,42.1,41.7,40.72857142857142,40.17142857142857,39.64999999999999,N,,,,
SING,,0,STANDARD CAPITAL,2023-06-06,38.3,6,6,2023,47.435897435897445,0.06337295901309403,-0.6628782646201338,0.7262512236332278,40.440000000000005,45.67204699801867,35.20795300198134,5.0,3.8357142857142863,3.8357142857142863,42.6,42.6,42.6,42.6,42.6,40.3,39.1,35.3,35.7,37.7,39.1,39.0,39.0,43.4,43.4,44.2,39.0,39.0,39.0,40.4,36.4,38.0,38.0,38.6,37.1,37.1,37.1,37.1,42.3,42.1,41.77142857142858,40.114285714285714,39.679999999999986,N,,,,
SING,,0,STANDARD CAPITAL,2023-06-07,38.2,7,6,2023,66.07142857142856,0.16708112425217791,-0.49688638684567143,0.6639675110978493,40.620000000000005,45.8910130854866,35.34898691451341,-3.0,3.8214285714285725,3.8214285714285725,42.6,42.6,42.6,42.6,42.6,42.6,40.3,39.1,35.3,35.7,37.7,39.1,39.0,39.0,43.4,43.4,44.2,39.0,39.0,39.0,40.4,36.4,38.0,38.0,38.6,37.1,37.1,37.1,37.1,42.3,42.271428571428565,40.05714285714286,39.69666666666665,N,,,,
SING,,0,STANDARD CAPITAL,2023-06-08,38.1,8,6,2023,66.07142857142856,0.24642990186966784,-0.3482231291026036,0.5946530309722715,40.8,46.08393792544939,35.516062074550604,0.0,4.142857142857144,4.142857142857144,42.6,42.6,42.6,42.6,42.6,42.6,42.6,40.3,39.1,35.3,35.7,37.7,39.1,39.0,39.0,43.4,43.4,44.2,39.0,39.0,39.0,40.4,36.4,38.0,38.0,38.6,37.1,37.1,37.1,37.1,42.6,40.31428571428571,39.706666666666656,N,,,,
SING,,0,STANDARD CAPITAL,2023-06-09,36.6,9,6,2023,42.69005847953216,-0.17284304902111813,-0.3131471130863065,0.14030406406518836,40.68,46.237962519523094,35.122037480476905,7.0,4.564285714285715,4.564285714285715,42.6,42.6,42.6,42.6,42.6,42.6,42.6,42.6,40.3,39.1,35.3,35.7,37.7,39.1,39.0,39.0,43.4,43.4,44.2,39.0,39.0,39.0,40.4,36.4,38.0,38.0,38.6,37.1,37.1,37.1,42.6,40.57142857142858,39.88999999999999,N,,,,
SING,,0,STANDARD CAPITAL,2023-06-12,36.5,12,6,2023,47.499999999999986,-0.47543190742249664,-0.34560407195354453,-0.1298278354689521,40.315,45.85842664309459,34.77157335690541,-2.0,4.242857142857144,4.242857142857144,36.6,42.6,42.6,42.6,42.6,42.6,42.6,42.6,42.6,40.3,39.1,35.3,35.7,37.7,39.1,39.0,39.0,43.4,43.4,44.2,39.0,39.0,39.0,40.4,36.4,38.0,38.0,38.6,37.1,37.1,41.74285714285714,40.39285714285715,39.87333333333333,N,,,,
SING,,0,STANDARD CAPITAL,2023-06-13,36.2,13,6,2023,54.28571428571427,-0.7070849228945519,-0.41790024214174604,-0.2891846807528059,39.99,45.5340437455556,34.445956254444404,-7.0,4.107142857142858,4.107142857142858,36.9,36.6,42.6,42.6,42.6,42.6,42.6,42.6,42.6,42.6,40.3,39.1,35.3,35.7,37.7,39.1,39.0,39.0,43.4,43.4,44.2,39.0,39.0,39.0,40.4,36.4,38.0,38.0,38.6,37.1,40.92857142857143,40.335714285714296,39.86666666666666,N,,,,
SING,,0,STANDARD CAPITAL,2023-06-14,38.7,14,6,2023,55.88235294117647,-0.8805215028467899,-0.5104244942827548,-0.37009700856403505,39.665000000000006,45.12886213897156,34.20113786102845,8.0,3.7428571428571438,3.7428571428571438,36.9,36.9,36.6,42.6,42.6,42.6,42.6,42.6,42.6,42.6,42.6,40.3,39.1,35.3,35.7,37.7,39.1,39.0,39.0,43.4,43.4,44.2,39.0,39.0,39.0,40.4,36.4,38.0,38.0,38.6,40.114285714285714,40.42142857142857,39.86000000000001,N,,,,
SING,,0,STANDARD CAPITAL,2023-06-15,39.7,15,6,2023,38.77551020408161,-1.0063704301273546,-0.6096136814516748,-0.3967567486756798,39.56,45.15676598346643,33.963234016533576,-6.0,3.671428571428572,3.671428571428572,36.9,36.9,36.9,36.6,42.6,42.6,42.6,42.6,42.6,42.6,42.6,42.6,40.3,39.1,35.3,35.7,37.7,39.1,39.0,39.0,43.4,43.4,44.2,39.0,39.0,39.0,40.4,36.4,38.0,38.0,39.3,40.53571428571429,39.80333333333335,N,,,,
SING,,0,STANDARD CAPITAL,2023-06-16,37.0,16,6,2023,30.232558139534902,-1.0935014081377474,-0.7063912267888894,-0.387110181348858,39.455,45.173474216819,33.736525783180994,-2.0,3.5071428571428584,3.5071428571428584,36.9,36.9,36.9,36.9,36.6,42.6,42.6,42.6,42.6,42.6,42.6,42.6,42.6,40.3,39.1,35.3,35.7,37.7,39.1,39.0,39.0,43.4,43.4,44.2,39.0,39.0,39.0,40.4,36.4,38.0,38.48571428571428,40.37857142857143,39.76666666666667,N,,,,
SING,,0,STANDARD CAPITAL,2023-06-19,36.8,19,6,2023,4.687499999999972,-1.1572820728679645,-0.7965693960047044,-0.36071267686326003,39.339999999999996,45.17975486147389,33.500245138526104,0.0,3.342857142857144,3.342857142857144,36.9,36.9,36.9,36.9,36.9,36.6,42.6,42.6,42.6,42.6,42.6,42.6,42.6,42.6,40.3,39.1,35.3,35.7,37.7,39.1,39.0,39.0,43.4,43.4,44.2,39.0,39.0,39.0,40.4,36.4,37.67142857142857,40.13571428571429,39.73000000000001,N,,,,
SING,,0,STANDARD CAPITAL,2023-06-20,39.5,20,6,2023,4.687499999999972,-1.194064279447268,-0.8760683726932172,-0.31799590675405076,39.295,45.201454988088756,33.38854501191125,0.0,3.1428571428571437,3.1428571428571437,36.8,36.9,36.9,36.9,36.9,36.9,36.6,42.6,42.6,42.6,42.6,42.6,42.6,42.6,42.6,40.3,39.1,35.3,35.7,37.7,39.1,39.0,39.0,43.4,43.4,44.2,39.0,39.0,39.0,40.4,36.84285714285715,39.72142857142858,39.74333333333334,N,,,,
SING,,0,STANDARD CAPITAL,2023-06-22,38.4,22,6,2023,4.687499999999972,-1.2092746774288088,-0.9427096336403356,-0.26656504378847323,39.35,45.134734902719366,33.56526509728064,1.0,2.864285714285715,2.864285714285715,36.8,36.8,36.9,36.9,36.9,36.9,36.9,36.6,42.6,42.6,42.6,42.6,42.6,42.6,42.6,42.6,40.3,39.1,35.3,35.7,37.7,39.1,39.0,39.0,43.4,43.4,44.2,39.0,39.0,39.0,36.871428571428574,39.307142857142864,39.623333333333335,N,,,,
SING,,0,STANDARD CAPITAL,2023-06-23,39.6,23,6,2023,4.687499999999972,-1.2074107478994875,-0.9956498564921661,-0.21176089140732146,39.425,45.02457705169751,33.82542294830248,-1.0,2.6642857142857155,2.6642857142857155,36.8,36.8,36.8,36.9,36.9,36.9,36.9,36.9,36.6,42.6,42.6,42.6,42.6,42.6,42.6,42.6,42.6,40.3,39.1,35.3,35.7,37.7,39.1,39.0,39.0,43.4,43.4,44.2,39.0,39.0,36.857142857142854,38.89285714285715,39.55,N,,,,
SING,,0,STANDARD CAPITAL,2023-06-26,39.5,26,6,2023,4.687499999999972,-1.1921907376084349,-1.03495803271542,-0.15723270489301489,39.31,45.03083909929328,33.58916090070672,3.0,2.6071428571428585,2.6071428571428585,36.8,36.8,36.8,36.8,36.9,36.9,36.9,36.9,36.9,36.6,42.6,42.6,42.6,42.6,42.6,42.6,42.6,42.6,40.3,39.1,35.3,35.7,37.7,39.1,39.0,39.0,43.4,43.4,44.2,39.0,36.84285714285714,38.478571428571435,39.476666666666674,N,,,,
SING,,0,STANDARD CAPITAL,2023-06-28,38.1,28,6,2023,4.687499999999972,-1.1666800088891378,-1.0613024279501637,-0.10537758093897409,39.135,44.941810883056355,33.32818911694364,-3.0,2.371428571428573,2.371428571428573,36.8,36.8,36.8,36.8,36.8,36.9,36.9,36.9,36.9,36.9,36.6,42.6,42.6,42.6,42.6,42.6,42.6,42.6,42.6,40.3,39.1,35.3,35.7,37.7,39.1,39.0,39.0,43.4,43.4,44.2,36.82857142857143,38.06428571428571,39.403333333333336,N,,,,
SING,,0,STANDARD CAPITAL,2023-07-04,36.3,4,7,2023,4.3478260869564735,-1.1732835119279912,-1.0836986447457293,-0.08958486718226188,38.82,44.51786663677987,33.12213336322013,10.0,2.0857142857142876,2.0857142857142876,36.8,36.8,36.8,36.8,36.8,36.8,36.9,36.9,36.9,36.9,36.9,36.6,42.6,42.6,42.6,42.6,42.6,42.6,42.6,42.6,40.3,39.1,35.3,35.7,37.7,39.1,39.0,39.0,43.4,43.4,36.81428571428571,37.64999999999999,39.15666666666667,N,,,,
SING,,0,STANDARD CAPITAL,2023-07-05,36.5,5,7,2023,7.042253521126753,-1.149132028417938,-1.096785321480171,-0.052346706937766996,38.515,44.010366469270444,33.01963353072956,-9.0,1.7785714285714305,1.7785714285714305,36.3,36.8,36.8,36.8,36.8,36.8,36.8,36.9,36.9,36.9,36.9,36.9,36.6,42.6,42.6,42.6,42.6,42.6,42.6,42.6,42.6,40.3,39.1,35.3,35.7,37.7,39.1,39.0,39.0,43.4,36.728571428571435,37.199999999999996,38.92,N,,,,
SING,,0,STANDARD CAPITAL,2023-07-06,36.9,6,7,2023,71.42857142857137,-1.0373423244893445,-1.0848967220820058,0.047554397592661335,38.260000000000005,43.42033454647874,33.09966545352127,2.0,1.4500000000000017,1.4500000000000017,36.5,36.3,36.8,36.8,36.8,36.8,36.8,36.8,36.9,36.9,36.9,36.9,36.9,36.6,42.6,42.6,42.6,42.6,42.6,42.6,42.6,42.6,40.3,39.1,35.3,35.7,37.7,39.1,39.0,39.0,36.68571428571429,36.7642857142857,38.68999999999999,N,,,,
SING,,0,STANDARD CAPITAL,2023-07-07,38.2,7,7,2023,79.31034482758619,-0.8501869459186295,-1.0379547668493307,0.1877678209307012,38.06,42.80547984374304,33.31452015625696,4.0,1.4857142857142875,1.4857142857142875,37.5,36.5,36.3,36.8,36.8,36.8,36.8,36.8,36.8,36.9,36.9,36.9,36.9,36.9,36.6,42.6,42.6,42.6,42.6,42.6,42.6,42.6,42.6,40.3,39.1,35.3,35.7,37.7,39.1,39.0,36.785714285714285,36.82857142857142,38.63999999999999,N,,,,
SING,,0,STANDARD CAPITAL,2023-07-10,39.4,10,7,2023,83.78378378378376,-0.6300488351191404,-0.9563735805032927,0.32632474538415224,37.9,42.19540758436176,33.60459241563824,3.0,1.500000000000002,1.500000000000002,38.6,37.5,36.5,36.3,36.8,36.8,36.8,36.8,36.8,36.8,36.9,36.9,36.9,36.9,36.9,36.6,42.6,42.6,42.6,42.6,42.6,42.6,42.6,42.6,40.3,39.1,35.3,35.7,37.7,39.1,37.042857142857144,36.949999999999996,38.626666666666665,N,,,,
SING,,0,STANDARD CAPITAL,2023-07-11,38.0,11,7,2023,83.78378378378376,-0.4503959125825645,-0.8551780469191471,0.4047821343365826,37.739999999999995,41.5037607172674,33.97623928273259,-9.0,1.4928571428571449,1.4928571428571449,39.4,38.6,37.5,36.5,36.3,36.8,36.8,36.8,36.8,36.8,36.8,36.9,36.9,36.9,36.9,36.9,36.6,42.6,42.6,42.6,42.6,42.6,42.6,42.6,42.6,40.3,39.1,35.3,35.7,37.7,37.41428571428572,37.128571428571426,38.63666666666666,N,,,,
SING,,0,STANDARD CAPITAL,2023-07-12,38.1,12,7,2023,84.99999999999999,-0.2805778574603792,-0.7402580090273936,0.45968015156701436,37.595,40.743583641476214,34.446416358523784,8.0,1.4000000000000017,1.4000000000000017,39.4,39.4,38.6,37.5,36.5,36.3,36.8,36.8,36.8,36.8,36.8,36.8,36.9,36.9,36.9,36.9,36.9,36.6,42.6,42.6,42.6,42.6,42.6,42.6,42.6,42.6,40.3,39.1,35.3,35.7,37.785714285714285,37.30714285714286,38.693333333333335,N,,,,
SING,,0,STANDARD CAPITAL,2023-07-13,39.8,13,7,2023,86.36363636363635,-0.11242322330526378,-0.6146910518829676,0.5022678285777038,37.47,39.8979946241168,35.0420053758832,12.0,1.4785714285714298,1.4785714285714298,39.7,39.4,39.4,38.6,37.5,36.5,36.3,36.8,36.8,36.8,36.8,36.8,36.8,36.9,36.9,36.9,36.9,36.9,36.6,42.6,42.6,42.6,42.6,42.6,42.6,42.6,42.6,40.3,39.1,35.3,38.199999999999996,37.50714285714286,38.82666666666666,N,,,,
SING,,0,STANDARD CAPITAL,2023-07-14,39.0,14,7,2023,77.55102040816327,-0.027260211094791487,-0.4972048837253324,0.4699446726305409,37.614999999999995,40.16741887339565,35.06258112660434,-18.0,1.5785714285714296,1.5785714285714296,40.1,39.7,39.4,39.4,38.6,37.5,36.5,36.3,36.8,36.8,36.8,36.8,36.8,36.8,36.9,36.9,36.9,36.9,36.9,36.6,42.6,42.6,42.6,42.6,42.6,42.6,42.6,42.6,40.3,39.1,38.74285714285715,37.73571428571429,38.98666666666666,N,,,,
SING,,0,STANDARD CAPITAL,2023-07-17,40.5,17,7,2023,78.84615384615384,0.0637052282278816,-0.3850228613346896,0.4487280895625712,37.760000000000005,40.46625007596995,35.05374992403006,5.0,1.457142857142858,1.457142857142858,39.5,40.1,39.7,39.4,39.4,38.6,37.5,36.5,36.3,36.8,36.8,36.8,36.8,36.8,36.8,36.9,36.9,36.9,36.9,36.9,36.6,42.6,42.6,42.6,42.6,42.6,42.6,42.6,42.6,40.3,39.17142857142857,37.92857142857143,38.99999999999999,N,,,,
SING,,0,STANDARD CAPITAL,2023-07-18,39.9,18,7,2023,79.24528301886792,0.1422256695407711,-0.27957315515959746,0.42179882470036856,37.91,40.7450438593104,35.074956140689594,-6.0,1.350000000000001,1.350000000000001,39.8,39.5,40.1,39.7,39.4,39.4,38.6,37.5,36.5,36.3,36.8,36.8,36.8,36.8,36.8,36.8,36.9,36.9,36.9,36.9,36.9,36.6,42.6,42.6,42.6,42.6,42.6,42.6,42.6,42.6,39.50000000000001,38.142857142857146,38.98333333333333,N,,,,
SING,,0,STANDARD CAPITAL,2023-07-19,40.1,19,7,2023,81.03448275862068,0.2420097683523963,-0.17525657045719872,0.417266338809595,38.084999999999994,41.08484210110832,35.085157898891666,16.0,1.2285714285714293,1.2285714285714293,39.9,39.8,39.5,40.1,39.7,39.4,39.4,38.6,37.5,36.5,36.3,36.8,36.8,36.8,36.8,36.8,36.8,36.9,36.9,36.9,36.9,36.9,36.6,42.6,42.6,42.6,42.6,42.6,42.6,42.6,39.68571428571429,38.364285714285714,38.893333333333324,N,,,,
SING,,0,STANDARD CAPITAL,2023-07-21,40.7,21,7,2023,81.9672131147541,0.3413618712008031,-0.07193288212559835,0.4132947533264014,38.275,41.435862640416694,35.1141373595833,-15.0,1.121428571428572,1.121428571428572,40.4,39.9,39.8,39.5,40.1,39.7,39.4,39.4,38.6,37.5,36.5,36.3,36.8,36.8,36.8,36.8,36.8,36.8,36.9,36.9,36.9,36.9,36.9,36.6,42.6,42.6,42.6,42.6,42.6,42.6,39.82857142857142,38.621428571428574,38.819999999999986,N,,,,
SING,,0,STANDARD CAPITAL,2023-07-24,40.8,24,7,2023,81.9672131147541,0.41531167404555447,0.025516029108632217,0.38979564493692226,38.464999999999996,41.73288197944509,35.1971180205549,2.0,1.0357142857142858,1.0357142857142858,40.7,40.4,39.9,39.8,39.5,40.1,39.7,39.4,39.4,38.6,37.5,36.5,36.3,36.8,36.8,36.8,36.8,36.8,36.8,36.9,36.9,36.9,36.9,36.9,36.6,42.6,42.6,42.6,42.6,42.6,40.01428571428572,38.9,38.75666666666665,N,,,,
SING,,0,STANDARD CAPITAL,2023-07-25,39.5,25,7,2023,73.52941176470587,0.37279016147041233,0.09497085558098824,0.2778193058894241,38.6,41.80065782712223,35.39934217287777,-1.0,1.0857142857142859,1.0857142857142859,40.7,40.7,40.4,39.9,39.8,39.5,40.1,39.7,39.4,39.4,38.6,37.5,36.5,36.3,36.8,36.8,36.8,36.8,36.8,36.8,36.9,36.9,36.9,36.9,36.9,36.6,42.6,42.6,42.6,42.6,40.15714285714286,39.17857142857143,38.69333333333332,N,,,,
SING,,0,STANDARD CAPITAL,2023-07-26,39.6,26,7,2023,73.13432835820893,0.3432044731397923,0.14461757909274905,0.19858689404704324,38.739999999999995,41.85289339090834,35.62710660909165,-3.0,1.0928571428571427,1.0928571428571427,39.5,40.7,40.7,40.4,39.9,39.8,39.5,40.1,39.7,39.4,39.4,38.6,37.5,36.5,36.3,36.8,36.8,36.8,36.8,36.8,36.8,36.9,36.9,36.9,36.9,36.9,36.6,42.6,42.6,42.6,40.07142857142857,39.40714285714286,38.58999999999999,N,,,,
SING,,0,STANDARD CAPITAL,2023-07-27,38.6,27,7,2023,55.71428571428569,0.21240993700452293,0.15817605067510382,0.05423388632941911,38.815000000000005,41.80077328430445,35.82922671569556,11.0,1.0928571428571427,1.0928571428571427,39.6,39.5,40.7,40.7,40.4,39.9,39.8,39.5,40.1,39.7,39.4,39.4,38.6,37.5,36.5,36.3,36.8,36.8,36.8,36.8,36.8,36.8,36.9,36.9,36.9,36.9,36.9,36.6,42.6,42.6,40.08571428571429,39.628571428571426,38.48999999999999,N,,,,
SING,,0,STANDARD CAPITAL,2023-07-28,39.7,28,7,2023,47.45762711864404,0.10751495926886179,0.1480438323938554,-0.04052887312499362,38.89,41.73468109395741,36.04531890604259,-12.0,1.0500000000000003,1.0500000000000003,38.3,39.6,39.5,40.7,40.7,40.4,39.9,39.8,39.5,40.1,39.7,39.4,39.4,38.6,37.5,36.5,36.3,36.8,36.8,36.8,36.8,36.8,36.8,36.9,36.9,36.9,36.9,36.9,36.6,42.6,39.871428571428574,39.68571428571429,38.346666666666664,N,,,,
SING,,0,STANDARD CAPITAL,2023-07-31,39.7,31,7,2023,52.307692307692335,0.13578795438458258,0.14559265679200084,-0.009804702407418264,39.035000000000004,41.72241707338454,36.347582926615466,5.0,1.0857142857142865,1.0857142857142865,38.3,38.3,39.6,39.5,40.7,40.7,40.4,39.9,39.8,39.5,40.1,39.7,39.4,39.4,38.6,37.5,36.5,36.3,36.8,36.8,36.8,36.8,36.8,36.8,36.9,36.9,36.9,36.9,36.9,36.6,39.64285714285713,39.66428571428571,38.20333333333334,N,,,,
SING,,0,STANDARD CAPITAL,2023-08-02,39.1,2,8,2023,50.74626865671643,0.14043730435405877,0.14456158630441243,-0.004124281950353664,39.17,41.64777489313609,36.692225106863916,7.0,1.0357142857142863,1.0357142857142863,39.7,38.3,38.3,39.6,39.5,40.7,40.7,40.4,39.9,39.8,39.5,40.1,39.7,39.4,39.4,38.6,37.5,36.5,36.3,36.8,36.8,36.8,36.8,36.8,36.8,36.9,36.9,36.9,36.9,36.9,39.542857142857144,39.68571428571429,38.306666666666665,N,,,,
SING,,0,STANDARD CAPITAL,2023-08-03,38.7,3,8,2023,43.05555555555557,0.07866186852553625,0.1313816427486372,-0.05271977422310095,39.29,41.38550898226177,37.19449101773823,-12.0,0.9785714285714288,0.9785714285714288,39.5,39.7,38.3,38.3,39.6,39.5,40.7,40.7,40.4,39.9,39.8,39.5,40.1,39.7,39.4,39.4,38.6,37.5,36.5,36.3,36.8,36.8,36.8,36.8,36.8,36.8,36.9,36.9,36.9,36.9,39.371428571428574,39.69285714285714,38.39333333333334,N,,,,
SING,,0,STANDARD CAPITAL,2023-08-04,38.8,4,8,2023,40.579710144927525,0.03734308696729016,0.1125739315923678,-0.07523084462507763,39.405,41.062487000823126,37.74751299917688,4.0,0.9000000000000001,0.9000000000000001,38.7,39.5,39.7,38.3,38.3,39.6,39.5,40.7,40.7,40.4,39.9,39.8,39.5,40.1,39.7,39.4,39.4,38.6,37.5,36.5,36.3,36.8,36.8,36.8,36.8,36.8,36.8,36.9,36.9,36.9,39.08571428571429,39.62142857142857,38.45333333333334,N,,,,
SING,,0,STANDARD CAPITAL,2023-08-08,38.8,8,8,2023,44.444444444444436,0.004545259969034987,0.09096819726770125,-0.08642293729866626,39.47,40.89916979949632,38.04083020050368,-4.0,0.7928571428571429,0.7928571428571429,38.8,38.7,39.5,39.7,38.3,38.3,39.6,39.5,40.7,40.7,40.4,39.9,39.8,39.5,40.1,39.7,39.4,39.4,38.6,37.5,36.5,36.3,36.8,36.8,36.8,36.8,36.8,36.8,36.9,36.9,38.98571428571429,39.52857142857142,38.516666666666666,N,,,,
SING,,0,STANDARD CAPITAL,2023-08-09,40.0,9,8,2023,41.666666666666686,-0.02120284106913317,0.06853398960033437,-0.08973683066946754,39.48,40.88615189716389,38.0738481028361,2.0,0.8071428571428575,0.8071428571428575,38.8,38.8,38.7,39.5,39.7,38.3,38.3,39.6,39.5,40.7,40.7,40.4,39.9,39.8,39.5,40.1,39.7,39.4,39.4,38.6,37.5,36.5,36.3,36.8,36.8,36.8,36.8,36.8,36.8,36.9,38.871428571428574,39.47857142857142,38.58,N,,,,
SING,,0,STANDARD CAPITAL,2023-08-10,40.7,10,8,2023,40.67796610169492,-0.04113422688457291,0.04660034630335291,-0.08773457318792582,39.45,40.88856653798614,38.01143346201387,-2.0,0.9357142857142863,0.9357142857142863,38.8,38.8,38.8,38.7,39.5,39.7,38.3,38.3,39.6,39.5,40.7,40.7,40.4,39.9,39.8,39.5,40.1,39.7,39.4,39.4,38.6,37.5,36.5,36.3,36.8,36.8,36.8,36.8,36.8,36.8,38.94285714285714,39.40714285714285,38.643333333333324,N,,,,
SING,,0,STANDARD CAPITAL,2023-08-11,38.9,11,8,2023,36.36363636363641,-0.04830401090652714,0.027619474861376902,-0.07592348576790404,39.425,40.884451951933634,37.96554804806636,8.0,0.9357142857142863,0.9357142857142863,38.8,38.8,38.8,38.8,38.7,39.5,39.7,38.3,38.3,39.6,39.5,40.7,40.7,40.4,39.9,39.8,39.5,40.1,39.7,39.4,39.4,38.6,37.5,36.5,36.3,36.8,36.8,36.8,36.8,36.8,39.01428571428571,39.32857142857143,38.709999999999994,N,,,,
SING,,0,STANDARD CAPITAL,2023-08-15,38.8,15,8,2023,32.69230769230768,-0.05337089000171602,0.011421401888758318,-0.06479229189047434,39.385,40.85651908620157,37.91348091379842,-7.0,0.8571428571428577,0.8571428571428577,38.9,38.8,38.8,38.8,38.8,38.7,39.5,39.7,38.3,38.3,39.6,39.5,40.7,40.7,40.4,39.9,39.8,39.5,40.1,39.7,39.4,39.4,38.6,37.5,36.5,36.3,36.8,36.8,36.8,36.8,38.89999999999999,39.221428571428575,38.779999999999994,N,,,,
SING,,0,STANDARD CAPITAL,2023-08-17,37.0,17,8,2023,22.666666666666686,-0.24020823527570911,-0.03890452554413518,-0.20130370973157394,39.21,41.09724248853432,37.32275751146568,31.0,1.1285714285714294,1.1285714285714294,38.9,38.9,38.8,38.8,38.8,38.8,38.7,39.5,39.7,38.3,38.3,39.6,39.5,40.7,40.7,40.4,39.9,39.8,39.5,40.1,39.7,39.4,39.4,38.6,37.5,36.5,36.3,36.8,36.8,36.8,38.81428571428571,39.09285714285715,38.85,N,,,,
SING,,0,STANDARD CAPITAL,2023-08-21,36.4,21,8,2023,26.153846153846175,-0.39980777091458464,-0.11108517461822508,-0.28872259629635955,39.055,41.31445964662787,36.79554035337213,-31.0,1.057142857142858,1.057142857142858,36.6,38.9,38.9,38.8,38.8,38.8,38.8,38.7,39.5,39.7,38.3,38.3,39.6,39.5,40.7,40.7,40.4,39.9,39.8,39.5,40.1,39.7,39.4,39.4,38.6,37.5,36.5,36.3,36.8,36.8,38.51428571428572,38.800000000000004,38.843333333333334,N,,,,
SING,,0,STANDARD CAPITAL,2023-08-22,35.5,22,8,2023,25.000000000000014,-0.5202939282280639,-0.19292692534019285,-0.327367002887871,38.885,41.405045947785524,36.36495405221447,-1.0,1.100000000000001,1.100000000000001,36.4,36.6,38.9,38.9,38.8,38.8,38.8,38.8,38.7,39.5,39.7,38.3,38.3,39.6,39.5,40.7,40.7,40.4,39.9,39.8,39.5,40.1,39.7,39.4,39.4,38.6,37.5,36.5,36.3,36.8,38.17142857142858,38.57857142857143,38.83,N,,,,
SING,,0,STANDARD CAPITAL,2023-08-23,43.7,23,8,2023,83.49056603773585,0.675567845138616,-0.019227971244431097,0.6947958163830471,39.515,46.10950329321424,32.92049670678576,51.0,2.300000000000001,2.300000000000001,36.4,36.4,36.6,38.9,38.9,38.8,38.8,38.8,38.8,38.7,39.5,39.7,38.3,38.3,39.6,39.5,40.7,40.7,40.4,39.9,39.8,39.5,40.1,39.7,39.4,39.4,38.6,37.5,36.5,36.3,37.82857142857143,38.35,38.816666666666656,N,,,,
SING,,0,STANDARD CAPITAL,2023-08-24,60.1,24,8,2023,65.79925650557621,1.1500969513929817,0.2146370132830515,0.9354599381099302,39.835,47.18784406127837,32.48215593872163,53.0,3.5642857142857145,3.5642857142857145,52.5,36.4,36.4,36.6,38.9,38.9,38.8,38.8,38.8,38.8,38.7,39.5,39.7,38.3,38.3,39.6,39.5,40.7,40.7,40.4,39.9,39.8,39.5,40.1,39.7,39.4,39.4,38.6,37.5,36.5,39.785714285714285,39.36428571428571,39.35666666666667,N,,,,
SING,,0,STANDARD CAPITAL,2023-08-25,46.8,25,8,2023,62.692307692307686,1.468886456847052,0.46548690199585163,1.0033995548512005,40.114999999999995,48.0128411440624,32.21715885593759,-92.0,3.5071428571428567,3.5071428571428567,46.8,52.5,36.4,36.4,36.6,38.9,38.9,38.8,38.8,38.8,38.8,38.7,39.5,39.7,38.3,38.3,39.6,39.5,40.7,40.7,40.4,39.9,39.8,39.5,40.1,39.7,39.4,39.4,38.6,37.5,40.92857142857143,39.971428571428575,39.7,N,,,,
SING,,0,STANDARD CAPITAL,2023-08-28,45.5,28,8,2023,61.278195488721806,1.6380932037771956,0.7000081623521204,0.9380850414250752,40.355000000000004,48.611283093881816,32.09871690611819,-11.0,3.4928571428571424,3.4928571428571424,46.3,46.8,52.5,36.4,36.4,36.6,38.9,38.9,38.8,38.8,38.8,38.8,38.7,39.5,39.7,38.3,38.3,39.6,39.5,40.7,40.7,40.4,39.9,39.8,39.5,40.1,39.7,39.4,39.4,38.6,41.98571428571428,40.44285714285714,39.99333333333333,N,,,,
SING,,0,STANDARD CAPITAL,2023-08-29,45.0,29,8,2023,54.33333333333332,1.4169521285369768,0.8433969555890917,0.5735551729478852,40.445,48.70128309388181,32.18871690611819,3.0,3.9142857142857137,3.9142857142857137,45.5,46.3,46.8,52.5,36.4,36.4,36.6,38.9,38.9,38.8,38.8,38.8,38.8,38.7,39.5,39.7,38.3,38.3,39.6,39.5,40.7,40.7,40.4,39.9,39.8,39.5,40.1,39.7,39.4,39.4,42.92857142857143,40.871428571428574,40.223333333333336,N,,,,
SING,,0,STANDARD CAPITAL,2023-08-31,44.9,31,8,2023,61.408450704225345,1.6742694954737019,1.0095714635660138,0.6646980319076881,40.81,49.54080450865921,32.0791954913408,3.0,4.314285714285714,4.314285714285714,41.3,45.5,46.3,46.8,52.5,36.4,36.4,36.6,38.9,38.9,38.8,38.8,38.8,38.8,38.7,39.5,39.7,38.3,38.3,39.6,39.5,40.7,40.7,40.4,39.9,39.8,39.5,40.1,39.7,39.4,43.59999999999999,41.05714285714284,40.28666666666666,N,,,,
SING,,0,STANDARD CAPITAL,2023-09-01,47.0,1,9,2023,64.50777202072538,2.1040848741794136,1.2284741456886938,0.8756107284907197,41.394999999999996,50.946957638978766,31.843042361021226,25.0,4.8500000000000005,4.8500000000000005,46.9,41.3,45.5,46.3,46.8,52.5,36.4,36.4,36.6,38.9,38.9,38.8,38.8,38.8,38.8,38.7,39.5,39.7,38.3,38.3,39.6,39.5,40.7,40.7,40.4,39.9,39.8,39.5,40.1,39.7,45.1,41.635714285714286,40.53666666666666,N,,,,
SING,,0,STANDARD CAPITAL,2023-09-04,52.0,4,9,2023,60.73170731707317,2.2254036481034944,1.427860046171654,0.7975436019318405,41.86,51.67929357519125,32.04070642480875,-24.0,5.0857142857142845,5.0857142857142845,50.0,46.9,41.3,45.5,46.3,46.8,52.5,36.4,36.4,36.6,38.9,38.9,38.8,38.8,38.8,38.8,38.7,39.5,39.7,38.3,38.3,39.6,39.5,40.7,40.7,40.4,39.9,39.8,39.5,40.1,47.042857142857144,42.435714285714276,40.88,N,,,,
SING,,0,STANDARD CAPITAL,2023-09-05,48.7,5,9,2023,61.016949152542374,2.3190248681510894,1.606093010567541,0.7129318575835484,42.269999999999996,52.38972539673216,32.15027460326783,-1.0,5.135714285714285,5.135714285714285,47.6,50.0,46.9,41.3,45.5,46.3,46.8,52.5,36.4,36.4,36.6,38.9,38.9,38.8,38.8,38.8,38.8,38.7,39.5,39.7,38.3,38.3,39.6,39.5,40.7,40.7,40.4,39.9,39.8,39.5,46.34285714285715,43.0642857142857,41.13,N,,,,
SING,,0,STANDARD CAPITAL,2023-09-06,47.4,6,9,2023,59.90453460620526,2.3101067372123083,1.7468957558964946,0.5632109813158137,42.654999999999994,52.91590690564525,32.39409309435474,6.0,5.192857142857142,5.192857142857142,47.9,47.6,50.0,46.9,41.3,45.5,46.3,46.8,52.5,36.4,36.4,36.6,38.9,38.9,38.8,38.8,38.8,38.8,38.7,39.5,39.7,38.3,38.3,39.6,39.5,40.7,40.7,40.4,39.9,39.8,46.5,43.71428571428571,41.410000000000004,N,,,,
SING,,0,STANDARD CAPITAL,2023-09-07,47.2,7,9,2023,59.90453460620526,2.276793594884637,1.8528753236941233,0.42391827119051384,43.08,53.35528460356273,32.80471539643727,-11.0,5.192857142857142,5.192857142857142,47.2,47.9,47.6,50.0,46.9,41.3,45.5,46.3,46.8,52.5,36.4,36.4,36.6,38.9,38.9,38.8,38.8,38.8,38.8,38.7,39.5,39.7,38.3,38.3,39.6,39.5,40.7,40.7,40.4,39.9,46.628571428571426,44.30714285714286,41.65666666666667,N,,,,
SING,,0,STANDARD CAPITAL,2023-09-11,45.3,11,9,2023,62.282878411910666,2.1689067330052865,1.916081605556356,0.2528251274489304,43.464999999999996,53.64160371429965,33.288396285700344,20.0,5.071428571428569,5.071428571428569,47.2,47.2,47.9,47.6,50.0,46.9,41.3,45.5,46.3,46.8,52.5,36.4,36.4,36.6,38.9,38.9,38.8,38.8,38.8,38.8,38.7,39.5,39.7,38.3,38.3,39.6,39.5,40.7,40.7,40.4,46.871428571428574,44.9,41.900000000000006,N,,,,
SING,,0,STANDARD CAPITAL,2023-09-12,46.4,12,9,2023,62.593516209476306,2.059663103521409,1.9447979051493667,0.11486519837204212,43.85,53.86483110717629,33.83516889282371,-20.0,5.064285714285714,5.064285714285714,46.5,47.2,47.2,47.9,47.6,50.0,46.9,41.3,45.5,46.3,46.8,52.5,36.4,36.4,36.6,38.9,38.9,38.8,38.8,38.8,38.8,38.7,39.5,39.7,38.3,38.3,39.6,39.5,40.7,40.7,47.61428571428571,45.607142857142854,42.10333333333333,N,,,,
SING,,0,STANDARD CAPITAL,2023-09-13,46.8,13,9,2023,62.593516209476306,1.9506014211221157,1.9459586083439167,0.004642812778199001,44.235,54.021838638003516,34.44816136199648,2.0,5.028571428571427,5.028571428571427,46.5,46.5,47.2,47.2,47.9,47.6,50.0,46.9,41.3,45.5,46.3,46.8,52.5,36.4,36.4,36.6,38.9,38.9,38.8,38.8,38.8,38.8,38.7,39.5,39.7,38.3,38.3,39.6,39.5,40.7,47.55714285714286,46.32857142857142,42.29666666666667,N,,,,
SING,,0,STANDARD CAPITAL,2023-09-14,45.3,14,9,2023,37.5,1.8429251580329549,1.9253519182817245,-0.0824267602487696,44.62,54.107853731010785,35.13214626898921,-4.0,3.814285714285713,3.814285714285713,46.5,46.5,46.5,47.2,47.2,47.9,47.6,50.0,46.9,41.3,45.5,46.3,46.8,52.5,36.4,36.4,36.6,38.9,38.9,38.8,38.8,38.8,38.8,38.7,39.5,39.7,38.3,38.3,39.6,39.5,47.05714285714286,47.04999999999999,42.49,N,,,,
SING,,0,STANDARD CAPITAL,2023-09-18,45.4,18,9,2023,46.391752577319586,1.6498121295952117,1.870243960544422,-0.22043183094921037,44.945,54.04525447880168,35.84474552119832,4.0,2.535714285714285,2.535714285714285,46.5,46.5,46.5,46.5,47.2,47.2,47.9,47.6,50.0,46.9,41.3,45.5,46.3,46.8,52.5,36.4,36.4,36.6,38.9,38.9,38.8,38.8,38.8,38.8,38.7,39.5,39.7,38.3,38.3,39.6,46.89999999999999,46.62142857142856,42.72333333333333,N,,,,
SING,,0,STANDARD CAPITAL,2023-09-19,47.9,19,9,2023,47.61904761904762,1.4797114705104235,1.7921374625376223,-0.3124259920271988,45.269999999999996,53.91409746894574,36.62590253105425,-2.0,2.6714285714285713,2.6714285714285713,45.4,46.5,46.5,46.5,46.5,47.2,47.2,47.9,47.6,50.0,46.9,41.3,45.5,46.3,46.8,52.5,36.4,36.4,36.6,38.9,38.9,38.8,38.8,38.8,38.8,38.7,39.5,39.7,38.3,38.3,46.542857142857144,46.521428571428565,42.916666666666664,N,,,,
SING,,0,STANDARD CAPITAL,2023-09-20,46.9,20,9,2023,52.10526315789473,1.4013737863783433,1.7139847273057667,-0.31261094092742336,45.755,53.379192795927736,38.13080720407227,7.0,2.7285714285714286,2.7285714285714286,45.4,45.4,46.5,46.5,46.5,46.5,47.2,47.2,47.9,47.6,50.0,46.9,41.3,45.5,46.3,46.8,52.5,36.4,36.4,36.6,38.9,38.9,38.8,38.8,38.8,38.8,38.7,39.5,39.7,38.3,46.285714285714285,46.457142857142856,43.153333333333336,N,,,,
SING,,0,STANDARD CAPITAL,2023-09-21,45.2,21,9,2023,66.8918918918919,1.3240280362876433,1.635993389102142,-0.3119653528144988,46.25,52.47372371190335,40.02627628809665,-7.0,2.335714285714286,2.335714285714286,46.3,45.4,45.4,46.5,46.5,46.5,46.5,47.2,47.2,47.9,47.6,50.0,46.9,41.3,45.5,46.3,46.8,52.5,36.4,36.4,36.6,38.9,38.9,38.8,38.8,38.8,38.8,38.7,39.5,39.7,46.15714285714286,46.5142857142857,43.42,N,,,,
SING,,0,STANDARD CAPITAL,2023-09-22,45.3,22,9,2023,46.739130434782595,1.2483408755466314,1.5584628863910401,-0.3101220108444087,46.745,50.90165604466942,42.58834395533057,-1.0,2.0,2.0,46.3,46.3,45.4,45.4,46.5,46.5,46.5,46.5,47.2,47.2,47.9,47.6,50.0,46.9,41.3,45.5,46.3,46.8,52.5,36.4,36.4,36.6,38.9,38.9,38.8,38.8,38.8,38.8,38.7,39.5,46.128571428571426,46.87142857142857,43.64,N,,,,
SING,,0,STANDARD CAPITAL,2023-09-25,45.1,25,9,2023,16.66666666666663,1.0870664233928977,1.4641835937914118,-0.3771171703985141,46.38,49.58105245850611,43.1789475414939,4.0,1.5499999999999996,1.5499999999999996,46.3,46.3,46.3,45.4,45.4,46.5,46.5,46.5,46.5,47.2,47.2,47.9,47.6,50.0,46.9,41.3,45.5,46.3,46.8,52.5,36.4,36.4,36.6,38.9,38.9,38.8,38.8,38.8,38.8,38.7,46.1,46.82857142857143,43.86666666666667,N,,,,
SING,,0,STANDARD CAPITAL,2023-09-27,45.2,27,9,2023,23.999999999999957,0.9323691583334934,1.3578207066998282,-0.4254515483663348,46.29,49.54214099519598,43.03785900480402,-2.0,1.2428571428571427,1.2428571428571427,45.2,46.3,46.3,46.3,45.4,45.4,46.5,46.5,46.5,46.5,47.2,47.2,47.9,47.6,50.0,46.9,41.3,45.5,46.3,46.8,52.5,36.4,36.4,36.6,38.9,38.9,38.8,38.8,38.8,38.8,45.91428571428572,46.48571428571428,44.083333333333336,N,,,,
SING,,0,STANDARD CAPITAL,2023-10-02,45.0,2,10,2023,19.14893617021275,0.8005423078358547,1.2463650269270334,-0.44582271909117877,46.225,49.527869565760014,42.92213043423999,4.0,1.1357142857142857,1.1357142857142857,45.0,45.2,46.3,46.3,46.3,45.4,45.4,46.5,46.5,46.5,46.5,47.2,47.2,47.9,47.6,50.0,46.9,41.3,45.5,46.3,46.8,52.5,36.4,36.4,36.6,38.9,38.9,38.8,38.8,38.8,45.699999999999996,46.300000000000004,44.29,N,,,,
SING,,0,STANDARD CAPITAL,2023-10-05,42.0,5,10,2023,14.516129032258036,0.5126375980974132,1.0996195411611094,-0.5869819430636962,46.089999999999996,49.721963366381814,42.45803663361818,-4.0,1.2142857142857142,1.2142857142857142,45.0,45.0,45.2,46.3,46.3,46.3,45.4,45.4,46.5,46.5,46.5,46.5,47.2,47.2,47.9,47.6,50.0,46.9,41.3,45.5,46.3,46.8,52.5,36.4,36.4,36.6,38.9,38.9,38.8,38.8,45.642857142857146,46.09285714285715,44.49666666666667,N,,,,
SING,,0,STANDARD CAPITAL,2023-10-06,40.0,6,10,2023,14.516129032258036,0.2812292061587698,0.9359414741606414,-0.6547122680018717,46.165000000000006,49.42320421963462,42.90679578036539,-1.0,1.4071428571428573,1.4071428571428573,42.8,45.0,45.0,45.2,46.3,46.3,46.3,45.4,45.4,46.5,46.5,46.5,46.5,47.2,47.2,47.9,47.6,50.0,46.9,41.3,45.5,46.3,46.8,52.5,36.4,36.4,36.6,38.9,38.9,38.8,45.27142857142858,45.778571428571425,44.63000000000001,N,,,,
SING,,0,STANDARD CAPITAL,2023-10-09,41.0,9,10,2023,16.36363636363633,0.09672144374349756,0.7680974680772127,-0.6713760243337151,45.959999999999994,49.52497582482429,42.3950241751757,-1.0,1.3785714285714283,1.3785714285714283,42.8,42.8,45.0,45.0,45.2,46.3,46.3,46.3,45.4,45.4,46.5,46.5,46.5,46.5,47.2,47.2,47.9,47.6,50.0,46.9,41.3,45.5,46.3,46.8,52.5,36.4,36.4,36.6,38.9,38.9,44.77142857142858,45.464285714285715,44.76333333333334,N,,,,
SING,,0,STANDARD CAPITAL,2023-10-10,40.0,10,10,2023,11.1111111111111,-0.25634556605471204,0.5632088612508278,-0.8195544273055398,45.47,49.37470701104551,41.56529298895449,11.0,1.571428571428571,1.571428571428571,42.8,42.8,42.8,45.0,45.0,45.2,46.3,46.3,46.3,45.4,45.4,46.5,46.5,46.5,46.5,47.2,47.2,47.9,47.6,50.0,46.9,41.3,45.5,46.3,46.8,52.5,36.4,36.4,36.6,38.9,44.271428571428565,45.199999999999996,44.89333333333333,N,,,,
SING,,0,STANDARD CAPITAL,2023-10-12,39.1,12,10,2023,9.09090909090908,-0.6736334447734862,0.31584040004596503,-0.9894738448194512,45.010000000000005,49.90119509666983,40.11880490333018,-8.0,1.6999999999999997,1.6999999999999997,40.2,42.8,42.8,42.8,45.0,45.0,45.2,46.3,46.3,46.3,45.4,45.4,46.5,46.5,46.5,46.5,47.2,47.2,47.9,47.6,50.0,46.9,41.3,45.5,46.3,46.8,52.5,36.4,36.4,36.6,43.4,44.75,44.93666666666666,N,,,,
SING,,0,STANDARD CAPITAL,2023-10-13,39.1,13,10,2023,9.09090909090908,-0.9928916580742495,0.05409398842192212,-1.0469856464961715,44.535,50.04986985101978,39.020130148980215,-1.0,1.6785714285714282,1.6785714285714282,38.4,40.2,42.8,42.8,42.8,45.0,45.0,45.2,46.3,46.3,46.3,45.4,45.4,46.5,46.5,46.5,46.5,47.2,47.2,47.9,47.6,50.0,46.9,41.3,45.5,46.3,46.8,52.5,36.4,36.4,42.42857142857143,44.17142857142857,44.99666666666667,N,,,,
SING,,0,STANDARD CAPITAL,2023-10-16,38.1,16,10,2023,10.22727272727272,-1.2317077322207268,-0.2030663557066077,-1.0286413765141191,44.095,50.09727149984883,38.09272850015117,-3.0,1.6142857142857134,1.6142857142857134,38.4,38.4,40.2,42.8,42.8,42.8,45.0,45.0,45.2,46.3,46.3,46.3,45.4,45.4,46.5,46.5,46.5,46.5,47.2,47.2,47.9,47.6,50.0,46.9,41.3,45.5,46.3,46.8,52.5,36.4,41.48571428571429,43.59285714285714,45.063333333333325,N,,,,
SING,,0,STANDARD CAPITAL,2023-10-18,40.0,18,10,2023,26.851851851851848,-1.2452336281221505,-0.41149981018971626,-0.8337338179324343,43.754999999999995,49.78701109869168,37.72298890130831,3.0,1.5999999999999994,1.5999999999999994,38.4,38.4,38.4,40.2,42.8,42.8,42.8,45.0,45.0,45.2,46.3,46.3,46.3,45.4,45.4,46.5,46.5,46.5,46.5,47.2,47.2,47.9,47.6,50.0,46.9,41.3,45.5,46.3,46.8,52.5,40.542857142857144,43.09285714285714,45.129999999999995,N,,,,
SING,,0,STANDARD CAPITAL,2023-10-19,41.9,19,10,2023,20.202020202020208,-1.2416401433939512,-0.5775278768305633,-0.664112266563388,43.45,49.51439132191072,37.385608678089284,-3.0,1.592857142857142,1.592857142857142,40.4,38.4,38.4,38.4,40.2,42.8,42.8,42.8,45.0,45.0,45.2,46.3,46.3,46.3,45.4,45.4,46.5,46.5,46.5,46.5,47.2,47.2,47.9,47.6,50.0,46.9,41.3,45.5,46.3,46.8,40.2,42.73571428571428,44.72666666666667,N,,,,
SING,,0,STANDARD CAPITAL,2023-10-20,38.1,20,10,2023,20.202020202020208,-1.2246749899072569,-0.706957299445902,-0.5177176904613549,43.144999999999996,49.177011098691686,37.112988901308306,0.0,1.6714285714285708,1.6714285714285708,40.4,40.4,38.4,38.4,38.4,40.2,42.8,42.8,42.8,45.0,45.0,45.2,46.3,46.3,46.3,45.4,45.4,46.5,46.5,46.5,46.5,47.2,47.2,47.9,47.6,50.0,46.9,41.3,45.5,46.3,39.857142857142854,42.3142857142857,44.51333333333333,N,,,,
SING,,0,STANDARD CAPITAL,2023-10-23,41.1,23,10,2023,20.202020202020208,-1.1974267928460876,-0.8050511981259392,-0.3923755947201484,42.839999999999996,48.77381034944332,36.90618965055667,3.0,1.6642857142857135,1.6642857142857135,40.4,40.4,40.4,38.4,38.4,38.4,40.2,42.8,42.8,42.8,45.0,45.0,45.2,46.3,46.3,46.3,45.4,45.4,46.5,46.5,46.5,46.5,47.2,47.2,47.9,47.6,50.0,46.9,41.3,45.5,39.51428571428572,41.892857142857146,44.31666666666667,N,,,,
SING,,0,STANDARD CAPITAL,2023-10-25,41.3,25,10,2023,22.72727272727272,-1.1624326009281205,-0.8765274786863755,-0.285905122241745,42.535,48.301427335060175,36.76857266493982,-3.0,1.6428571428571423,1.6428571428571423,40.4,40.4,40.4,40.4,38.4,38.4,38.4,40.2,42.8,42.8,42.8,45.0,45.0,45.2,46.3,46.3,46.3,45.4,45.4,46.5,46.5,46.5,46.5,47.2,47.2,47.9,47.6,50.0,46.9,41.3,39.542857142857144,41.47142857142858,44.14666666666667,N,,,,
SING,,0,STANDARD CAPITAL,2023-10-26,38.5,26,10,2023,20.408163265306115,-1.217494899557316,-0.9447209628605636,-0.27277393669675243,42.225,48.00950743934109,36.44049256065891,1.0,1.8071428571428565,1.8071428571428565,40.4,40.4,40.4,40.4,40.4,38.4,38.4,38.4,40.2,42.8,42.8,42.8,45.0,45.0,45.2,46.3,46.3,46.3,45.4,45.4,46.5,46.5,46.5,46.5,47.2,47.2,47.9,47.6,50.0,46.9,39.82857142857143,41.128571428571426,44.11666666666667,N,,,,
SING,,0,STANDARD CAPITAL,2023-10-27,41.1,27,10,2023,20.408163265306115,-1.2467602913658666,-1.0051288285616242,-0.24163146280424241,41.915,47.647373440657965,36.18262655934203,0.0,1.8642857142857134,1.8642857142857134,39.2,40.4,40.4,40.4,40.4,40.4,38.4,38.4,38.4,40.2,42.8,42.8,42.8,45.0,45.0,45.2,46.3,46.3,46.3,45.4,45.4,46.5,46.5,46.5,46.5,47.2,47.2,47.9,47.6,50.0,39.94285714285714,40.714285714285715,43.86000000000001,N,,,,
SING,,0,STANDARD CAPITAL,2023-10-30,38.6,30,10,2023,23.529411764705884,-1.3272757944481626,-1.069558221738932,-0.2577175727092307,41.515,47.072839413600526,35.957160586399475,3.0,1.7142857142857137,1.7142857142857137,39.2,39.2,40.4,40.4,40.4,40.4,40.4,38.4,38.4,38.4,40.2,42.8,42.8,42.8,45.0,45.0,45.2,46.3,46.3,46.3,45.4,45.4,46.5,46.5,46.5,46.5,47.2,47.2,47.9,47.6,40.057142857142864,40.29999999999999,43.5,N,,,,
SING,,0,STANDARD CAPITAL,2023-11-01,39.9,1,11,2023,23.529411764705884,-1.3752320912283267,-1.130692995636811,-0.24453909559151565,41.114999999999995,46.36587461386475,35.86412538613524,-4.0,1.6285714285714283,1.6285714285714283,38.3,39.2,39.2,40.4,40.4,40.4,40.4,40.4,38.4,38.4,38.4,40.2,42.8,42.8,42.8,45.0,45.0,45.2,46.3,46.3,46.3,45.4,45.4,46.5,46.5,46.5,46.5,47.2,47.2,47.9,39.75714285714286,39.97857142857141,43.19000000000001,N,,,,
SING,,0,STANDARD CAPITAL,2023-11-02,39.1,2,11,2023,23.529411764705884,-1.3971325278369662,-1.1839809020768421,-0.21315162576012403,40.715,45.50106529966262,35.928934700337386,0.0,1.5571428571428574,1.5571428571428574,38.3,38.3,39.2,39.2,40.4,40.4,40.4,40.4,40.4,38.4,38.4,38.4,40.2,42.8,42.8,42.8,45.0,45.0,45.2,46.3,46.3,46.3,45.4,45.4,46.5,46.5,46.5,46.5,47.2,47.2,39.457142857142856,39.65714285714285,42.87,N,,,,
SING,,0,STANDARD CAPITAL,2023-11-03,40.3,3,11,2023,33.89830508474573,-1.3983692513584174,-1.2268585719331573,-0.1715106794252601,40.37,44.774351914808435,35.96564808519156,0.0,1.5000000000000004,1.5000000000000004,38.3,38.3,38.3,39.2,39.2,40.4,40.4,40.4,40.4,40.4,38.4,38.4,38.4,40.2,42.8,42.8,42.8,45.0,45.0,45.2,46.3,46.3,46.3,45.4,45.4,46.5,46.5,46.5,46.5,47.2,39.15714285714286,39.33571428571428,42.57333333333334,N,,,,
SING,,0,STANDARD CAPITAL,2023-11-06,39.1,6,11,2023,48.78048780487803,-1.3834023623640164,-1.2581673300193292,-0.12523503234468714,40.035,43.94841821241562,36.121581787584375,0.0,1.4000000000000006,1.4000000000000006,38.3,38.3,38.3,38.3,39.2,39.2,40.4,40.4,40.4,40.4,40.4,38.4,38.4,38.4,40.2,42.8,42.8,42.8,45.0,45.0,45.2,46.3,46.3,46.3,45.4,45.4,46.5,46.5,46.5,46.5,38.85714285714285,39.19999999999999,42.27666666666667,N,,,,
SING,,0,STANDARD CAPITAL,2023-11-07,39.1,7,11,2023,48.78048780487803,-1.3559108981961572,-1.277716043654695,-0.07819485454146213,39.7,42.907228677452984,36.49277132254702,3.0,1.6285714285714294,1.6285714285714294,38.3,38.3,38.3,38.3,38.3,39.2,39.2,40.4,40.4,40.4,40.4,40.4,38.4,38.4,38.4,40.2,42.8,42.8,42.8,45.0,45.0,45.2,46.3,46.3,46.3,45.4,45.4,46.5,46.5,46.5,38.55714285714286,39.19285714285713,42.00333333333334,N,,,,
SING,,0,STANDARD CAPITAL,2023-11-08,39.1,8,11,2023,48.78048780487803,-1.31892002572053,-1.285956840067862,-0.03296318565266798,39.475,42.38406025701609,36.565939742983915,-2.0,1.6642857142857157,1.6642857142857157,38.3,38.3,38.3,38.3,38.3,38.3,39.2,39.2,40.4,40.4,40.4,40.4,40.4,38.4,38.4,38.4,40.2,42.8,42.8,42.8,45.0,45.0,45.2,46.3,46.3,46.3,45.4,45.4,46.5,46.5,38.42857142857143,39.185714285714276,41.730000000000004,N,,,,
SING,,0,STANDARD CAPITAL,2023-11-09,39.2,9,11,2023,0.0,-1.2749081452827014,-1.28374710111083,0.008838955828128547,39.24999999999999,41.74251511107766,36.75748488892233,-1.0,1.5642857142857156,1.5642857142857156,38.3,38.3,38.3,38.3,38.3,38.3,38.3,39.2,39.2,40.4,40.4,40.4,40.4,40.4,38.4,38.4,38.4,40.2,42.8,42.8,42.8,45.0,45.0,45.2,46.3,46.3,46.3,45.4,45.4,46.5,38.300000000000004,39.17857142857142,41.45666666666667,N,,,,
SING,,0,STANDARD CAPITAL,2023-11-10,39.1,10,11,2023,0.0,-1.2258970350219158,-1.2721770878930472,0.04628005287113135,39.025,40.90550944945162,37.144490550548376,5.0,1.6142857142857159,1.6142857142857159,38.3,38.3,38.3,38.3,38.3,38.3,38.3,38.3,39.2,39.2,40.4,40.4,40.4,40.4,40.4,38.4,38.4,38.4,40.2,42.8,42.8,42.8,45.0,45.0,45.2,46.3,46.3,46.3,45.4,45.4,38.300000000000004,39.02857142857142,41.18333333333333,N,,,,
SING,,0,STANDARD CAPITAL,2023-11-13,40.9,13,11,2023,0.0,-1.173527680429892,-1.2524472064004162,0.0789195259705242,38.92999999999999,40.7516244918964,37.108375508103585,0.0,1.6357142857142877,1.6357142857142877,38.3,38.3,38.3,38.3,38.3,38.3,38.3,38.3,38.3,39.2,39.2,40.4,40.4,40.4,40.4,40.4,38.4,38.4,38.4,40.2,42.8,42.8,42.8,45.0,45.0,45.2,46.3,46.3,46.3,45.4,38.300000000000004,38.878571428571426,40.946666666666665,N,,,,
SING,,0,STANDARD CAPITAL,2023-11-14,39.4,14,11,2023,0.0,-1.1191240244910645,-1.225782570018546,0.10665854552748155,38.925,40.753286514458416,37.09671348554158,-4.0,1.6500000000000021,1.6500000000000021,38.3,38.3,38.3,38.3,38.3,38.3,38.3,38.3,38.3,38.3,39.2,39.2,40.4,40.4,40.4,40.4,40.4,38.4,38.4,38.4,40.2,42.8,42.8,42.8,45.0,45.0,45.2,46.3,46.3,46.3,38.300000000000004,38.72857142857142,40.71,N,,,,
SING,,0,STANDARD CAPITAL,2023-11-16,39.4,16,11,2023,0.0,-1.0637465273937963,-1.193375361493596,0.12962883409979975,38.92,40.754866982129336,37.08513301787067,-1.0,1.6642857142857166,1.6642857142857166,38.3,38.3,38.3,38.3,38.3,38.3,38.3,38.3,38.3,38.3,38.3,39.2,39.2,40.4,40.4,40.4,40.4,40.4,38.4,38.4,38.4,40.2,42.8,42.8,42.8,45.0,45.0,45.2,46.3,46.3,38.300000000000004,38.57857142857143,40.443333333333335,N,,,,
SING,,0,STANDARD CAPITAL,2023-11-17,40.7,17,11,2023,0.0,-1.008237131919934,-1.1563477155788635,0.1481105836589296,38.915,40.75636676926421,37.07363323073579,1.0,1.65714285714286,1.65714285714286,38.3,38.3,38.3,38.3,38.3,38.3,38.3,38.3,38.3,38.3,38.3,38.3,39.2,39.2,40.4,40.4,40.4,40.4,40.4,38.4,38.4,38.4,40.2,42.8,42.8,42.8,45.0,45.0,45.2,46.3,38.300000000000004,38.42857142857143,40.17666666666666,N,,,,
SING,,0,STANDARD CAPITAL,2023-11-20,39.5,20,11,2023,54.99999999999988,-0.8655076952162517,-1.0981797115063412,0.2326720162900895,38.864999999999995,40.58702451232721,37.14297548767278,6.0,1.60714285714286,1.60714285714286,38.3,38.3,38.3,38.3,38.3,38.3,38.3,38.3,38.3,38.3,38.3,38.3,38.3,39.2,39.2,40.4,40.4,40.4,40.4,40.4,38.4,38.4,38.4,40.2,42.8,42.8,42.8,45.0,45.0,45.2,38.300000000000004,38.364285714285714,39.91,N,,,,
SING,,0,STANDARD CAPITAL,2023-11-21,39.4,21,11,2023,100.0,-0.7438193024117652,-1.0273076296874262,0.283488327275661,38.815,40.40215236558502,37.22784763441498,-7.0,1.5428571428571456,1.5428571428571456,39.4,38.3,38.3,38.3,38.3,38.3,38.3,38.3,38.3,38.3,38.3,38.3,38.3,38.3,39.2,39.2,40.4,40.4,40.4,40.4,40.4,38.4,38.4,38.4,40.2,42.8,42.8,42.8,45.0,45.0,38.457142857142856,38.37857142857143,39.71666666666667,N,,,,
SING,,0,STANDARD CAPITAL,2023-11-23,37.6,23,11,2023,100.0,-0.6400028202724926,-0.9498466678044395,0.30984384753194694,38.765,40.19737013740495,37.33262986259505,0.0,1.5571428571428594,1.5571428571428594,39.4,39.4,38.3,38.3,38.3,38.3,38.3,38.3,38.3,38.3,38.3,38.3,38.3,38.3,38.3,39.2,39.2,40.4,40.4,40.4,40.4,40.4,38.4,38.4,38.4,40.2,42.8,42.8,42.8,45.0,38.614285714285714,38.457142857142856,39.529999999999994,N,,,,
SING,,0,STANDARD CAPITAL,2023-11-24,37.6,24,11,2023,100.0,-0.5513716411574237,-0.8701516624750364,0.31878002131761274,38.714999999999996,39.96530522589403,37.464694774105965,2.0,1.6285714285714303,1.6285714285714303,39.4,39.4,39.4,38.3,38.3,38.3,38.3,38.3,38.3,38.3,38.3,38.3,38.3,38.3,38.3,38.3,39.2,39.2,40.4,40.4,40.4,40.4,40.4,38.4,38.4,38.4,40.2,42.8,42.8,42.8,38.77142857142858,38.535714285714285,39.34333333333333,N,,,,
SING,,0,STANDARD CAPITAL,2023-11-27,37.1,27,11,2023,32.35294117647065,-0.6591236046295847,-0.8279460509059462,0.16882244627636145,38.55,39.73321595662127,37.36678404337872,0.0,1.6500000000000017,1.6500000000000017,39.4,39.4,39.4,39.4,38.3,38.3,38.3,38.3,38.3,38.3,38.3,38.3,38.3,38.3,38.3,38.3,38.3,39.2,39.2,40.4,40.4,40.4,40.4,40.4,38.4,38.4,38.4,40.2,42.8,42.8,38.92857142857143,38.614285714285714,39.23,N,,,,
SING,,0,STANDARD CAPITAL,2023-11-28,37.1,28,11,2023,32.35294117647065,-0.7360332785222496,-0.8095634964292069,0.07353021790695724,38.445,39.751622806282654,37.138377193717346,-1.0,1.592857142857144,1.592857142857144,37.1,39.4,39.4,39.4,39.4,38.3,38.3,38.3,38.3,38.3,38.3,38.3,38.3,38.3,38.3,38.3,38.3,38.3,39.2,39.2,40.4,40.4,40.4,40.4,40.4,38.4,38.4,38.4,40.2,42.8,38.75714285714286,38.52857142857143,39.04,N,,,,
SING,,0,STANDARD CAPITAL,2023-11-29,38.0,29,11,2023,32.35294117647065,-0.7879023019022924,-0.8052312575238241,0.017328955621531694,38.339999999999996,39.72624824996446,36.95375175003553,0.0,1.3642857142857154,1.3642857142857154,37.1,37.1,39.4,39.4,39.4,39.4,38.3,38.3,38.3,38.3,38.3,38.3,38.3,38.3,38.3,38.3,38.3,38.3,38.3,39.2,39.2,40.4,40.4,40.4,40.4,40.4,38.4,38.4,38.4,40.2,38.58571428571429,38.44285714285714,38.85000000000001,N,,,,
SING,,0,STANDARD CAPITAL,2023-11-30,38.0,30,11,2023,32.35294117647065,-0.819561482021669,-0.8080973024233931,-0.011464179598275948,38.279999999999994,39.773283207179844,36.786716792820144,1.0,1.371428571428572,1.371428571428572,37.1,37.1,37.1,39.4,39.4,39.4,39.4,38.3,38.3,38.3,38.3,38.3,38.3,38.3,38.3,38.3,38.3,38.3,38.3,38.3,39.2,39.2,40.4,40.4,40.4,40.4,40.4,38.4,38.4,38.4,38.41428571428572,38.357142857142854,38.74666666666668,N,,,,
SING,,0,STANDARD CAPITAL,2023-12-01,37.0,1,12,2023,32.35294117647065,-0.8350259509810485,-0.8134830321349242,-0.021542918846124248,38.22,39.80360016218977,36.63639983781023,0.0,1.3142857142857147,1.3142857142857147,37.1,37.1,37.1,37.1,39.4,39.4,39.4,39.4,38.3,38.3,38.3,38.3,38.3,38.3,38.3,38.3,38.3,38.3,38.3,38.3,38.3,39.2,39.2,40.4,40.4,40.4,40.4,40.4,38.4,38.4,38.08571428571429,38.27142857142858,38.70333333333335,N,,,,
SING,,0,STANDARD CAPITAL,2023-12-07,37.2,7,12,2023,32.35294117647065,-0.837626022661695,-0.8183116302402784,-0.019314392421416526,38.16,39.81993024584043,36.50006975415956,-2.0,1.1642857142857146,1.1642857142857146,37.1,37.1,37.1,37.1,37.1,39.4,39.4,39.4,39.4,38.3,38.3,38.3,38.3,38.3,38.3,38.3,38.3,38.3,38.3,38.3,38.3,38.3,39.2,39.2,40.4,40.4,40.4,40.4,40.4,38.4,37.75714285714286,38.18571428571429,38.660000000000004,N,,,,
SING,,0,STANDARD CAPITAL,2023-12-08,37.6,8,12,2023,21.153846153846175,-0.9737072637486719,-0.8493907569419572,-0.12431650680671469,38.01,40.10249284725008,35.91750715274991,11.0,1.2285714285714289,1.2285714285714289,37.1,37.1,37.1,37.1,37.1,37.1,39.4,39.4,39.4,39.4,38.3,38.3,38.3,38.3,38.3,38.3,38.3,38.3,38.3,38.3,38.3,38.3,38.3,39.2,39.2,40.4,40.4,40.4,40.4,40.4,37.42857142857143,38.1,38.616666666666674,N,,,,
SING,,0,STANDARD CAPITAL,2023-12-13,35.0,13,12,2023,21.153846153846175,-1.069227241651589,-0.8933580538838837,-0.17586918776770544,37.86,40.27085265545597,35.44914734454403,-8.0,1.1857142857142857,1.1857142857142857,35.3,37.1,37.1,37.1,37.1,37.1,37.1,39.4,39.4,39.4,39.4,38.3,38.3,38.3,38.3,38.3,38.3,38.3,38.3,38.3,38.3,38.3,38.3,38.3,39.2,39.2,40.4,40.4,40.4,40.4,36.84285714285714,37.885714285714286,38.44666666666668,N,,,,
SING,,0,STANDARD CAPITAL,2023-12-14,39.9,14,12,2023,21.153846153846175,-1.1318799053458761,-0.9410624241762822,-0.19081748116959396,37.709999999999994,40.366392488438954,35.05360751156103,-2.0,1.4357142857142857,1.4357142857142857,35.3,35.3,37.1,37.1,37.1,37.1,37.1,37.1,39.4,39.4,39.4,39.4,38.3,38.3,38.3,38.3,38.3,38.3,38.3,38.3,38.3,38.3,38.3,38.3,38.3,39.2,39.2,40.4,40.4,40.4,36.58571428571428,37.67142857142857,38.27666666666667,N,,,,
SING,,0,STANDARD CAPITAL,2023-12-15,35.3,15,12,2023,21.153846153846175,-1.1680678338203663,-0.986463506105099,-0.18160432771526724,37.559999999999995,40.40800946184176,34.71199053815823,4.0,1.3142857142857143,1.3142857142857143,35.3,35.3,35.3,37.1,37.1,37.1,37.1,37.1,37.1,39.4,39.4,39.4,39.4,38.3,38.3,38.3,38.3,38.3,38.3,38.3,38.3,38.3,38.3,38.3,38.3,38.3,39.2,39.2,40.4,40.4,36.32857142857143,37.45714285714285,38.10666666666667,N,,,,
SING,,0,STANDARD CAPITAL,2023-12-19,34.3,19,12,2023,2.380952380952408,-1.175131677111544,-1.024197140306388,-0.150934536805156,37.415000000000006,40.396539694079536,34.43346030592048,10.0,1.6285714285714283,1.6285714285714283,35.3,35.3,35.3,35.3,37.1,37.1,37.1,37.1,37.1,37.1,39.4,39.4,39.4,39.4,38.3,38.3,38.3,38.3,38.3,38.3,38.3,38.3,38.3,38.3,38.3,38.3,38.3,39.2,39.2,40.4,36.07142857142857,37.24285714285714,37.93666666666666,N,,,,
SING,,0,STANDARD CAPITAL,2023-12-21,35.1,21,12,2023,2.380952380952408,-1.1672742132842728,-1.0528125549019651,-0.11446165838230771,37.269999999999996,40.35073812071466,34.18926187928533,-13.0,1.6499999999999997,1.6499999999999997,35.4,35.3,35.3,35.3,35.3,37.1,37.1,37.1,37.1,37.1,37.1,39.4,39.4,39.4,39.4,38.3,38.3,38.3,38.3,38.3,38.3,38.3,38.3,38.3,38.3,38.3,38.3,38.3,39.2,39.2,35.82857142857142,36.957142857142856,37.769999999999996,N,,,,
SING,,0,STANDARD CAPITAL,2023-12-27,35.4,27,12,2023,2.380952380952408,-1.1478158104192104,-1.0718132060054142,-0.07600260441379625,37.125,40.27385108537991,33.97614891462009,0.0,1.5642857142857143,1.5642857142857143,35.4,35.4,35.3,35.3,35.3,35.3,37.1,37.1,37.1,37.1,37.1,37.1,39.4,39.4,39.4,39.4,38.3,38.3,38.3,38.3,38.3,38.3,38.3,38.3,38.3,38.3,38.3,38.3,38.3,39.2,35.58571428571428,36.67142857142858,37.643333333333324,N,,,,
SING,,0,STANDARD CAPITAL,2023-12-28,35.5,28,12,2023,2.380952380952408,-1.1194901009332554,-1.0813485849909825,-0.038141515942272886,36.98,40.16787175334783,33.79212824665216,0.0,1.4571428571428575,1.4571428571428575,35.4,35.4,35.4,35.3,35.3,35.3,35.3,37.1,37.1,37.1,37.1,37.1,37.1,39.4,39.4,39.4,39.4,38.3,38.3,38.3,38.3,38.3,38.3,38.3,38.3,38.3,38.3,38.3,38.3,38.3,35.34285714285715,36.38571428571429,37.51666666666666,N,,,,
SING,N,0,STANDARD CAPITAL,2024-03-11,37.3,11,3,2024,75.28089887640452,0.19460211016195927,-0.32057347223000476,0.515175582391964,33.205,36.05897230097575,30.351027699024243,14.0,1.5928571428571412,1.5928571428571412,33.7,34.9,34.7,32.6,32.6,32.6,32.6,32.6,32.3,32.3,32.3,32.3,32.4,33.3,33.3,32.1,35.1,32.3,32.3,32.3,35.0,35.0,35.2,35.2,35.1,35.1,35.1,35.1,35.1,35.4,33.385714285714286,32.94285714285714,33.663333333333334,,,,,
SING,N,0,STANDARD CAPITAL,2024-03-12,37.9,12,3,2024,83.95061728395063,0.4862423519664958,-0.1592103073907047,0.6454526593572005,33.485,36.98974865830558,29.98025134169442,-14.0,1.5285714285714274,1.5285714285714274,37.8,33.7,34.9,34.7,32.6,32.6,32.6,32.6,32.6,32.3,32.3,32.3,32.3,32.4,33.3,33.3,32.1,35.1,32.3,32.3,32.3,35.0,35.0,35.2,35.2,35.1,35.1,35.1,35.1,35.1,34.128571428571426,33.26428571428572,33.74333333333333,,,,,
SING,N,0,STANDARD CAPITAL,2024-03-13,38.5,13,3,2024,85.00000000000004,0.709194195523132,0.014470593192062647,0.6947236023310693,33.765,37.73503248031259,29.794967519687415,0.0,1.485714285714285,1.485714285714285,37.9,37.8,33.7,34.9,34.7,32.6,32.6,32.6,32.6,32.6,32.3,32.3,32.3,32.3,32.4,33.3,33.3,32.1,35.1,32.3,32.3,32.3,35.0,35.0,35.2,35.2,35.1,35.1,35.1,35.1,34.885714285714286,33.65714285714286,33.83666666666667,,,,,
SING,N,0,STANDARD CAPITAL,2024-03-14,39.5,14,3,2024,91.78082191780824,1.4022853071926065,0.2920335359921714,1.110251771200435,34.235,40.457294381369394,28.0127056186306,19.0,2.1499999999999995,2.1499999999999995,37.9,37.9,37.8,33.7,34.9,34.7,32.6,32.6,32.6,32.6,32.6,32.3,32.3,32.3,32.3,32.4,33.3,33.3,32.1,35.1,32.3,32.3,32.3,35.0,35.0,35.2,35.2,35.1,35.1,35.1,35.642857142857146,34.057142857142864,33.93000000000001,,,,,
SING,N,0,STANDARD CAPITAL,2024-03-19,36.2,19,3,2024,91.78082191780824,1.9293249495867215,0.6194918187110814,1.3098331308756401,34.855000000000004,42.49188418139232,27.218115818607686,-19.0,2.6499999999999995,2.6499999999999995,44.5,37.9,37.9,37.8,33.7,34.9,34.7,32.6,32.6,32.6,32.6,32.6,32.3,32.3,32.3,32.3,32.4,33.3,33.3,32.1,35.1,32.3,32.3,32.3,35.0,35.0,35.2,35.2,35.1,35.1,37.34285714285715,34.92857142857144,34.24333333333334,,,,,
SING,N,0,STANDARD CAPITAL,2024-03-20,44.4,20,3,2024,91.78082191780824,2.320261137222147,0.9596456824132946,1.3606154548088523,35.415,44.13721000483371,26.692789995166287,-1.0,2.485714285714285,2.485714285714285,44.5,44.5,37.9,37.9,37.8,33.7,34.9,34.7,32.6,32.6,32.6,32.6,32.6,32.3,32.3,32.3,32.3,32.4,33.3,33.3,32.1,35.1,32.3,32.3,32.3,35.0,35.0,35.2,35.2,35.1,38.74285714285714,35.800000000000004,34.556666666666665,,,,,
SING,N,0,STANDARD CAPITAL,2024-03-26,36.9,26,3,2024,91.60839160839163,2.6001084507573395,1.2877382360821037,1.3123702146752358,35.975,45.52440064253141,26.42559935746859,-1.0,3.0071428571428562,3.0071428571428562,44.5,44.5,44.5,37.9,37.9,37.8,33.7,34.9,34.7,32.6,32.6,32.6,32.6,32.6,32.3,32.3,32.3,32.3,32.4,33.3,33.3,32.1,35.1,32.3,32.3,32.3,35.0,35.0,35.2,35.2,40.114285714285714,36.67142857142858,34.87,,,,,
SING,N,0,STANDARD CAPITAL,2024-03-27,37.0,27,3,2024,91.60839160839163,2.7897311784472194,1.5881368245551268,1.2015943538920926,36.58,46.69233743607545,26.467662563924545,5.0,3.4357142857142846,3.4357142857142846,44.5,44.5,44.5,44.5,37.9,37.9,37.8,33.7,34.9,34.7,32.6,32.6,32.6,32.6,32.6,32.3,32.3,32.3,32.3,32.4,33.3,33.3,32.1,35.1,32.3,32.3,32.3,35.0,35.0,35.2,41.65714285714286,37.52142857142858,35.17999999999999,,,,,
SING,N,0,STANDARD CAPITAL,2024-03-28,37.0,28,3,2024,60.091743119266056,2.308213586996878,1.7321521770434771,0.5760614099534009,36.815,46.724968399758446,26.90503160024155,-5.0,3.964285714285713,3.964285714285713,44.5,44.5,44.5,44.5,44.5,37.9,37.9,37.8,33.7,34.9,34.7,32.6,32.6,32.6,32.6,32.6,32.3,32.3,32.3,32.3,32.4,33.3,33.3,32.1,35.1,32.3,32.3,32.3,35.0,35.0,42.61428571428571,38.371428571428574,35.489999999999995,,,,,
